{
  "config_type": "uniform",
  "algorithm": "PPO",
  "layer_capacities": [
    5,
    5,
    5,
    5,
    5
  ],
  "total_capacity": 25,
  "arrival_weights": [
    0.3,
    0.25,
    0.2,
    0.15,
    0.1
  ],
  "base_arrival_rate": 30.0,
  "high_load_multiplier": 10.0,
  "mean_reward": 6395.0633919821175,
  "std_reward": 3583.7526787624756,
  "best_reward": 10443.23513536656,
  "worst_reward": -44.56564154268279,
  "crash_rate": 0.6,
  "completion_rate": 0.4,
  "terminated_count": 30,
  "truncated_count": 20,
  "mean_episode_length": 130.34,
  "mean_waiting_time": 0.0,
  "mean_utilization": 0.2800373725807999,
  "training_time_minutes": 5.696011181672414,
  "eval_rewards": [
    7780.561317823192,
    6782.93363764785,
    1999.3063824490155,
    9938.716296732004,
    10218.045201968262,
    9716.136782455858,
    9985.291242453513,
    3942.780588353884,
    8653.073923297097,
    9732.59146447157,
    4655.384748462763,
    3767.501027703169,
    9394.512353930852,
    6676.429018462606,
    9874.470124979005,
    7867.71193514943,
    9736.677916276358,
    2902.4520930508734,
    6577.489144867878,
    10273.47822490721,
    3619.599699751079,
    1327.010829405761,
    9355.478449411703,
    10054.208224017435,
    8.207859076166628,
    10347.096194207474,
    10061.082858912745,
    5205.015738650203,
    324.15210855673325,
    10257.67886006985,
    9947.060218582854,
    10053.757835780203,
    5492.245187322016,
    3701.3663688839497,
    3639.052091545067,
    4814.419846592551,
    -44.56564154268279,
    759.0946226467134,
    812.6333610266445,
    4888.019760280274,
    3232.0041643872414,
    9695.04579365272,
    10252.785215695565,
    9932.358654798927,
    10443.23513536656,
    6041.4432548461455,
    421.2575260660403,
    9788.127513297422,
    3597.6639482744545,
    1251.090494101709
  ],
  "eval_lengths": [
    160,
    149,
    47,
    200,
    200,
    200,
    200,
    85,
    173,
    200,
    97,
    81,
    200,
    145,
    200,
    165,
    200,
    54,
    135,
    200,
    70,
    28,
    191,
    200,
    2,
    200,
    200,
    111,
    12,
    200,
    200,
    200,
    109,
    78,
    77,
    97,
    2,
    19,
    16,
    100,
    74,
    200,
    200,
    200,
    200,
    126,
    14,
    200,
    75,
    25
  ],
  "timestamp": "2026-01-02T18:44:05.002545"
}