{
  "config_type": "uniform",
  "algorithm": "TD7",
  "layer_capacities": [
    5,
    5,
    5,
    5,
    5
  ],
  "total_capacity": 25,
  "arrival_weights": [
    0.3,
    0.25,
    0.2,
    0.15,
    0.1
  ],
  "base_arrival_rate": 30.0,
  "high_load_multiplier": 10.0,
  "mean_reward": 507561.1541864782,
  "std_reward": 2100.9991958253963,
  "best_reward": 512098.1691826794,
  "worst_reward": 503557.93334124784,
  "crash_rate": 0.0,
  "completion_rate": 1.0,
  "terminated_count": 0,
  "truncated_count": 50,
  "mean_episode_length": 10000.0,
  "mean_waiting_time": 0.0,
  "mean_utilization": 0.30632328000000003,
  "training_time_minutes": 38.64120477835338,
  "eval_rewards": [
    509902.4182319037,
    509824.550787594,
    505950.74990987085,
    505963.3132021836,
    509527.89779043564,
    510660.98062462575,
    507173.5044404404,
    507493.2392643176,
    508533.5087739764,
    507504.1149649298,
    506329.99306116666,
    508299.74913352466,
    505170.8365076515,
    504531.41268221824,
    508398.7873028773,
    506177.08076861006,
    504474.7505594863,
    507082.47310359025,
    509535.0857542107,
    506675.69668277964,
    505847.91759061575,
    507306.77215583745,
    508313.6783540331,
    507637.621375687,
    504135.35671935906,
    509461.78485725325,
    512098.1691826794,
    509951.7912867416,
    506016.8908499574,
    507645.8868300637,
    505940.7197940236,
    511918.7488890879,
    506046.2969785791,
    507943.89075294323,
    509717.2637378395,
    504501.16417090065,
    503557.93334124784,
    509026.6946999176,
    504141.85262217093,
    508205.5696726345,
    508255.6334253397,
    509043.49169580324,
    510768.901903192,
    505154.8350965444,
    508190.61778666783,
    509008.4985723374,
    504241.6989047777,
    506398.5455026485,
    508313.48058622004,
    510055.85844241246
  ],
  "eval_lengths": [
    10000,
    10000,
    10000,
    10000,
    10000,
    10000,
    10000,
    10000,
    10000,
    10000,
    10000,
    10000,
    10000,
    10000,
    10000,
    10000,
    10000,
    10000,
    10000,
    10000,
    10000,
    10000,
    10000,
    10000,
    10000,
    10000,
    10000,
    10000,
    10000,
    10000,
    10000,
    10000,
    10000,
    10000,
    10000,
    10000,
    10000,
    10000,
    10000,
    10000,
    10000,
    10000,
    10000,
    10000,
    10000,
    10000,
    10000,
    10000,
    10000,
    10000
  ],
  "timestamp": "2026-01-03T15:25:19.287602"
}