{
  "config_type": "reverse_pyramid",
  "algorithm": "A2C",
  "layer_capacities": [
    2,
    3,
    4,
    6,
    8
  ],
  "total_capacity": 23,
  "arrival_weights": [
    0.3,
    0.25,
    0.2,
    0.15,
    0.1
  ],
  "base_arrival_rate": 27.6,
  "high_load_multiplier": 10.0,
  "mean_reward": 5326.445947657571,
  "std_reward": 4539.219179306521,
  "best_reward": 9031.20468767745,
  "worst_reward": -6732.34339863344,
  "crash_rate": 0.4,
  "completion_rate": 0.6,
  "terminated_count": 20,
  "truncated_count": 30,
  "mean_episode_length": 148.2,
  "mean_waiting_time": 0.0,
  "mean_utilization": 0.1938377434024602,
  "training_time_minutes": 3.300588564078013,
  "eval_rewards": [
    8514.21283831164,
    8152.798403071745,
    9031.20468767745,
    -6732.34339863344,
    4795.373103607487,
    8677.955215845921,
    4083.777757205718,
    8737.987666541665,
    113.97039696248868,
    -4332.464850108012,
    8450.248020465426,
    8630.728044750493,
    8778.179619566341,
    7802.043969125854,
    8912.58778333611,
    1255.4452200744067,
    8472.407533699054,
    1546.3768602990979,
    8893.425980269685,
    8857.798363568047,
    121.18958541470325,
    8816.26612680272,
    -679.5887651787511,
    8390.128202217395,
    -3422.1126382699085,
    380.0842047530395,
    8964.976280111097,
    8727.354858370583,
    8227.64406703805,
    8374.173768684084,
    8595.65861472262,
    -2195.271328513767,
    1185.891856150029,
    -66.0911735421405,
    8499.371481916094,
    8191.009858444144,
    8331.752529660105,
    -1102.2901011695992,
    8414.272900847005,
    8607.17327088684,
    8503.399993929774,
    1896.789753107516,
    5122.132863259323,
    8739.310996232567,
    -2503.9732927476143,
    8970.45086639468,
    8723.118964419591,
    8398.70025497037,
    8591.942613715313,
    877.1175546154906
  ],
  "eval_lengths": [
    200,
    200,
    200,
    46,
    124,
    200,
    180,
    200,
    10,
    33,
    200,
    200,
    200,
    199,
    200,
    40,
    200,
    74,
    200,
    200,
    9,
    200,
    67,
    200,
    3,
    15,
    200,
    200,
    200,
    200,
    200,
    26,
    90,
    173,
    200,
    200,
    200,
    2,
    200,
    200,
    200,
    58,
    192,
    200,
    44,
    200,
    200,
    200,
    200,
    25
  ],
  "timestamp": "2026-01-02T18:46:06.795356"
}