{
  "config_type": "reverse_pyramid",
  "algorithm": "PPO",
  "layer_capacities": [
    2,
    3,
    4,
    6,
    8
  ],
  "total_capacity": 23,
  "arrival_weights": [
    0.3,
    0.25,
    0.2,
    0.15,
    0.1
  ],
  "base_arrival_rate": 27.6,
  "high_load_multiplier": 10.0,
  "mean_reward": 2573.842597947448,
  "std_reward": 2841.7242248910366,
  "best_reward": 8258.763070134497,
  "worst_reward": -2360.7947559738377,
  "crash_rate": 0.9,
  "completion_rate": 0.1,
  "terminated_count": 45,
  "truncated_count": 5,
  "mean_episode_length": 77.32,
  "mean_waiting_time": 0.0,
  "mean_utilization": 0.170444783483811,
  "training_time_minutes": 5.110318887233734,
  "eval_rewards": [
    1433.323342309881,
    -1112.5153939950876,
    7859.429204361514,
    34.348712146996874,
    -2226.7616196331637,
    620.1386288745434,
    6964.886008039555,
    3620.5030922586293,
    5409.305554012213,
    6800.842709397658,
    -562.1079404932982,
    1367.7240209548497,
    8258.763070134497,
    8001.899875533605,
    1336.5025344629173,
    39.12979665896001,
    1442.5312510249776,
    1655.3373526100781,
    2551.323953040541,
    402.93702034093394,
    -2360.7947559738377,
    321.88504426738655,
    861.1411472152085,
    3557.5443671702046,
    4929.16717434394,
    719.8884800682064,
    3356.768447238178,
    5621.960563387211,
    3463.810944468464,
    217.48102356872602,
    3467.0820956234907,
    -1846.2539812693983,
    887.3241907899247,
    78.54673970320559,
    2948.687993852899,
    2648.923658342988,
    7974.034283056137,
    893.2067746756052,
    1423.341784370421,
    4305.36748497686,
    7197.061753087729,
    2882.8459129878247,
    4330.095253218494,
    2455.9231904581206,
    860.7618273698752,
    139.7153453603483,
    2775.8125266532397,
    1167.3633406896074,
    8227.737232868876,
    1288.1588827616777
  ],
  "eval_lengths": [
    37,
    39,
    200,
    2,
    11,
    74,
    169,
    89,
    135,
    176,
    50,
    34,
    200,
    200,
    35,
    3,
    36,
    38,
    59,
    75,
    5,
    69,
    21,
    91,
    189,
    21,
    83,
    149,
    84,
    7,
    88,
    18,
    25,
    3,
    70,
    68,
    200,
    88,
    40,
    106,
    180,
    78,
    97,
    65,
    21,
    7,
    68,
    28,
    200,
    35
  ],
  "timestamp": "2026-01-02T18:55:05.279253"
}