{
  "config_type": "low_capacity",
  "algorithm": "A2C",
  "layer_capacities": [
    2,
    2,
    2,
    2,
    2
  ],
  "total_capacity": 10,
  "arrival_weights": [
    0.3,
    0.25,
    0.2,
    0.15,
    0.1
  ],
  "base_arrival_rate": 12.0,
  "high_load_multiplier": 10.0,
  "mean_reward": 11146.434806013298,
  "std_reward": 240.1813700815174,
  "best_reward": 11711.020890051828,
  "worst_reward": 10491.403739829633,
  "crash_rate": 0.0,
  "completion_rate": 1.0,
  "terminated_count": 0,
  "truncated_count": 50,
  "mean_episode_length": 200.0,
  "mean_waiting_time": 0.0,
  "mean_utilization": 0.03262,
  "training_time_minutes": 3.307324238618215,
  "eval_rewards": [
    10498.11126334911,
    11311.603068837656,
    11086.228393388721,
    10965.081088435823,
    11059.077232947859,
    10854.67086649547,
    10910.297638769423,
    11711.020890051828,
    10767.504000538533,
    11163.042423391662,
    11208.966624566296,
    11008.57921143728,
    11336.43844810168,
    10872.475049263334,
    11237.910067149378,
    11336.613680583041,
    11141.839257264453,
    11028.675031544311,
    11167.19547655615,
    11412.894118681766,
    11161.079494619698,
    10841.025898180455,
    11090.35095783429,
    11300.38299624303,
    11301.217571538482,
    11485.009654342399,
    11350.323972830316,
    11077.326353985321,
    11073.969070105633,
    11511.923449591772,
    11035.130067891732,
    11208.430503154123,
    11331.555996253546,
    10905.584101455142,
    11518.170068826877,
    11305.366232241273,
    11109.661059267935,
    11224.016181911116,
    10491.403739829633,
    10930.926738545128,
    11221.758361694205,
    11367.409847680556,
    11257.80086993418,
    11199.360921981994,
    10910.206895070769,
    11406.554874760463,
    10908.22126597244,
    11419.844989022144,
    11122.060288436833,
    11177.444046109566
  ],
  "eval_lengths": [
    200,
    200,
    200,
    200,
    200,
    200,
    200,
    200,
    200,
    200,
    200,
    200,
    200,
    200,
    200,
    200,
    200,
    200,
    200,
    200,
    200,
    200,
    200,
    200,
    200,
    200,
    200,
    200,
    200,
    200,
    200,
    200,
    200,
    200,
    200,
    200,
    200,
    200,
    200,
    200,
    200,
    200,
    200,
    200,
    200,
    200,
    200,
    200,
    200,
    200
  ],
  "timestamp": "2026-01-02T18:49:39.165120"
}