{
  "config_type": "low_capacity",
  "algorithm": "TD7",
  "layer_capacities": [
    2,
    2,
    2,
    2,
    2
  ],
  "total_capacity": 10,
  "arrival_weights": [
    0.3,
    0.25,
    0.2,
    0.15,
    0.1
  ],
  "base_arrival_rate": 12.0,
  "high_load_multiplier": 10.0,
  "mean_reward": 558413.7019406264,
  "std_reward": 1479.087757067935,
  "best_reward": 562478.5362782277,
  "worst_reward": 555282.1994165721,
  "crash_rate": 0.0,
  "completion_rate": 1.0,
  "terminated_count": 0,
  "truncated_count": 50,
  "mean_episode_length": 10000.0,
  "mean_waiting_time": 0.0,
  "mean_utilization": 0.0327374,
  "training_time_minutes": 41.506440142790474,
  "eval_rewards": [
    558185.1875502733,
    556264.8355070082,
    557158.2681529152,
    560142.1793706453,
    557720.2586173095,
    558005.5180553442,
    557242.3957932161,
    560500.2610143293,
    559386.9556513343,
    559453.8492527605,
    560599.0774228058,
    556498.1266608981,
    556616.9726110093,
    558391.649646954,
    557015.8137536456,
    557271.4456743657,
    557038.9244216761,
    557914.8913786446,
    559149.3279517215,
    558853.5443583358,
    558199.7450748555,
    557891.4532183107,
    556600.1964578803,
    558114.5799666806,
    559565.6035957363,
    559291.4039687639,
    559666.4564724162,
    559771.0087888893,
    557373.7628563251,
    559077.8174357908,
    562478.5362782277,
    560359.3976481037,
    559466.6710760713,
    559653.844475681,
    555282.1994165721,
    557660.942043221,
    556418.8563803645,
    559492.2096278532,
    558642.071943618,
    560506.1830558719,
    559091.0895688775,
    558112.288281659,
    556612.6121352508,
    559087.0186054714,
    557413.6279431488,
    558393.3679915754,
    558340.2238157364,
    561392.5678093594,
    556527.3072382824,
    556792.5710155356
  ],
  "eval_lengths": [
    10000,
    10000,
    10000,
    10000,
    10000,
    10000,
    10000,
    10000,
    10000,
    10000,
    10000,
    10000,
    10000,
    10000,
    10000,
    10000,
    10000,
    10000,
    10000,
    10000,
    10000,
    10000,
    10000,
    10000,
    10000,
    10000,
    10000,
    10000,
    10000,
    10000,
    10000,
    10000,
    10000,
    10000,
    10000,
    10000,
    10000,
    10000,
    10000,
    10000,
    10000,
    10000,
    10000,
    10000,
    10000,
    10000,
    10000,
    10000,
    10000,
    10000
  ],
  "timestamp": "2026-01-03T17:42:31.950761"
}