{
  "config_type": "normal_pyramid",
  "algorithm": "A2C",
  "seed": 47,
  "layer_capacities": [
    2,
    3,
    4,
    6,
    8
  ],
  "total_capacity": 23,
  "arrival_weights": [
    0.3,
    0.25,
    0.2,
    0.15,
    0.1
  ],
  "base_arrival_rate": 13.8,
  "high_load_multiplier": 5.0,
  "mean_reward": 665088.7703273604,
  "std_reward": 2018.178538908753,
  "best_reward": 669980.68320462,
  "worst_reward": 658295.8169007564,
  "crash_rate": 0.0,
  "completion_rate": 1.0,
  "terminated_count": 0,
  "truncated_count": 50,
  "mean_episode_length": 10000.0,
  "mean_waiting_time": 0.0,
  "mean_utilization": 0.046894066666666664,
  "training_time_minutes": 4.933193043867747,
  "eval_rewards": [
    658295.8169007564,
    664413.9001256988,
    663528.6860231648,
    663256.4708758442,
    666350.8214913455,
    666663.0308340447,
    666440.6523498055,
    665855.0882569659,
    667466.61680898,
    664191.9490373372,
    663625.4863247242,
    666080.7958445459,
    665977.2870389728,
    662159.476970205,
    660295.4399160385,
    664545.1242064761,
    666505.5965172529,
    665532.849266837,
    665128.2202778091,
    664122.6832436661,
    664752.4635100694,
    667461.7008007067,
    664932.3558518126,
    665361.7858045199,
    664948.832959921,
    664897.6567986218,
    665918.6528524655,
    665774.4263462905,
    664798.0639712856,
    665934.7027739142,
    662583.4650907356,
    665051.9834089419,
    666609.960593989,
    664745.0022641133,
    668863.7274953035,
    664652.0255788923,
    663532.7087336018,
    666581.8953710094,
    665943.6145736787,
    661163.2801892833,
    663779.5864449949,
    666718.8135031274,
    665624.4109836731,
    666480.0486457123,
    664471.1835547332,
    663555.3441654487,
    665118.91844668,
    669980.68320462,
    664893.0785183928,
    668872.1516210056
  ],
  "eval_lengths": [
    10000,
    10000,
    10000,
    10000,
    10000,
    10000,
    10000,
    10000,
    10000,
    10000,
    10000,
    10000,
    10000,
    10000,
    10000,
    10000,
    10000,
    10000,
    10000,
    10000,
    10000,
    10000,
    10000,
    10000,
    10000,
    10000,
    10000,
    10000,
    10000,
    10000,
    10000,
    10000,
    10000,
    10000,
    10000,
    10000,
    10000,
    10000,
    10000,
    10000,
    10000,
    10000,
    10000,
    10000,
    10000,
    10000,
    10000,
    10000,
    10000,
    10000
  ],
  "timestamp": "2026-01-15T09:42:22.903831",
  "mean_lyapunov": 1.815944,
  "mean_lyapunov_drift": 0.000164,
  "mean_drift_l1": 0.055906782608695665,
  "mean_safe_ratio": 0.0,
  "mean_max_load_rate": 0.862500011920929
}