{
  "config_type": "normal_pyramid",
  "algorithm": "A2C",
  "seed": 64,
  "layer_capacities": [
    2,
    3,
    4,
    6,
    8
  ],
  "total_capacity": 23,
  "arrival_weights": [
    0.3,
    0.25,
    0.2,
    0.15,
    0.1
  ],
  "base_arrival_rate": 13.8,
  "high_load_multiplier": 5.0,
  "mean_reward": 661894.9763626029,
  "std_reward": 1862.2971539822802,
  "best_reward": 664941.7575961667,
  "worst_reward": 656930.7055658867,
  "crash_rate": 0.0,
  "completion_rate": 1.0,
  "terminated_count": 0,
  "truncated_count": 50,
  "mean_episode_length": 10000.0,
  "mean_waiting_time": 0.0,
  "mean_utilization": 0.04728205,
  "training_time_minutes": 4.835343551635742,
  "eval_rewards": [
    661847.1672476701,
    659755.423710388,
    662931.5794309065,
    656930.7055658867,
    663660.23297672,
    658251.8714262348,
    661920.5663802935,
    661815.3196066429,
    661795.3594629088,
    662392.4762752792,
    664519.5261798659,
    661679.0444282617,
    662464.6700591347,
    662823.3625293252,
    661917.5995526841,
    660070.2851787371,
    663576.256929726,
    661046.5302749162,
    662709.9599672329,
    661429.8981965687,
    661481.1444443093,
    664941.7575961667,
    661808.6337904534,
    658173.4657547001,
    662180.5590352482,
    661332.1263023752,
    662983.5826844925,
    661976.2590257347,
    661846.3537215373,
    661335.6056428865,
    663662.9686147314,
    658417.7855438367,
    661903.0990563337,
    663618.7309518758,
    661278.4680348461,
    659964.9441907819,
    664634.0478803422,
    659223.3043392127,
    663847.9044135576,
    660053.2098384873,
    664008.93227375,
    662626.0571584362,
    663352.4577383767,
    659952.606216216,
    664096.4452608721,
    659016.0021305084,
    664932.7470386021,
    664650.3316905691,
    662379.4502752642,
    661532.002106259
  ],
  "eval_lengths": [
    10000,
    10000,
    10000,
    10000,
    10000,
    10000,
    10000,
    10000,
    10000,
    10000,
    10000,
    10000,
    10000,
    10000,
    10000,
    10000,
    10000,
    10000,
    10000,
    10000,
    10000,
    10000,
    10000,
    10000,
    10000,
    10000,
    10000,
    10000,
    10000,
    10000,
    10000,
    10000,
    10000,
    10000,
    10000,
    10000,
    10000,
    10000,
    10000,
    10000,
    10000,
    10000,
    10000,
    10000,
    10000,
    10000,
    10000,
    10000,
    10000,
    10000
  ],
  "timestamp": "2026-01-15T15:32:51.806899",
  "mean_lyapunov": 1.833536,
  "mean_lyapunov_drift": 0.00021,
  "mean_drift_l1": 0.05654739130434782,
  "mean_safe_ratio": 0.0,
  "mean_max_load_rate": 0.862500011920929
}