{
  "config_type": "normal_pyramid",
  "algorithm": "A2C",
  "seed": 51,
  "layer_capacities": [
    2,
    3,
    4,
    6,
    8
  ],
  "total_capacity": 23,
  "arrival_weights": [
    0.3,
    0.25,
    0.2,
    0.15,
    0.1
  ],
  "base_arrival_rate": 13.8,
  "high_load_multiplier": 5.0,
  "mean_reward": 661024.0045392889,
  "std_reward": 2213.1671094200233,
  "best_reward": 667032.1398118605,
  "worst_reward": 655800.4422113537,
  "crash_rate": 0.0,
  "completion_rate": 1.0,
  "terminated_count": 0,
  "truncated_count": 50,
  "mean_episode_length": 10000.0,
  "mean_waiting_time": 0.0,
  "mean_utilization": 0.04845026666666667,
  "training_time_minutes": 4.966393315792084,
  "eval_rewards": [
    659949.313782445,
    664607.607289599,
    662147.8496597878,
    662448.4170350964,
    655800.4422113537,
    660663.4376468364,
    660930.8472055142,
    665304.6437593589,
    659108.6334308444,
    659645.3493251005,
    662454.482685848,
    658221.4918924206,
    660160.8214491738,
    663419.3872649382,
    658506.4392189181,
    662349.9441704756,
    660975.8151198243,
    661512.4689411671,
    656135.1839978093,
    659598.7483103828,
    659763.4483307118,
    663800.3547946766,
    667032.1398118605,
    660623.7105631841,
    661217.4274065103,
    661921.4574707507,
    658983.1663881753,
    660799.2785953586,
    661596.9714062057,
    659972.7219171692,
    659221.1760742347,
    664583.2535807162,
    661017.8273560842,
    659473.3839964352,
    660205.4936153344,
    663105.3264741342,
    658295.257450199,
    660427.444614605,
    661819.9651231543,
    659876.3212507267,
    658174.8331243586,
    664776.9954891445,
    659319.5043752034,
    659112.2532890108,
    662248.8498826984,
    660423.2452545542,
    663761.1843564645,
    661840.7500013666,
    662142.1473748194,
    661723.0131997
  ],
  "eval_lengths": [
    10000,
    10000,
    10000,
    10000,
    10000,
    10000,
    10000,
    10000,
    10000,
    10000,
    10000,
    10000,
    10000,
    10000,
    10000,
    10000,
    10000,
    10000,
    10000,
    10000,
    10000,
    10000,
    10000,
    10000,
    10000,
    10000,
    10000,
    10000,
    10000,
    10000,
    10000,
    10000,
    10000,
    10000,
    10000,
    10000,
    10000,
    10000,
    10000,
    10000,
    10000,
    10000,
    10000,
    10000,
    10000,
    10000,
    10000,
    10000,
    10000,
    10000
  ],
  "timestamp": "2026-01-15T11:04:54.924495",
  "mean_lyapunov": 1.807756,
  "mean_lyapunov_drift": 0.000262,
  "mean_drift_l1": 0.05660391304347825,
  "mean_safe_ratio": 0.0,
  "mean_max_load_rate": 0.862500011920929
}