{
  "config_type": "normal_pyramid",
  "algorithm": "A2C",
  "seed": 66,
  "layer_capacities": [
    2,
    3,
    4,
    6,
    8
  ],
  "total_capacity": 23,
  "arrival_weights": [
    0.3,
    0.25,
    0.2,
    0.15,
    0.1
  ],
  "base_arrival_rate": 13.8,
  "high_load_multiplier": 5.0,
  "mean_reward": 659333.2332963812,
  "std_reward": 2049.2530431837527,
  "best_reward": 664464.3177925135,
  "worst_reward": 654051.6837329221,
  "crash_rate": 0.0,
  "completion_rate": 1.0,
  "terminated_count": 0,
  "truncated_count": 50,
  "mean_episode_length": 10000.0,
  "mean_waiting_time": 0.0,
  "mean_utilization": 0.04862173333333333,
  "training_time_minutes": 4.845769210656484,
  "eval_rewards": [
    659699.164885576,
    661095.1476000155,
    659630.6427761517,
    654051.6837329221,
    664464.3177925135,
    658632.3131234298,
    658793.6203781773,
    660256.4593203221,
    656968.3463039353,
    663619.55973975,
    657743.847342395,
    659506.6245486606,
    659819.9979897368,
    657750.6326456218,
    660003.0264558997,
    656851.0592349505,
    660750.1715392884,
    659472.0500540887,
    660683.9760309301,
    659759.7867828433,
    656100.6492840537,
    661960.395094054,
    660748.816544788,
    658761.3203139602,
    658460.4655885549,
    659881.155577415,
    660818.0290020744,
    658304.5686180679,
    656500.4303544153,
    662492.5003143735,
    659819.7930281018,
    661582.0217905933,
    656103.9270737729,
    659217.1728261176,
    659660.4204022589,
    657122.9760816371,
    658370.6927647947,
    661157.8609645753,
    659387.6310227147,
    658124.7276923226,
    658920.5095180335,
    657568.0321144524,
    662150.0945926161,
    662352.237685516,
    659939.577009656,
    660368.4559005541,
    659243.621420458,
    658509.0528063917,
    654935.4634348971,
    658546.6377206343
  ],
  "eval_lengths": [
    10000,
    10000,
    10000,
    10000,
    10000,
    10000,
    10000,
    10000,
    10000,
    10000,
    10000,
    10000,
    10000,
    10000,
    10000,
    10000,
    10000,
    10000,
    10000,
    10000,
    10000,
    10000,
    10000,
    10000,
    10000,
    10000,
    10000,
    10000,
    10000,
    10000,
    10000,
    10000,
    10000,
    10000,
    10000,
    10000,
    10000,
    10000,
    10000,
    10000,
    10000,
    10000,
    10000,
    10000,
    10000,
    10000,
    10000,
    10000,
    10000,
    10000
  ],
  "timestamp": "2026-01-15T16:13:33.022971",
  "mean_lyapunov": 1.832682,
  "mean_lyapunov_drift": 0.000164,
  "mean_drift_l1": 0.05716869565217392,
  "mean_safe_ratio": 0.0,
  "mean_max_load_rate": 0.862500011920929
}