{
  "config_type": "normal_pyramid",
  "algorithm": "A2C",
  "seed": 55,
  "layer_capacities": [
    2,
    3,
    4,
    6,
    8
  ],
  "total_capacity": 23,
  "arrival_weights": [
    0.3,
    0.25,
    0.2,
    0.15,
    0.1
  ],
  "base_arrival_rate": 13.8,
  "high_load_multiplier": 5.0,
  "mean_reward": 659559.1400289446,
  "std_reward": 2014.8480950607557,
  "best_reward": 665845.6835009006,
  "worst_reward": 656187.6878415237,
  "crash_rate": 0.0,
  "completion_rate": 1.0,
  "terminated_count": 0,
  "truncated_count": 50,
  "mean_episode_length": 10000.0,
  "mean_waiting_time": 0.0,
  "mean_utilization": 0.04861761666666666,
  "training_time_minutes": 4.780755150318146,
  "eval_rewards": [
    662774.8603329448,
    657995.4730238164,
    665845.6835009006,
    660602.7812891047,
    659597.3497767668,
    659258.5510099083,
    659274.0782808269,
    660789.1794497927,
    661019.0131386272,
    658165.3068299592,
    657799.9827305146,
    656187.6878415237,
    659934.5551695098,
    662178.9566185089,
    659037.51598002,
    660470.0315630329,
    657812.8118942829,
    658273.7147367644,
    657524.264253879,
    662457.5571939623,
    661013.151033782,
    656316.7196323314,
    660108.1419714602,
    659752.3967730831,
    656262.855666974,
    656621.8037384058,
    663368.6203676905,
    658648.8506915489,
    658063.6688953674,
    659096.8472405168,
    662490.1603328031,
    656875.2513916816,
    657570.68111563,
    660247.1249046405,
    659153.4608263628,
    661029.7273379882,
    659886.0885093121,
    661658.0814259592,
    659568.0147721027,
    657843.5004619207,
    662709.7751781491,
    658504.7333918003,
    659656.8364727153,
    660407.3818933725,
    657786.0116034865,
    657107.8242534373,
    659749.7492331835,
    660102.6622489551,
    660791.8779321782,
    658565.6475357399
  ],
  "eval_lengths": [
    10000,
    10000,
    10000,
    10000,
    10000,
    10000,
    10000,
    10000,
    10000,
    10000,
    10000,
    10000,
    10000,
    10000,
    10000,
    10000,
    10000,
    10000,
    10000,
    10000,
    10000,
    10000,
    10000,
    10000,
    10000,
    10000,
    10000,
    10000,
    10000,
    10000,
    10000,
    10000,
    10000,
    10000,
    10000,
    10000,
    10000,
    10000,
    10000,
    10000,
    10000,
    10000,
    10000,
    10000,
    10000,
    10000,
    10000,
    10000,
    10000,
    10000
  ],
  "timestamp": "2026-01-15T12:27:03.189420",
  "mean_lyapunov": 1.831296,
  "mean_lyapunov_drift": 0.000226,
  "mean_drift_l1": 0.05712286956521739,
  "mean_safe_ratio": 0.0,
  "mean_max_load_rate": 0.862500011920929
}