{
  "config_type": "normal_pyramid",
  "algorithm": "A2C",
  "seed": 70,
  "layer_capacities": [
    2,
    3,
    4,
    6,
    8
  ],
  "total_capacity": 23,
  "arrival_weights": [
    0.3,
    0.25,
    0.2,
    0.15,
    0.1
  ],
  "base_arrival_rate": 13.8,
  "high_load_multiplier": 5.0,
  "mean_reward": 660849.3274171567,
  "std_reward": 2026.7173863663224,
  "best_reward": 665579.8275679311,
  "worst_reward": 655542.3217649338,
  "crash_rate": 0.0,
  "completion_rate": 1.0,
  "terminated_count": 0,
  "truncated_count": 50,
  "mean_episode_length": 10000.0,
  "mean_waiting_time": 0.0,
  "mean_utilization": 0.04848493333333333,
  "training_time_minutes": 4.911555047829946,
  "eval_rewards": [
    662707.2898827633,
    658045.0843680997,
    661248.1820610417,
    662490.6667848312,
    661531.4952246889,
    661331.1999793047,
    660420.0643950648,
    659964.9051536119,
    661446.0000050518,
    659409.2697011962,
    660702.4154902713,
    657481.1977078178,
    665579.8275679311,
    664190.4257140082,
    658165.516144343,
    659877.4380838573,
    659734.3511998218,
    663377.5148138527,
    661057.7588330281,
    655542.3217649338,
    660916.3915938417,
    661157.1483243958,
    663360.7981838164,
    659508.9289332718,
    661135.169134653,
    657916.8180349033,
    663756.6104796159,
    659817.9068088364,
    664238.8002104613,
    657938.5406962942,
    661699.9080838328,
    659617.808510637,
    662907.2803195224,
    659618.4138526202,
    658533.3298619543,
    662290.3845971683,
    661009.1564541258,
    662123.6233285295,
    659873.2223658889,
    656709.3119184251,
    661744.9773370712,
    659889.0720325788,
    661695.2043551129,
    663376.2150504217,
    661812.590537461,
    660257.7251214841,
    660692.33270407,
    659725.8754404505,
    662845.2528717398,
    661994.6488391253
  ],
  "eval_lengths": [
    10000,
    10000,
    10000,
    10000,
    10000,
    10000,
    10000,
    10000,
    10000,
    10000,
    10000,
    10000,
    10000,
    10000,
    10000,
    10000,
    10000,
    10000,
    10000,
    10000,
    10000,
    10000,
    10000,
    10000,
    10000,
    10000,
    10000,
    10000,
    10000,
    10000,
    10000,
    10000,
    10000,
    10000,
    10000,
    10000,
    10000,
    10000,
    10000,
    10000,
    10000,
    10000,
    10000,
    10000,
    10000,
    10000,
    10000,
    10000,
    10000,
    10000
  ],
  "timestamp": "2026-01-15T17:36:29.077265",
  "mean_lyapunov": 1.80366,
  "mean_lyapunov_drift": 0.000168,
  "mean_drift_l1": 0.05653234782608694,
  "mean_safe_ratio": 0.0,
  "mean_max_load_rate": 0.862500011920929
}