{
  "config_type": "normal_pyramid",
  "algorithm": "A2C",
  "seed": 67,
  "layer_capacities": [
    2,
    3,
    4,
    6,
    8
  ],
  "total_capacity": 23,
  "arrival_weights": [
    0.3,
    0.25,
    0.2,
    0.15,
    0.1
  ],
  "base_arrival_rate": 13.8,
  "high_load_multiplier": 5.0,
  "mean_reward": 661306.7834920661,
  "std_reward": 1920.132624590783,
  "best_reward": 666032.8928008929,
  "worst_reward": 658130.532608313,
  "crash_rate": 0.0,
  "completion_rate": 1.0,
  "terminated_count": 0,
  "truncated_count": 50,
  "mean_episode_length": 10000.0,
  "mean_waiting_time": 0.0,
  "mean_utilization": 0.048438583333333333,
  "training_time_minutes": 4.823175104459127,
  "eval_rewards": [
    660351.3083593386,
    658130.532608313,
    660306.3573268082,
    661230.8711234003,
    664851.0824425375,
    660767.520815125,
    662479.3603655308,
    659037.5933205202,
    664415.2461099667,
    660758.2656251444,
    662382.7235507088,
    659715.910952882,
    662588.7974578096,
    663040.1913539403,
    659377.1763828935,
    666032.8928008929,
    660953.0695061705,
    660162.8864674316,
    662226.691233918,
    662465.7628338112,
    661836.029264136,
    659431.1535385716,
    661409.6979110339,
    662841.0482603738,
    662598.5647363393,
    663192.361986529,
    662396.9686534317,
    658812.4276314325,
    662675.1339515552,
    661468.3724832552,
    660316.9756661463,
    659194.3658925889,
    658642.6652448897,
    659313.3831583933,
    659615.9728822387,
    660013.378542916,
    663749.5706294259,
    658725.1182428584,
    661562.4425833051,
    658247.5908952749,
    658337.0489450283,
    663901.2640619952,
    665282.7016393908,
    659174.6926710411,
    663116.308595986,
    662556.142774634,
    661017.9680374388,
    661277.0111115313,
    661878.472697615,
    661480.1012768092
  ],
  "eval_lengths": [
    10000,
    10000,
    10000,
    10000,
    10000,
    10000,
    10000,
    10000,
    10000,
    10000,
    10000,
    10000,
    10000,
    10000,
    10000,
    10000,
    10000,
    10000,
    10000,
    10000,
    10000,
    10000,
    10000,
    10000,
    10000,
    10000,
    10000,
    10000,
    10000,
    10000,
    10000,
    10000,
    10000,
    10000,
    10000,
    10000,
    10000,
    10000,
    10000,
    10000,
    10000,
    10000,
    10000,
    10000,
    10000,
    10000,
    10000,
    10000,
    10000,
    10000
  ],
  "timestamp": "2026-01-15T16:33:56.172072",
  "mean_lyapunov": 1.803964,
  "mean_lyapunov_drift": 0.000196,
  "mean_drift_l1": 0.05658278260869563,
  "mean_safe_ratio": 0.0,
  "mean_max_load_rate": 0.862500011920929
}