{
  "config_type": "normal_pyramid",
  "algorithm": "A2C",
  "seed": 61,
  "layer_capacities": [
    2,
    3,
    4,
    6,
    8
  ],
  "total_capacity": 23,
  "arrival_weights": [
    0.3,
    0.25,
    0.2,
    0.15,
    0.1
  ],
  "base_arrival_rate": 13.8,
  "high_load_multiplier": 5.0,
  "mean_reward": 661579.5446583426,
  "std_reward": 2015.1887087074442,
  "best_reward": 667424.4422098555,
  "worst_reward": 657935.5566449426,
  "crash_rate": 0.0,
  "completion_rate": 1.0,
  "terminated_count": 0,
  "truncated_count": 50,
  "mean_episode_length": 10000.0,
  "mean_waiting_time": 0.0,
  "mean_utilization": 0.04840323333333334,
  "training_time_minutes": 4.950047779083252,
  "eval_rewards": [
    662679.6642982708,
    663925.5537430092,
    667424.4422098555,
    666552.3328888994,
    661881.947035072,
    660357.4613585939,
    662142.3157063756,
    662576.9301616466,
    663001.5322208084,
    660358.0917518933,
    661568.5652192151,
    659343.353965069,
    661071.4639697883,
    660160.9308848948,
    660198.5464743614,
    660231.3816065373,
    658249.5368996413,
    659825.2075400798,
    664100.7253279133,
    661897.8371381997,
    662026.8038431279,
    659037.0580244446,
    662394.6409997588,
    659652.2770306646,
    658514.2408991915,
    660128.1057182077,
    662139.2679826233,
    660851.0922785004,
    659838.522891818,
    664639.3404651865,
    663095.1752560398,
    663932.6185664058,
    661228.0072904924,
    664121.7359620258,
    661115.7711487712,
    659172.998736144,
    664273.1520104753,
    662161.3474468235,
    660031.2360526054,
    662965.7758320384,
    663290.7882544135,
    659935.7039506731,
    660309.0528250525,
    660696.6582536234,
    662331.0029793635,
    657935.5566449426,
    662179.951471342,
    659473.0771417319,
    660512.0398360125,
    663446.4127245013
  ],
  "eval_lengths": [
    10000,
    10000,
    10000,
    10000,
    10000,
    10000,
    10000,
    10000,
    10000,
    10000,
    10000,
    10000,
    10000,
    10000,
    10000,
    10000,
    10000,
    10000,
    10000,
    10000,
    10000,
    10000,
    10000,
    10000,
    10000,
    10000,
    10000,
    10000,
    10000,
    10000,
    10000,
    10000,
    10000,
    10000,
    10000,
    10000,
    10000,
    10000,
    10000,
    10000,
    10000,
    10000,
    10000,
    10000,
    10000,
    10000,
    10000,
    10000,
    10000,
    10000
  ],
  "timestamp": "2026-01-15T14:30:36.638840",
  "mean_lyapunov": 1.807866,
  "mean_lyapunov_drift": 0.000196,
  "mean_drift_l1": 0.05659373913043478,
  "mean_safe_ratio": 0.0,
  "mean_max_load_rate": 0.862500011920929
}