{
  "config_type": "normal_pyramid",
  "algorithm": "A2C",
  "seed": 42,
  "layer_capacities": [
    2,
    3,
    4,
    6,
    8
  ],
  "total_capacity": 23,
  "arrival_weights": [
    0.3,
    0.25,
    0.2,
    0.15,
    0.1
  ],
  "base_arrival_rate": 13.8,
  "high_load_multiplier": 5.0,
  "mean_reward": 663007.2966108551,
  "std_reward": 1805.1023220530349,
  "best_reward": 667984.0869986844,
  "worst_reward": 658859.0872027903,
  "crash_rate": 0.0,
  "completion_rate": 1.0,
  "terminated_count": 0,
  "truncated_count": 50,
  "mean_episode_length": 10000.0,
  "mean_waiting_time": 0.0,
  "mean_utilization": 0.0454866,
  "training_time_minutes": 4.84841206073761,
  "eval_rewards": [
    663086.2247819084,
    662739.7736914171,
    661488.3271417831,
    662290.7353260277,
    660247.6250178135,
    664558.3270014833,
    665437.1483172579,
    664554.3311065926,
    660689.4284142585,
    664231.1149734473,
    662542.6320976742,
    662454.0659739894,
    661820.0287677852,
    663144.9632800785,
    663756.6725535014,
    664921.734707084,
    659295.9772379191,
    661590.2621634017,
    661285.3966264281,
    662925.1207952503,
    661485.718141861,
    665300.684403606,
    662502.2311083378,
    661616.8881455973,
    667984.0869986844,
    663189.8665303254,
    663167.0933962986,
    662465.8119224154,
    662857.5871298038,
    663010.4829198505,
    658859.0872027903,
    660771.2849954616,
    661557.0183973598,
    661194.4666324073,
    663601.4259146751,
    663181.4418946406,
    662258.4801565006,
    662822.6568200616,
    662749.5699691839,
    662102.3022963242,
    661767.291519551,
    665935.3808255913,
    664945.7511414276,
    665192.9097896105,
    667492.9185196658,
    663408.0689105229,
    663602.6610108302,
    665381.745993122,
    663783.7996050677,
    663116.2282760867
  ],
  "eval_lengths": [
    10000,
    10000,
    10000,
    10000,
    10000,
    10000,
    10000,
    10000,
    10000,
    10000,
    10000,
    10000,
    10000,
    10000,
    10000,
    10000,
    10000,
    10000,
    10000,
    10000,
    10000,
    10000,
    10000,
    10000,
    10000,
    10000,
    10000,
    10000,
    10000,
    10000,
    10000,
    10000,
    10000,
    10000,
    10000,
    10000,
    10000,
    10000,
    10000,
    10000,
    10000,
    10000,
    10000,
    10000,
    10000,
    10000,
    10000,
    10000,
    10000,
    10000
  ],
  "timestamp": "2026-01-15T07:58:50.703087",
  "mean_lyapunov": 1.553398,
  "mean_lyapunov_drift": 0.000126,
  "mean_drift_l1": 0.05655104347826086,
  "mean_safe_ratio": 0.0,
  "mean_max_load_rate": 0.862500011920929
}