{
  "config_type": "normal_pyramid",
  "algorithm": "A2C",
  "seed": 53,
  "layer_capacities": [
    2,
    3,
    4,
    6,
    8
  ],
  "total_capacity": 23,
  "arrival_weights": [
    0.3,
    0.25,
    0.2,
    0.15,
    0.1
  ],
  "base_arrival_rate": 13.8,
  "high_load_multiplier": 5.0,
  "mean_reward": 663844.7019801098,
  "std_reward": 1672.176310861791,
  "best_reward": 668297.1031586061,
  "worst_reward": 659871.4109130764,
  "crash_rate": 0.0,
  "completion_rate": 1.0,
  "terminated_count": 0,
  "truncated_count": 50,
  "mean_episode_length": 10000.0,
  "mean_waiting_time": 0.0,
  "mean_utilization": 0.045550600000000004,
  "training_time_minutes": 4.971229330698649,
  "eval_rewards": [
    663890.6094113984,
    665143.9838819886,
    663439.783722107,
    665960.5211554156,
    664520.2631658083,
    662767.777336277,
    663564.1723151627,
    666002.8262508744,
    665660.1986502038,
    663246.1872118395,
    663438.3802432617,
    663014.8767045104,
    661529.8971594905,
    664624.1554957231,
    666845.5991929066,
    664394.1548569287,
    663616.712040639,
    660437.5606817221,
    664179.4355759402,
    661506.7886954215,
    661753.0838938309,
    663809.9549541073,
    663798.1400816161,
    662449.5376496372,
    663184.9995970173,
    663434.8986395119,
    665332.8268361882,
    665243.6847873831,
    665336.876727707,
    664246.1627930563,
    661379.9618296978,
    665081.6777348709,
    665780.2194707071,
    667125.7748602477,
    665246.7701905001,
    663853.7376030713,
    663832.5585007055,
    661923.5924983415,
    663995.2378083576,
    665056.6390731394,
    659871.4109130764,
    668297.1031586061,
    664905.2258341651,
    662247.1735918511,
    662317.5732914074,
    661810.1874517081,
    662881.5540592482,
    663603.8949296575,
    663511.8878294658,
    663138.8686689838
  ],
  "eval_lengths": [
    10000,
    10000,
    10000,
    10000,
    10000,
    10000,
    10000,
    10000,
    10000,
    10000,
    10000,
    10000,
    10000,
    10000,
    10000,
    10000,
    10000,
    10000,
    10000,
    10000,
    10000,
    10000,
    10000,
    10000,
    10000,
    10000,
    10000,
    10000,
    10000,
    10000,
    10000,
    10000,
    10000,
    10000,
    10000,
    10000,
    10000,
    10000,
    10000,
    10000,
    10000,
    10000,
    10000,
    10000,
    10000,
    10000,
    10000,
    10000,
    10000,
    10000
  ],
  "timestamp": "2026-01-15T11:46:39.658878",
  "mean_lyapunov": 1.572194,
  "mean_lyapunov_drift": 0.000166,
  "mean_drift_l1": 0.056496956521739125,
  "mean_safe_ratio": 0.0,
  "mean_max_load_rate": 0.862500011920929
}