{
  "config_type": "normal_pyramid",
  "algorithm": "A2C",
  "seed": 58,
  "layer_capacities": [
    2,
    3,
    4,
    6,
    8
  ],
  "total_capacity": 23,
  "arrival_weights": [
    0.3,
    0.25,
    0.2,
    0.15,
    0.1
  ],
  "base_arrival_rate": 13.8,
  "high_load_multiplier": 5.0,
  "mean_reward": 661058.9037934915,
  "std_reward": 1797.7201617824364,
  "best_reward": 664288.8421528188,
  "worst_reward": 657144.3566911579,
  "crash_rate": 0.0,
  "completion_rate": 1.0,
  "terminated_count": 0,
  "truncated_count": 50,
  "mean_episode_length": 10000.0,
  "mean_waiting_time": 0.0,
  "mean_utilization": 0.047213149999999995,
  "training_time_minutes": 4.815415223439534,
  "eval_rewards": [
    660976.5960283997,
    660264.0372804815,
    662624.152183028,
    660358.0771338119,
    664288.8421528188,
    660145.3593062301,
    660772.8169167631,
    659711.3013861973,
    659382.48880048,
    659676.4562841809,
    663124.3554423257,
    658630.4681482977,
    659359.9893287974,
    660000.4557827871,
    663084.6981522735,
    661839.0717043987,
    659998.7614454662,
    659643.96771163,
    657144.3566911579,
    662804.9352211922,
    660772.1760208381,
    663740.0168095214,
    657816.8557158142,
    660797.0831982787,
    663549.2988608383,
    661836.7546793978,
    660484.7177869356,
    663317.775523913,
    663186.6605644448,
    660290.5452264114,
    662419.8059242297,
    661942.4976218311,
    662243.623799044,
    658153.1709721355,
    658521.8781312525,
    664116.7969983992,
    659892.2613493225,
    662369.2295549107,
    659260.1662634115,
    660844.329086477,
    664203.7464602332,
    660127.2361313831,
    659420.8460900667,
    663349.808064252,
    660520.0471471609,
    663904.6714644276,
    660960.5616604673,
    659432.9599880646,
    660641.772552322,
    660996.7089280762
  ],
  "eval_lengths": [
    10000,
    10000,
    10000,
    10000,
    10000,
    10000,
    10000,
    10000,
    10000,
    10000,
    10000,
    10000,
    10000,
    10000,
    10000,
    10000,
    10000,
    10000,
    10000,
    10000,
    10000,
    10000,
    10000,
    10000,
    10000,
    10000,
    10000,
    10000,
    10000,
    10000,
    10000,
    10000,
    10000,
    10000,
    10000,
    10000,
    10000,
    10000,
    10000,
    10000,
    10000,
    10000,
    10000,
    10000,
    10000,
    10000,
    10000,
    10000,
    10000,
    10000
  ],
  "timestamp": "2026-01-15T13:28:41.591822",
  "mean_lyapunov": 1.835336,
  "mean_lyapunov_drift": 0.000188,
  "mean_drift_l1": 0.05657895652173913,
  "mean_safe_ratio": 0.0,
  "mean_max_load_rate": 0.862500011920929
}