{
  "config_type": "normal_pyramid",
  "algorithm": "A2C",
  "seed": 65,
  "layer_capacities": [
    2,
    3,
    4,
    6,
    8
  ],
  "total_capacity": 23,
  "arrival_weights": [
    0.3,
    0.25,
    0.2,
    0.15,
    0.1
  ],
  "base_arrival_rate": 13.8,
  "high_load_multiplier": 5.0,
  "mean_reward": 659715.2683209408,
  "std_reward": 2000.8252017018808,
  "best_reward": 663506.1721409692,
  "worst_reward": 654205.7576794017,
  "crash_rate": 0.0,
  "completion_rate": 1.0,
  "terminated_count": 0,
  "truncated_count": 50,
  "mean_episode_length": 10000.0,
  "mean_waiting_time": 0.0,
  "mean_utilization": 0.04764383333333334,
  "training_time_minutes": 4.810579077402751,
  "eval_rewards": [
    658815.7047852136,
    657209.1830104319,
    660862.1397949492,
    659226.8688741034,
    663157.7818860239,
    660908.3051402499,
    658603.3627823564,
    659336.8915180133,
    659332.7041889037,
    662141.5167827146,
    663009.3412676837,
    659429.687138382,
    661140.8683710134,
    654205.7576794017,
    660499.5899090924,
    658840.6748147742,
    659077.0687085137,
    662019.3222432211,
    660137.4153664621,
    656642.2691063384,
    661079.6536122033,
    660126.4859072658,
    659084.6724032284,
    663506.1721409692,
    659008.532305922,
    661506.9227942697,
    657995.6716871548,
    659288.0513554142,
    661877.6229725261,
    654641.0733321556,
    659899.9102258842,
    661170.2375786745,
    660859.7282855,
    657249.7760078579,
    658702.5529964687,
    659752.0359347895,
    659985.1271610244,
    659317.3957092278,
    660135.812979182,
    662437.5501451113,
    661398.5582889597,
    661263.8048751709,
    657182.703259778,
    658571.3656294993,
    655880.1660714733,
    659622.0451615262,
    658684.2786929525,
    662493.8347059855,
    660059.7585592595,
    658385.4618997572
  ],
  "eval_lengths": [
    10000,
    10000,
    10000,
    10000,
    10000,
    10000,
    10000,
    10000,
    10000,
    10000,
    10000,
    10000,
    10000,
    10000,
    10000,
    10000,
    10000,
    10000,
    10000,
    10000,
    10000,
    10000,
    10000,
    10000,
    10000,
    10000,
    10000,
    10000,
    10000,
    10000,
    10000,
    10000,
    10000,
    10000,
    10000,
    10000,
    10000,
    10000,
    10000,
    10000,
    10000,
    10000,
    10000,
    10000,
    10000,
    10000,
    10000,
    10000,
    10000,
    10000
  ],
  "timestamp": "2026-01-15T15:53:14.125908",
  "mean_lyapunov": 1.67135,
  "mean_lyapunov_drift": 0.00012,
  "mean_drift_l1": 0.057078956521739145,
  "mean_safe_ratio": 0.0,
  "mean_max_load_rate": 0.862500011920929
}