{
  "config_type": "normal_pyramid",
  "algorithm": "A2C",
  "seed": 48,
  "layer_capacities": [
    2,
    3,
    4,
    6,
    8
  ],
  "total_capacity": 23,
  "arrival_weights": [
    0.3,
    0.25,
    0.2,
    0.15,
    0.1
  ],
  "base_arrival_rate": 13.8,
  "high_load_multiplier": 5.0,
  "mean_reward": 661308.5566504708,
  "std_reward": 2003.378540073409,
  "best_reward": 666134.929594575,
  "worst_reward": 657032.8694220866,
  "crash_rate": 0.0,
  "completion_rate": 1.0,
  "terminated_count": 0,
  "truncated_count": 50,
  "mean_episode_length": 10000.0,
  "mean_waiting_time": 0.0,
  "mean_utilization": 0.04851558333333332,
  "training_time_minutes": 4.87161987622579,
  "eval_rewards": [
    660213.1571457507,
    662850.2528192122,
    660145.2389867484,
    661031.4679297728,
    663451.5949613483,
    664137.041068706,
    664537.020137483,
    660864.1823277852,
    659258.0717784796,
    661943.6674935019,
    658560.041908167,
    659593.3558598256,
    659086.6503927062,
    663617.8712917754,
    663365.7816437259,
    659065.344349766,
    660663.0931434969,
    659417.5862684669,
    663679.1860030439,
    660309.6174304542,
    661173.1271033271,
    657032.8694220866,
    660711.5816279411,
    661461.5799509028,
    660738.5017422402,
    666134.929594575,
    661273.471679778,
    658280.4353272581,
    659518.9539090145,
    659615.4951393718,
    660469.5703472593,
    663222.3875516248,
    660789.0910254677,
    660687.4214428053,
    661008.9522410107,
    659671.0176419558,
    663610.7416140933,
    660667.3838754146,
    664883.2098604594,
    663513.0087550539,
    661516.6447881731,
    662900.6188247694,
    660156.4200975804,
    663099.0656960073,
    657879.479420983,
    662710.8819960082,
    664887.414421972,
    662153.424764294,
    660379.40467658,
    659490.5250453162
  ],
  "eval_lengths": [
    10000,
    10000,
    10000,
    10000,
    10000,
    10000,
    10000,
    10000,
    10000,
    10000,
    10000,
    10000,
    10000,
    10000,
    10000,
    10000,
    10000,
    10000,
    10000,
    10000,
    10000,
    10000,
    10000,
    10000,
    10000,
    10000,
    10000,
    10000,
    10000,
    10000,
    10000,
    10000,
    10000,
    10000,
    10000,
    10000,
    10000,
    10000,
    10000,
    10000,
    10000,
    10000,
    10000,
    10000,
    10000,
    10000,
    10000,
    10000,
    10000,
    10000
  ],
  "timestamp": "2026-01-15T10:02:50.637258",
  "mean_lyapunov": 1.8026,
  "mean_lyapunov_drift": 0.000186,
  "mean_drift_l1": 0.056653826086956516,
  "mean_safe_ratio": 0.0,
  "mean_max_load_rate": 0.862500011920929
}