{
  "config_type": "normal_pyramid",
  "algorithm": "A2C",
  "seed": 45,
  "layer_capacities": [
    2,
    3,
    4,
    6,
    8
  ],
  "total_capacity": 23,
  "arrival_weights": [
    0.3,
    0.25,
    0.2,
    0.15,
    0.1
  ],
  "base_arrival_rate": 13.8,
  "high_load_multiplier": 5.0,
  "mean_reward": 659717.4276591159,
  "std_reward": 1696.6847895409398,
  "best_reward": 665098.1602997388,
  "worst_reward": 655197.8904332939,
  "crash_rate": 0.0,
  "completion_rate": 1.0,
  "terminated_count": 0,
  "truncated_count": 50,
  "mean_episode_length": 10000.0,
  "mean_waiting_time": 0.0,
  "mean_utilization": 0.04745114999999999,
  "training_time_minutes": 4.907601543267568,
  "eval_rewards": [
    661788.3542900768,
    659807.0541518824,
    658957.0056236745,
    658583.136064302,
    658232.1657006047,
    660393.9108835298,
    659706.1636165613,
    661765.6509160898,
    658612.0379788481,
    661063.3555184115,
    660773.525522848,
    656902.7236648588,
    660049.5245331712,
    659406.6776724063,
    655197.8904332939,
    660223.3313035188,
    658022.5456465482,
    658741.0636957737,
    659976.914643248,
    661646.6921937085,
    660440.3015648936,
    657443.7745353299,
    659592.6176572208,
    659154.885746363,
    662397.9615730161,
    658172.1094112245,
    660527.4059431154,
    661103.1421872604,
    659797.3562384718,
    659994.5580008737,
    658831.9947589381,
    659170.9374124198,
    657463.7538054151,
    659665.2458775935,
    661100.1560043973,
    660857.0042604656,
    660388.0032026329,
    660838.633710799,
    659187.2051403343,
    662428.2863286304,
    658321.362016036,
    665098.1602997388,
    659761.578120095,
    659253.8582609181,
    661893.4414229398,
    661401.0774698213,
    657583.8352919103,
    658018.4665142602,
    657118.6613044336,
    659015.8848428864
  ],
  "eval_lengths": [
    10000,
    10000,
    10000,
    10000,
    10000,
    10000,
    10000,
    10000,
    10000,
    10000,
    10000,
    10000,
    10000,
    10000,
    10000,
    10000,
    10000,
    10000,
    10000,
    10000,
    10000,
    10000,
    10000,
    10000,
    10000,
    10000,
    10000,
    10000,
    10000,
    10000,
    10000,
    10000,
    10000,
    10000,
    10000,
    10000,
    10000,
    10000,
    10000,
    10000,
    10000,
    10000,
    10000,
    10000,
    10000,
    10000,
    10000,
    10000,
    10000,
    10000
  ],
  "timestamp": "2026-01-15T09:00:58.739233",
  "mean_lyapunov": 1.669108,
  "mean_lyapunov_drift": 0.000264,
  "mean_drift_l1": 0.05694,
  "mean_safe_ratio": 0.0,
  "mean_max_load_rate": 0.862500011920929
}