{
  "config_type": "normal_pyramid",
  "algorithm": "A2C",
  "seed": 69,
  "layer_capacities": [
    2,
    3,
    4,
    6,
    8
  ],
  "total_capacity": 23,
  "arrival_weights": [
    0.3,
    0.25,
    0.2,
    0.15,
    0.1
  ],
  "base_arrival_rate": 13.8,
  "high_load_multiplier": 5.0,
  "mean_reward": 664899.3803025485,
  "std_reward": 2100.435702675506,
  "best_reward": 669209.9920636917,
  "worst_reward": 659449.7134970102,
  "crash_rate": 0.0,
  "completion_rate": 1.0,
  "terminated_count": 0,
  "truncated_count": 50,
  "mean_episode_length": 10000.0,
  "mean_waiting_time": 0.0,
  "mean_utilization": 0.04705998333333333,
  "training_time_minutes": 5.023300906022389,
  "eval_rewards": [
    664400.0692876255,
    660936.2813588596,
    659449.7134970102,
    664663.2314275661,
    664887.1758010016,
    664328.2935187246,
    669209.9920636917,
    660849.1632229328,
    663642.9564259824,
    668422.4886907734,
    664656.0808679004,
    665960.7277018,
    661959.5909219388,
    664572.5926509273,
    664434.7733621211,
    664424.0318179571,
    663720.0017902594,
    665217.855883144,
    668393.4487460365,
    662222.2954093693,
    666401.233826138,
    662469.659638623,
    665719.7978731336,
    666128.6816885578,
    665361.2156654163,
    664697.3438472202,
    665651.2509789062,
    666511.5965646766,
    668748.1532515218,
    662045.671958837,
    664204.4379362025,
    662241.2115951336,
    666986.6127293758,
    664711.8606949683,
    663219.1020735055,
    663977.2837529097,
    667903.1770249687,
    664105.5069319232,
    667990.2810360102,
    667044.9543104513,
    666085.1430561435,
    663639.8591447369,
    665864.856528239,
    663631.5955942895,
    665932.3664752811,
    667075.8881716597,
    666400.3888950645,
    665558.7067421491,
    662918.3028841907,
    665392.1098115657
  ],
  "eval_lengths": [
    10000,
    10000,
    10000,
    10000,
    10000,
    10000,
    10000,
    10000,
    10000,
    10000,
    10000,
    10000,
    10000,
    10000,
    10000,
    10000,
    10000,
    10000,
    10000,
    10000,
    10000,
    10000,
    10000,
    10000,
    10000,
    10000,
    10000,
    10000,
    10000,
    10000,
    10000,
    10000,
    10000,
    10000,
    10000,
    10000,
    10000,
    10000,
    10000,
    10000,
    10000,
    10000,
    10000,
    10000,
    10000,
    10000,
    10000,
    10000,
    10000,
    10000
  ],
  "timestamp": "2026-01-15T17:15:43.028573",
  "mean_lyapunov": 1.82603,
  "mean_lyapunov_drift": 0.000206,
  "mean_drift_l1": 0.05600321739130433,
  "mean_safe_ratio": 0.0,
  "mean_max_load_rate": 0.862500011920929
}