{
  "config_type": "normal_pyramid",
  "algorithm": "A2C",
  "seed": 59,
  "layer_capacities": [
    2,
    3,
    4,
    6,
    8
  ],
  "total_capacity": 23,
  "arrival_weights": [
    0.3,
    0.25,
    0.2,
    0.15,
    0.1
  ],
  "base_arrival_rate": 13.8,
  "high_load_multiplier": 5.0,
  "mean_reward": 659658.7732746337,
  "std_reward": 1688.4612616285683,
  "best_reward": 662966.7367300611,
  "worst_reward": 655170.7773841276,
  "crash_rate": 0.0,
  "completion_rate": 1.0,
  "terminated_count": 0,
  "truncated_count": 50,
  "mean_episode_length": 10000.0,
  "mean_waiting_time": 0.0,
  "mean_utilization": 0.04875035,
  "training_time_minutes": 4.791720537344615,
  "eval_rewards": [
    659856.1689978536,
    661587.8879222521,
    659005.8990060576,
    660764.9680991817,
    660900.8521117544,
    658419.703361582,
    656926.2733437287,
    659747.9545015321,
    658624.721233767,
    660373.2793590099,
    661397.5451070797,
    662966.7367300611,
    661789.6661401151,
    662908.7888748706,
    658482.6774179685,
    659540.2101691072,
    660603.8472274634,
    660233.8342659463,
    657901.7790129334,
    660646.4384500188,
    659496.4317918095,
    661003.5522661204,
    658662.0537708255,
    658381.231272376,
    657113.9362538056,
    655885.4329069374,
    658782.307237686,
    658364.4883086634,
    659805.1910355365,
    660739.2202221798,
    660711.4199560152,
    660766.2855014782,
    660314.4074133384,
    661035.794597485,
    658140.8621537569,
    655170.7773841276,
    661159.4347704923,
    657627.7719010208,
    660200.119826343,
    658589.4178721919,
    660005.1662844961,
    656500.806878497,
    661102.0355793122,
    660073.0994435343,
    661972.5698344598,
    660475.6628520696,
    657876.9674687071,
    659986.8194779952,
    661456.7068749702,
    658859.4612631749
  ],
  "eval_lengths": [
    10000,
    10000,
    10000,
    10000,
    10000,
    10000,
    10000,
    10000,
    10000,
    10000,
    10000,
    10000,
    10000,
    10000,
    10000,
    10000,
    10000,
    10000,
    10000,
    10000,
    10000,
    10000,
    10000,
    10000,
    10000,
    10000,
    10000,
    10000,
    10000,
    10000,
    10000,
    10000,
    10000,
    10000,
    10000,
    10000,
    10000,
    10000,
    10000,
    10000,
    10000,
    10000,
    10000,
    10000,
    10000,
    10000,
    10000,
    10000,
    10000,
    10000
  ],
  "timestamp": "2026-01-15T13:48:51.430970",
  "mean_lyapunov": 1.829788,
  "mean_lyapunov_drift": 0.000156,
  "mean_drift_l1": 0.057167304347826076,
  "mean_safe_ratio": 0.0,
  "mean_max_load_rate": 0.862500011920929
}