{
  "config_type": "normal_pyramid",
  "algorithm": "A2C",
  "seed": 42,
  "layer_capacities": [
    2,
    3,
    4,
    6,
    8
  ],
  "total_capacity": 23,
  "arrival_weights": [
    0.3,
    0.25,
    0.2,
    0.15,
    0.1
  ],
  "base_arrival_rate": 13.8,
  "high_load_multiplier": 5.0,
  "mean_reward": 662999.5196283314,
  "std_reward": 1734.8060188169457,
  "best_reward": 667785.0510903376,
  "worst_reward": 659074.7725765918,
  "crash_rate": 0.0,
  "completion_rate": 1.0,
  "terminated_count": 0,
  "truncated_count": 50,
  "mean_episode_length": 10000.0,
  "mean_waiting_time": 0.0,
  "mean_utilization": 0.045483366666666664,
  "training_time_minutes": 7.577278395493825,
  "eval_rewards": [
    663054.0467306417,
    662983.4365122636,
    661311.2700735141,
    662016.2995819284,
    660690.1332529214,
    664590.9085338737,
    665185.4085457363,
    664081.2055712943,
    661135.7058049233,
    664541.1591396882,
    662575.4937263359,
    662219.3120457157,
    661977.6703350293,
    663437.179478457,
    663649.8728626563,
    664772.5005851083,
    659242.9307007852,
    661850.1974243278,
    661173.9693240433,
    662729.404690805,
    661442.1930599429,
    664828.4599709793,
    662881.5449086311,
    661709.9953134404,
    667785.0510903376,
    663219.9865252654,
    663200.9829453459,
    662369.0057122504,
    662822.0883967066,
    662675.9328793144,
    659074.7725765918,
    660649.7351676757,
    661647.6944505381,
    661251.9532853229,
    663524.6229009308,
    663269.0767557998,
    662227.1798962767,
    662862.7007969011,
    662692.0335056203,
    661918.4491323718,
    662064.0870287457,
    665969.0499796082,
    664981.4285632338,
    665092.8829937429,
    667233.1733488177,
    663402.4255272503,
    663785.4807649946,
    665482.8096571484,
    663817.9223797251,
    662875.156983014
  ],
  "eval_lengths": [
    10000,
    10000,
    10000,
    10000,
    10000,
    10000,
    10000,
    10000,
    10000,
    10000,
    10000,
    10000,
    10000,
    10000,
    10000,
    10000,
    10000,
    10000,
    10000,
    10000,
    10000,
    10000,
    10000,
    10000,
    10000,
    10000,
    10000,
    10000,
    10000,
    10000,
    10000,
    10000,
    10000,
    10000,
    10000,
    10000,
    10000,
    10000,
    10000,
    10000,
    10000,
    10000,
    10000,
    10000,
    10000,
    10000,
    10000,
    10000,
    10000,
    10000
  ],
  "timestamp": "2026-01-07T14:38:29.671573"
}