{
  "config_type": "normal_pyramid",
  "algorithm": "A2C",
  "seed": 62,
  "layer_capacities": [
    2,
    3,
    4,
    6,
    8
  ],
  "total_capacity": 23,
  "arrival_weights": [
    0.3,
    0.25,
    0.2,
    0.15,
    0.1
  ],
  "base_arrival_rate": 13.8,
  "high_load_multiplier": 5.0,
  "mean_reward": 661775.3447451949,
  "std_reward": 1876.3786334427523,
  "best_reward": 665793.185911232,
  "worst_reward": 657477.3067896739,
  "crash_rate": 0.0,
  "completion_rate": 1.0,
  "terminated_count": 0,
  "truncated_count": 50,
  "mean_episode_length": 10000.0,
  "mean_waiting_time": 0.0,
  "mean_utilization": 0.04839399999999999,
  "training_time_minutes": 4.910666994253794,
  "eval_rewards": [
    659884.2852581134,
    664085.8799524395,
    663153.4341384546,
    665147.5812961393,
    661589.9708722285,
    662990.8756496755,
    658950.1270250079,
    664688.9186636735,
    659749.7376869806,
    661335.2213954326,
    659797.9394660512,
    663032.9160847674,
    661747.5978821781,
    660444.8669313847,
    659272.8883407969,
    657477.3067896739,
    660866.2515380557,
    660817.652113521,
    663979.5928846376,
    661425.4593662862,
    661727.1365391872,
    662406.8143962483,
    660485.0909093356,
    664075.8950612984,
    661323.6862791566,
    661298.1888381004,
    663990.8893798112,
    665793.185911232,
    661630.5937160907,
    663409.1376759142,
    659212.8823849803,
    658651.353196471,
    661880.047865109,
    664897.118725234,
    662371.3234653694,
    659525.7919669688,
    662625.3825850002,
    663683.8525119108,
    662604.2740623291,
    661709.6216855844,
    661452.4816898418,
    664939.1438996702,
    661975.7871440433,
    659861.5298504359,
    661240.6472916355,
    662544.0152997145,
    659717.8179414985,
    662741.1406075634,
    659820.9722161877,
    660732.9308283229
  ],
  "eval_lengths": [
    10000,
    10000,
    10000,
    10000,
    10000,
    10000,
    10000,
    10000,
    10000,
    10000,
    10000,
    10000,
    10000,
    10000,
    10000,
    10000,
    10000,
    10000,
    10000,
    10000,
    10000,
    10000,
    10000,
    10000,
    10000,
    10000,
    10000,
    10000,
    10000,
    10000,
    10000,
    10000,
    10000,
    10000,
    10000,
    10000,
    10000,
    10000,
    10000,
    10000,
    10000,
    10000,
    10000,
    10000,
    10000,
    10000,
    10000,
    10000,
    10000,
    10000
  ],
  "timestamp": "2026-01-15T14:51:25.374326",
  "mean_lyapunov": 1.79787,
  "mean_lyapunov_drift": 0.000166,
  "mean_drift_l1": 0.05656513043478261,
  "mean_safe_ratio": 0.0,
  "mean_max_load_rate": 0.862500011920929
}