{
  "config_type": "normal_pyramid",
  "algorithm": "A2C",
  "seed": 63,
  "layer_capacities": [
    2,
    3,
    4,
    6,
    8
  ],
  "total_capacity": 23,
  "arrival_weights": [
    0.3,
    0.25,
    0.2,
    0.15,
    0.1
  ],
  "base_arrival_rate": 13.8,
  "high_load_multiplier": 5.0,
  "mean_reward": 661463.7198507836,
  "std_reward": 2005.1510439554393,
  "best_reward": 667060.9645061445,
  "worst_reward": 655692.1008235558,
  "crash_rate": 0.0,
  "completion_rate": 1.0,
  "terminated_count": 0,
  "truncated_count": 50,
  "mean_episode_length": 10000.0,
  "mean_waiting_time": 0.0,
  "mean_utilization": 0.04855108333333333,
  "training_time_minutes": 4.901914703845978,
  "eval_rewards": [
    660834.0121356972,
    658932.0808001971,
    661154.3564113738,
    661437.0232769302,
    662193.3718927525,
    662960.4068680955,
    658819.3449583182,
    659761.345436382,
    661682.7256419531,
    662323.2221824292,
    662414.6413567311,
    659427.7572757606,
    655692.1008235558,
    658478.7922259574,
    663631.356592817,
    662029.4717295413,
    662600.63315914,
    660184.973646063,
    661178.1681829052,
    664431.9277983686,
    659727.8607581293,
    663954.2073985039,
    663943.475999361,
    660950.9290526381,
    662230.6037821904,
    662109.6762202975,
    662890.56008967,
    664988.7634442621,
    662779.878972476,
    661589.5851800728,
    660283.461083752,
    664756.6623068127,
    659840.0008395581,
    661105.0590614885,
    661939.5833259483,
    667060.9645061445,
    660972.0247741705,
    659933.2866168423,
    658264.435930021,
    658439.1799670133,
    662575.4138629873,
    663667.4873889779,
    663015.9292280264,
    661264.7452381463,
    661845.6979035393,
    659994.5227920476,
    660257.1041278322,
    661995.8128789598,
    660271.6583884233,
    660369.7090259158
  ],
  "eval_lengths": [
    10000,
    10000,
    10000,
    10000,
    10000,
    10000,
    10000,
    10000,
    10000,
    10000,
    10000,
    10000,
    10000,
    10000,
    10000,
    10000,
    10000,
    10000,
    10000,
    10000,
    10000,
    10000,
    10000,
    10000,
    10000,
    10000,
    10000,
    10000,
    10000,
    10000,
    10000,
    10000,
    10000,
    10000,
    10000,
    10000,
    10000,
    10000,
    10000,
    10000,
    10000,
    10000,
    10000,
    10000,
    10000,
    10000,
    10000,
    10000,
    10000,
    10000
  ],
  "timestamp": "2026-01-15T15:12:18.201047",
  "mean_lyapunov": 1.811696,
  "mean_lyapunov_drift": 0.00022,
  "mean_drift_l1": 0.056698086956521745,
  "mean_safe_ratio": 0.0,
  "mean_max_load_rate": 0.862500011920929
}