{
  "config_type": "normal_pyramid",
  "algorithm": "A2C",
  "seed": 49,
  "layer_capacities": [
    2,
    3,
    4,
    6,
    8
  ],
  "total_capacity": 23,
  "arrival_weights": [
    0.3,
    0.25,
    0.2,
    0.15,
    0.1
  ],
  "base_arrival_rate": 13.8,
  "high_load_multiplier": 5.0,
  "mean_reward": 664689.6973529718,
  "std_reward": 2153.541540473768,
  "best_reward": 669880.2708595487,
  "worst_reward": 660395.980300535,
  "crash_rate": 0.0,
  "completion_rate": 1.0,
  "terminated_count": 0,
  "truncated_count": 50,
  "mean_episode_length": 10000.0,
  "mean_waiting_time": 0.0,
  "mean_utilization": 0.047003649999999994,
  "training_time_minutes": 4.740132391452789,
  "eval_rewards": [
    665104.6190615065,
    666071.1804464684,
    665825.4278667197,
    665345.4274788384,
    666005.0607748359,
    660740.9925755911,
    663813.502878601,
    664850.4552520436,
    662538.3031150713,
    666536.0378268989,
    665763.6727636493,
    664408.1576024572,
    665756.3776275744,
    661029.3634648573,
    662055.7833220804,
    666490.0089078072,
    660395.980300535,
    667160.2000021302,
    663050.3863209835,
    666001.6669823856,
    666527.6038997645,
    664591.5758151889,
    661314.4276847028,
    664520.4198553633,
    660562.6314455121,
    664942.1402486925,
    664701.4794093904,
    664612.9130378693,
    665091.747979094,
    662300.046811552,
    665784.4574092618,
    667367.8329571326,
    663620.6066481398,
    666107.5131952114,
    664803.1538716881,
    663086.770853665,
    666454.4385214525,
    666685.9465800881,
    664244.9751087287,
    669880.2708595487,
    664632.4499495886,
    663653.8925474556,
    660481.802154552,
    666543.6071078407,
    668352.8807385208,
    665810.2405037031,
    662815.9355666657,
    661813.6247893107,
    666652.1306690313,
    667584.7468588413
  ],
  "eval_lengths": [
    10000,
    10000,
    10000,
    10000,
    10000,
    10000,
    10000,
    10000,
    10000,
    10000,
    10000,
    10000,
    10000,
    10000,
    10000,
    10000,
    10000,
    10000,
    10000,
    10000,
    10000,
    10000,
    10000,
    10000,
    10000,
    10000,
    10000,
    10000,
    10000,
    10000,
    10000,
    10000,
    10000,
    10000,
    10000,
    10000,
    10000,
    10000,
    10000,
    10000,
    10000,
    10000,
    10000,
    10000,
    10000,
    10000,
    10000,
    10000,
    10000,
    10000
  ],
  "timestamp": "2026-01-15T10:23:09.486480",
  "mean_lyapunov": 1.808688,
  "mean_lyapunov_drift": 0.000258,
  "mean_drift_l1": 0.05601695652173912,
  "mean_safe_ratio": 0.0,
  "mean_max_load_rate": 0.862500011920929
}