{
  "config_type": "normal_pyramid",
  "algorithm": "A2C",
  "seed": 123,
  "layer_capacities": [
    2,
    3,
    4,
    6,
    8
  ],
  "total_capacity": 23,
  "arrival_weights": [
    0.3,
    0.25,
    0.2,
    0.15,
    0.1
  ],
  "base_arrival_rate": 13.8,
  "high_load_multiplier": 5.0,
  "mean_reward": 661820.391588418,
  "std_reward": 2225.9362285563493,
  "best_reward": 667611.3825025826,
  "worst_reward": 657027.479762113,
  "crash_rate": 0.0,
  "completion_rate": 1.0,
  "terminated_count": 0,
  "truncated_count": 50,
  "mean_episode_length": 10000.0,
  "mean_waiting_time": 0.0,
  "mean_utilization": 0.04736246666666667,
  "training_time_minutes": 7.802410749594371,
  "eval_rewards": [
    662595.5353048684,
    660251.2687967995,
    663247.59212372,
    658506.1056874957,
    665226.0843465234,
    665618.6834196167,
    662404.1277884505,
    662976.4719570212,
    660023.2568456746,
    657098.7845804663,
    661793.083481459,
    662047.0459154769,
    662451.6292377061,
    664104.7979285077,
    661953.8623852829,
    660224.7811026386,
    662262.5827797604,
    661945.9054725975,
    661328.9894405049,
    660917.911680558,
    662306.9944962009,
    661426.9357321301,
    659426.3204004781,
    664738.0101940989,
    661501.5492139985,
    663524.5210898095,
    663710.6514724116,
    657027.479762113,
    663998.0269717312,
    661735.8523570233,
    660147.6243102454,
    660607.0515904016,
    661145.0148231006,
    661194.2139445514,
    663602.4960769787,
    666393.1013477551,
    658421.9483138171,
    659446.606564711,
    659608.5863212855,
    660719.2289042601,
    664698.4282190935,
    658363.8265180289,
    659815.3403479647,
    667611.3825025826,
    661180.3170081696,
    660117.7325923896,
    663306.1567327047,
    661909.0512137063,
    662677.6771343035,
    663678.9529897257
  ],
  "eval_lengths": [
    10000,
    10000,
    10000,
    10000,
    10000,
    10000,
    10000,
    10000,
    10000,
    10000,
    10000,
    10000,
    10000,
    10000,
    10000,
    10000,
    10000,
    10000,
    10000,
    10000,
    10000,
    10000,
    10000,
    10000,
    10000,
    10000,
    10000,
    10000,
    10000,
    10000,
    10000,
    10000,
    10000,
    10000,
    10000,
    10000,
    10000,
    10000,
    10000,
    10000,
    10000,
    10000,
    10000,
    10000,
    10000,
    10000,
    10000,
    10000,
    10000,
    10000
  ],
  "timestamp": "2026-01-07T15:09:57.791883"
}