{
  "config_type": "normal_pyramid",
  "algorithm": "A2C",
  "seed": 60,
  "layer_capacities": [
    2,
    3,
    4,
    6,
    8
  ],
  "total_capacity": 23,
  "arrival_weights": [
    0.3,
    0.25,
    0.2,
    0.15,
    0.1
  ],
  "base_arrival_rate": 13.8,
  "high_load_multiplier": 5.0,
  "mean_reward": 659246.9567058348,
  "std_reward": 1629.2596634627337,
  "best_reward": 663807.744971141,
  "worst_reward": 655592.8214999668,
  "crash_rate": 0.0,
  "completion_rate": 1.0,
  "terminated_count": 0,
  "truncated_count": 50,
  "mean_episode_length": 10000.0,
  "mean_waiting_time": 0.0,
  "mean_utilization": 0.04860818333333333,
  "training_time_minutes": 4.807065327962239,
  "eval_rewards": [
    657036.335902397,
    657996.3533455267,
    660825.1564007858,
    657006.2799309613,
    658285.3836879313,
    660453.4592429156,
    661107.7731150764,
    659886.1246233456,
    659112.2269964877,
    662689.3755560354,
    657968.281378256,
    660535.6879322634,
    658211.8723031299,
    657567.3477254021,
    658678.1987165827,
    658092.7418475254,
    655592.8214999668,
    659610.4470922711,
    659904.7884151975,
    660391.5063670567,
    658768.10993861,
    657822.7472148935,
    658572.2320779158,
    661561.8485419537,
    657476.7854227939,
    658201.661773103,
    660592.6026911457,
    658511.9319519743,
    660001.0945781592,
    658072.8000438751,
    660350.3538859237,
    658313.7170898363,
    657759.9361854823,
    659029.0736258321,
    660066.6716534945,
    659324.7559290366,
    661124.4891096168,
    657132.0891020191,
    659941.9574326447,
    660352.9533602198,
    658838.5896847417,
    660383.3334186387,
    660479.4096733037,
    661573.3524474886,
    660685.1624539202,
    658069.3002351281,
    656696.7251711163,
    657223.0267126542,
    663807.744971141,
    660661.2168359669
  ],
  "eval_lengths": [
    10000,
    10000,
    10000,
    10000,
    10000,
    10000,
    10000,
    10000,
    10000,
    10000,
    10000,
    10000,
    10000,
    10000,
    10000,
    10000,
    10000,
    10000,
    10000,
    10000,
    10000,
    10000,
    10000,
    10000,
    10000,
    10000,
    10000,
    10000,
    10000,
    10000,
    10000,
    10000,
    10000,
    10000,
    10000,
    10000,
    10000,
    10000,
    10000,
    10000,
    10000,
    10000,
    10000,
    10000,
    10000,
    10000,
    10000,
    10000,
    10000,
    10000
  ],
  "timestamp": "2026-01-15T14:09:45.029344",
  "mean_lyapunov": 1.831752,
  "mean_lyapunov_drift": 0.000148,
  "mean_drift_l1": 0.05712260869565217,
  "mean_safe_ratio": 0.0,
  "mean_max_load_rate": 0.862500011920929
}