{
  "config_type": "normal_pyramid",
  "algorithm": "A2C",
  "seed": 54,
  "layer_capacities": [
    2,
    3,
    4,
    6,
    8
  ],
  "total_capacity": 23,
  "arrival_weights": [
    0.3,
    0.25,
    0.2,
    0.15,
    0.1
  ],
  "base_arrival_rate": 13.8,
  "high_load_multiplier": 5.0,
  "mean_reward": 661236.9131672737,
  "std_reward": 2240.5943769757573,
  "best_reward": 665803.272283869,
  "worst_reward": 657130.576882479,
  "crash_rate": 0.0,
  "completion_rate": 1.0,
  "terminated_count": 0,
  "truncated_count": 50,
  "mean_episode_length": 10000.0,
  "mean_waiting_time": 0.0,
  "mean_utilization": 0.04850166666666667,
  "training_time_minutes": 4.774084842205047,
  "eval_rewards": [
    659348.2981469563,
    661458.0584334508,
    661413.6953814622,
    665803.272283869,
    662371.4666211216,
    661675.333632467,
    665735.5814497604,
    663647.0157390751,
    660225.9759302665,
    657348.7036168885,
    664278.9571329403,
    658701.2035157409,
    664099.6645413847,
    661695.8709056785,
    662958.529251015,
    660865.3553538995,
    663889.6998928053,
    663041.369835756,
    657815.342793728,
    657130.576882479,
    660417.3363626237,
    664996.1394404081,
    658060.9764159747,
    658898.5737949173,
    661965.6146103791,
    660255.9338589185,
    658507.0375487065,
    661650.4237571006,
    657845.185922301,
    662771.954501364,
    664811.9133097915,
    660463.9008305849,
    658454.0940428902,
    660432.2349468002,
    661936.5608846863,
    661928.980749841,
    661510.7606179048,
    659010.7214667579,
    663072.3960637689,
    660678.1933479653,
    660270.1491641975,
    664672.6339095356,
    660781.1613048365,
    659978.1236782061,
    659136.8781453243,
    658543.6278494042,
    660744.6942036365,
    660834.9493136604,
    662561.9804290476,
    663148.5565514106
  ],
  "eval_lengths": [
    10000,
    10000,
    10000,
    10000,
    10000,
    10000,
    10000,
    10000,
    10000,
    10000,
    10000,
    10000,
    10000,
    10000,
    10000,
    10000,
    10000,
    10000,
    10000,
    10000,
    10000,
    10000,
    10000,
    10000,
    10000,
    10000,
    10000,
    10000,
    10000,
    10000,
    10000,
    10000,
    10000,
    10000,
    10000,
    10000,
    10000,
    10000,
    10000,
    10000,
    10000,
    10000,
    10000,
    10000,
    10000,
    10000,
    10000,
    10000,
    10000,
    10000
  ],
  "timestamp": "2026-01-15T12:06:53.004729",
  "mean_lyapunov": 1.80587,
  "mean_lyapunov_drift": 0.000166,
  "mean_drift_l1": 0.05658321739130433,
  "mean_safe_ratio": 0.0,
  "mean_max_load_rate": 0.862500011920929
}