{
  "config_type": "normal_pyramid",
  "algorithm": "A2C",
  "seed": 50,
  "layer_capacities": [
    2,
    3,
    4,
    6,
    8
  ],
  "total_capacity": 23,
  "arrival_weights": [
    0.3,
    0.25,
    0.2,
    0.15,
    0.1
  ],
  "base_arrival_rate": 13.8,
  "high_load_multiplier": 5.0,
  "mean_reward": 661121.1270201162,
  "std_reward": 1724.4882601816607,
  "best_reward": 664425.9065000629,
  "worst_reward": 657081.0406738628,
  "crash_rate": 0.0,
  "completion_rate": 1.0,
  "terminated_count": 0,
  "truncated_count": 50,
  "mean_episode_length": 10000.0,
  "mean_waiting_time": 0.0,
  "mean_utilization": 0.048603683333333335,
  "training_time_minutes": 4.836935186386109,
  "eval_rewards": [
    660572.919539759,
    661073.9735013032,
    659990.6453016571,
    660077.8088479192,
    662913.300245377,
    659517.7794553279,
    663825.6244158803,
    662525.8968848358,
    659918.7805377254,
    663120.025029884,
    660438.8950278525,
    664110.5716594129,
    660912.7688892389,
    661561.8780857194,
    661541.7948070833,
    662166.6306598956,
    660345.9927767625,
    658241.7863877373,
    660185.7810044168,
    663833.894879104,
    659705.5892271803,
    659847.8397569514,
    664425.9065000629,
    660687.6663585933,
    663800.959574449,
    662259.589226837,
    660464.0686367844,
    660218.5791267927,
    657245.4557240403,
    657081.0406738628,
    660751.7456724471,
    663633.5413845523,
    661699.5177954253,
    661851.4468638607,
    662925.9770357287,
    659180.9638402468,
    658575.07889397,
    659371.6675377092,
    660360.9912466138,
    660028.854496661,
    661064.6675546125,
    659863.8012223707,
    663242.6678186484,
    661627.284180928,
    662334.0485719707,
    661934.0783367758,
    660473.7680764623,
    662461.437427377,
    662661.3457668773,
    659400.0245401227
  ],
  "eval_lengths": [
    10000,
    10000,
    10000,
    10000,
    10000,
    10000,
    10000,
    10000,
    10000,
    10000,
    10000,
    10000,
    10000,
    10000,
    10000,
    10000,
    10000,
    10000,
    10000,
    10000,
    10000,
    10000,
    10000,
    10000,
    10000,
    10000,
    10000,
    10000,
    10000,
    10000,
    10000,
    10000,
    10000,
    10000,
    10000,
    10000,
    10000,
    10000,
    10000,
    10000,
    10000,
    10000,
    10000,
    10000,
    10000,
    10000,
    10000,
    10000,
    10000,
    10000
  ],
  "timestamp": "2026-01-15T10:44:19.672147",
  "mean_lyapunov": 1.814914,
  "mean_lyapunov_drift": 0.000146,
  "mean_drift_l1": 0.05664686956521738,
  "mean_safe_ratio": 0.0,
  "mean_max_load_rate": 0.862500011920929
}