{
  "config_type": "normal_pyramid",
  "algorithm": "A2C",
  "seed": 56,
  "layer_capacities": [
    2,
    3,
    4,
    6,
    8
  ],
  "total_capacity": 23,
  "arrival_weights": [
    0.3,
    0.25,
    0.2,
    0.15,
    0.1
  ],
  "base_arrival_rate": 13.8,
  "high_load_multiplier": 5.0,
  "mean_reward": 661604.1580153657,
  "std_reward": 2447.9675664499287,
  "best_reward": 667646.8142277703,
  "worst_reward": 657318.057676609,
  "crash_rate": 0.0,
  "completion_rate": 1.0,
  "terminated_count": 0,
  "truncated_count": 50,
  "mean_episode_length": 10000.0,
  "mean_waiting_time": 0.0,
  "mean_utilization": 0.04720345,
  "training_time_minutes": 4.795200836658478,
  "eval_rewards": [
    660055.7359863956,
    660593.9875686305,
    659718.3018209061,
    660744.6889224622,
    662564.6145570074,
    660969.0762322536,
    660557.3197559395,
    664842.7918284237,
    664796.4301880006,
    659554.0561032855,
    657879.9078676248,
    660648.1478786438,
    665217.3820554675,
    659551.4797646549,
    658647.3748040424,
    657401.850386525,
    660586.9540999146,
    660858.8272614391,
    663494.5990932664,
    662347.0911346499,
    664662.1999900895,
    660798.4347692813,
    663489.3167359892,
    663316.5613398576,
    661885.5879848489,
    660046.7275708251,
    664914.7198970452,
    665898.6505065279,
    661769.8534866616,
    657669.8314270641,
    662712.5514546504,
    658601.0136663957,
    663239.3880585338,
    661039.1485824804,
    662110.6962432511,
    661627.3034816481,
    658657.5625533988,
    664549.0516433693,
    658221.1100553104,
    658658.1947349564,
    663404.0438346057,
    663572.4018028881,
    659646.1292258848,
    660186.1179922305,
    664127.8909483504,
    664348.4997052017,
    657318.057676609,
    667646.8142277703,
    663555.8410324672,
    661503.582830558
  ],
  "eval_lengths": [
    10000,
    10000,
    10000,
    10000,
    10000,
    10000,
    10000,
    10000,
    10000,
    10000,
    10000,
    10000,
    10000,
    10000,
    10000,
    10000,
    10000,
    10000,
    10000,
    10000,
    10000,
    10000,
    10000,
    10000,
    10000,
    10000,
    10000,
    10000,
    10000,
    10000,
    10000,
    10000,
    10000,
    10000,
    10000,
    10000,
    10000,
    10000,
    10000,
    10000,
    10000,
    10000,
    10000,
    10000,
    10000,
    10000,
    10000,
    10000,
    10000,
    10000
  ],
  "timestamp": "2026-01-15T12:47:20.298160",
  "mean_lyapunov": 1.83781,
  "mean_lyapunov_drift": 0.000138,
  "mean_drift_l1": 0.05648739130434782,
  "mean_safe_ratio": 0.0,
  "mean_max_load_rate": 0.862500011920929
}