{
  "config_type": "normal_pyramid",
  "algorithm": "A2C",
  "seed": 52,
  "layer_capacities": [
    2,
    3,
    4,
    6,
    8
  ],
  "total_capacity": 23,
  "arrival_weights": [
    0.3,
    0.25,
    0.2,
    0.15,
    0.1
  ],
  "base_arrival_rate": 13.8,
  "high_load_multiplier": 5.0,
  "mean_reward": 660914.62910195,
  "std_reward": 2197.828967737358,
  "best_reward": 665089.1039398668,
  "worst_reward": 656550.7560249872,
  "crash_rate": 0.0,
  "completion_rate": 1.0,
  "terminated_count": 0,
  "truncated_count": 50,
  "mean_episode_length": 10000.0,
  "mean_waiting_time": 0.0,
  "mean_utilization": 0.04844971666666666,
  "training_time_minutes": 4.9035491387049355,
  "eval_rewards": [
    660956.6526549053,
    659093.3780020853,
    660248.1176577415,
    662496.7409814909,
    659042.9519271367,
    658855.3425248258,
    663286.9241582938,
    662656.369327237,
    660150.7093322552,
    658261.1319689455,
    664162.0398686661,
    661218.6219077769,
    660789.6441510229,
    662343.8085807598,
    662544.1643521156,
    659154.8491262073,
    660266.9524201578,
    657017.5934843934,
    662224.0922036262,
    656731.0260065756,
    660811.3178193355,
    663479.9045496549,
    658366.3581596029,
    661876.3291519649,
    662032.5381175266,
    657754.8127576594,
    661715.6087506264,
    658735.5311723474,
    665081.8939155262,
    664442.3463973108,
    665089.1039398668,
    662659.6748734139,
    659670.4122768594,
    658626.291469381,
    659642.8698584511,
    660227.4512050947,
    659767.0076101182,
    661988.9203063538,
    659550.1674321122,
    662027.0922648446,
    663840.4546129365,
    657790.4420908708,
    660268.7654381144,
    660734.6717598314,
    664671.9144229313,
    660042.9534629087,
    663964.4161343797,
    661645.0807911077,
    661175.2576951637,
    656550.7560249872
  ],
  "eval_lengths": [
    10000,
    10000,
    10000,
    10000,
    10000,
    10000,
    10000,
    10000,
    10000,
    10000,
    10000,
    10000,
    10000,
    10000,
    10000,
    10000,
    10000,
    10000,
    10000,
    10000,
    10000,
    10000,
    10000,
    10000,
    10000,
    10000,
    10000,
    10000,
    10000,
    10000,
    10000,
    10000,
    10000,
    10000,
    10000,
    10000,
    10000,
    10000,
    10000,
    10000,
    10000,
    10000,
    10000,
    10000,
    10000,
    10000,
    10000,
    10000,
    10000,
    10000
  ],
  "timestamp": "2026-01-15T11:26:04.405555",
  "mean_lyapunov": 1.814084,
  "mean_lyapunov_drift": 0.000142,
  "mean_drift_l1": 0.056532086956521725,
  "mean_safe_ratio": 0.0,
  "mean_max_load_rate": 0.862500011920929
}