{
  "config_type": "normal_pyramid",
  "algorithm": "A2C",
  "seed": 44,
  "layer_capacities": [
    2,
    3,
    4,
    6,
    8
  ],
  "total_capacity": 23,
  "arrival_weights": [
    0.3,
    0.25,
    0.2,
    0.15,
    0.1
  ],
  "base_arrival_rate": 13.8,
  "high_load_multiplier": 5.0,
  "mean_reward": 658939.2563515573,
  "std_reward": 1926.2329158556397,
  "best_reward": 662351.7807261322,
  "worst_reward": 654652.7107466889,
  "crash_rate": 0.0,
  "completion_rate": 1.0,
  "terminated_count": 0,
  "truncated_count": 50,
  "mean_episode_length": 10000.0,
  "mean_waiting_time": 0.0,
  "mean_utilization": 0.04859109999999999,
  "training_time_minutes": 4.895841626326243,
  "eval_rewards": [
    657583.0271853078,
    661943.0217004854,
    659473.5950629885,
    657731.8822844721,
    656613.0445821184,
    662255.6580533347,
    660345.2745949421,
    659371.224357614,
    656619.5562804097,
    657917.911090864,
    659557.0829643873,
    662089.4988405374,
    656775.3907043795,
    655524.0905836555,
    660646.7975253983,
    660162.0814437688,
    658098.7681501043,
    660025.1042412126,
    659176.8688162061,
    655277.2954395141,
    659024.522542414,
    658481.3941912972,
    662043.2122627249,
    660130.4785415092,
    657194.6889669808,
    661544.8249300668,
    656153.8873770032,
    656777.4065348711,
    657977.2304735252,
    658285.6862285754,
    658617.7335612847,
    661081.100794102,
    658593.4322580108,
    658750.8447748639,
    659414.811031163,
    657137.9832793885,
    658402.6447118787,
    654652.7107466889,
    662351.7807261322,
    660053.9413843957,
    660848.9932551067,
    661474.5830040171,
    655902.6006177004,
    660104.2627842692,
    658147.5498740125,
    659099.1934963487,
    659804.0415547636,
    657529.2244891111,
    660203.606394769,
    659991.2728891968
  ],
  "eval_lengths": [
    10000,
    10000,
    10000,
    10000,
    10000,
    10000,
    10000,
    10000,
    10000,
    10000,
    10000,
    10000,
    10000,
    10000,
    10000,
    10000,
    10000,
    10000,
    10000,
    10000,
    10000,
    10000,
    10000,
    10000,
    10000,
    10000,
    10000,
    10000,
    10000,
    10000,
    10000,
    10000,
    10000,
    10000,
    10000,
    10000,
    10000,
    10000,
    10000,
    10000,
    10000,
    10000,
    10000,
    10000,
    10000,
    10000,
    10000,
    10000,
    10000,
    10000
  ],
  "timestamp": "2026-01-15T08:40:21.857747",
  "mean_lyapunov": 1.824242,
  "mean_lyapunov_drift": 0.000244,
  "mean_drift_l1": 0.05706052173913043,
  "mean_safe_ratio": 0.0,
  "mean_max_load_rate": 0.862500011920929
}