{
  "config_type": "normal_pyramid",
  "algorithm": "A2C",
  "seed": 57,
  "layer_capacities": [
    2,
    3,
    4,
    6,
    8
  ],
  "total_capacity": 23,
  "arrival_weights": [
    0.3,
    0.25,
    0.2,
    0.15,
    0.1
  ],
  "base_arrival_rate": 13.8,
  "high_load_multiplier": 5.0,
  "mean_reward": 661275.0268433992,
  "std_reward": 1974.2857102010662,
  "best_reward": 664563.5270400669,
  "worst_reward": 655412.7021308173,
  "crash_rate": 0.0,
  "completion_rate": 1.0,
  "terminated_count": 0,
  "truncated_count": 50,
  "mean_episode_length": 10000.0,
  "mean_waiting_time": 0.0,
  "mean_utilization": 0.04853098333333333,
  "training_time_minutes": 4.885158705711365,
  "eval_rewards": [
    659089.1797207021,
    662663.9714520768,
    662775.6513440023,
    661210.6912143481,
    658476.2685670557,
    661342.8329977014,
    661657.5007211984,
    658675.7057744536,
    661247.0918438751,
    659953.633047968,
    661457.6799981482,
    661745.267342125,
    657460.7364091349,
    662085.3843072216,
    664563.5270400669,
    660914.3915451573,
    664436.0824043356,
    663682.4251818754,
    659293.0813113003,
    663241.4817717676,
    662156.2838365328,
    662337.1215481875,
    661355.7825290592,
    659180.9816628072,
    661405.359734703,
    664042.5531187739,
    662044.9713263,
    661235.9169167416,
    659896.5005984649,
    663542.3345923836,
    660932.9509331229,
    661143.0951927654,
    662573.0590064724,
    664148.7196944891,
    662026.1665146423,
    661403.9412520719,
    656281.9398300156,
    663120.5876893023,
    661571.9960856151,
    662280.8279858702,
    658436.5210335833,
    661905.3653057888,
    662783.1196008075,
    659477.4475801975,
    659966.7697264954,
    662306.6626295013,
    662137.1313494673,
    659618.937313372,
    655412.7021308173,
    663053.0114570927
  ],
  "eval_lengths": [
    10000,
    10000,
    10000,
    10000,
    10000,
    10000,
    10000,
    10000,
    10000,
    10000,
    10000,
    10000,
    10000,
    10000,
    10000,
    10000,
    10000,
    10000,
    10000,
    10000,
    10000,
    10000,
    10000,
    10000,
    10000,
    10000,
    10000,
    10000,
    10000,
    10000,
    10000,
    10000,
    10000,
    10000,
    10000,
    10000,
    10000,
    10000,
    10000,
    10000,
    10000,
    10000,
    10000,
    10000,
    10000,
    10000,
    10000,
    10000,
    10000,
    10000
  ],
  "timestamp": "2026-01-15T13:08:23.652314",
  "mean_lyapunov": 1.80684,
  "mean_lyapunov_drift": 0.0002,
  "mean_drift_l1": 0.05662486956521739,
  "mean_safe_ratio": 0.0,
  "mean_max_load_rate": 0.862500011920929
}