{
  "config_type": "normal_pyramid",
  "algorithm": "A2C",
  "seed": 456,
  "layer_capacities": [
    2,
    3,
    4,
    6,
    8
  ],
  "total_capacity": 23,
  "arrival_weights": [
    0.3,
    0.25,
    0.2,
    0.15,
    0.1
  ],
  "base_arrival_rate": 13.8,
  "high_load_multiplier": 5.0,
  "mean_reward": 664861.141632856,
  "std_reward": 2235.6684956538547,
  "best_reward": 669401.8200772525,
  "worst_reward": 659746.2242451047,
  "crash_rate": 0.0,
  "completion_rate": 1.0,
  "terminated_count": 0,
  "truncated_count": 50,
  "mean_episode_length": 10000.0,
  "mean_waiting_time": 0.0,
  "mean_utilization": 0.04697046666666667,
  "training_time_minutes": 7.696750366687775,
  "eval_rewards": [
    665598.9420525476,
    659746.2242451047,
    664715.1293448383,
    667824.0063631624,
    665692.5403589181,
    663653.5056895657,
    666706.5179099353,
    669217.8469137284,
    669401.8200772525,
    664512.8935537516,
    667237.6023864674,
    665031.5641076168,
    664578.9981339382,
    663974.8796793539,
    666176.1096720516,
    663474.9408943619,
    664658.186117133,
    666665.5022483141,
    662607.931684368,
    669147.664128061,
    664244.264361038,
    668232.1062220066,
    664212.3756537542,
    664959.9763483689,
    666605.1853626485,
    660505.0606954105,
    663691.6815841866,
    664379.9456095195,
    662748.796096918,
    661562.4715475236,
    664486.537635087,
    664356.82581718,
    663039.3772067496,
    665163.0387471034,
    664083.2131477982,
    663016.876134563,
    666429.4870275952,
    665441.5865617305,
    666183.5682720472,
    662808.6017014849,
    663597.4268733354,
    668380.7234995108,
    668248.7588899459,
    664549.1670982316,
    661005.502861133,
    662885.0717119128,
    667209.0181723962,
    665851.7217050322,
    662676.0750493992,
    661879.8344887164
  ],
  "eval_lengths": [
    10000,
    10000,
    10000,
    10000,
    10000,
    10000,
    10000,
    10000,
    10000,
    10000,
    10000,
    10000,
    10000,
    10000,
    10000,
    10000,
    10000,
    10000,
    10000,
    10000,
    10000,
    10000,
    10000,
    10000,
    10000,
    10000,
    10000,
    10000,
    10000,
    10000,
    10000,
    10000,
    10000,
    10000,
    10000,
    10000,
    10000,
    10000,
    10000,
    10000,
    10000,
    10000,
    10000,
    10000,
    10000,
    10000,
    10000,
    10000,
    10000,
    10000
  ],
  "timestamp": "2026-01-07T15:41:26.169470"
}