{
  "config_type": "normal_pyramid",
  "algorithm": "A2C",
  "seed": 68,
  "layer_capacities": [
    2,
    3,
    4,
    6,
    8
  ],
  "total_capacity": 23,
  "arrival_weights": [
    0.3,
    0.25,
    0.2,
    0.15,
    0.1
  ],
  "base_arrival_rate": 13.8,
  "high_load_multiplier": 5.0,
  "mean_reward": 661662.4697307176,
  "std_reward": 1726.8903277856389,
  "best_reward": 665503.5671742916,
  "worst_reward": 657116.614923123,
  "crash_rate": 0.0,
  "completion_rate": 1.0,
  "terminated_count": 0,
  "truncated_count": 50,
  "mean_episode_length": 10000.0,
  "mean_waiting_time": 0.0,
  "mean_utilization": 0.04732613333333333,
  "training_time_minutes": 4.942580238978068,
  "eval_rewards": [
    661946.8288763791,
    661491.8425210405,
    662850.4070789304,
    663730.7945377845,
    661362.6902106093,
    662755.8464624184,
    661338.5784940935,
    661869.9292695704,
    658969.739979538,
    662353.092113468,
    660374.2240837928,
    663805.7860068645,
    661676.5252309826,
    665503.5671742916,
    659157.3293295327,
    660880.1738122969,
    661374.4529855743,
    659791.1734339182,
    662573.2615475702,
    657116.614923123,
    664046.8005694607,
    662691.9437589773,
    658281.1597508424,
    663814.5371994125,
    660195.6387339646,
    661533.306710755,
    660524.7352265649,
    663135.0404745637,
    662675.5159820425,
    661336.6913842856,
    664650.4841743448,
    658931.3178745314,
    660998.783794797,
    661968.3495633036,
    660396.1278387612,
    665005.4062597654,
    662077.5615661879,
    660546.0595622177,
    663218.6396487216,
    659208.0355980602,
    661585.8626181962,
    660142.9019752761,
    662045.3506299352,
    663853.8850666872,
    662443.8052993747,
    660209.133620166,
    661052.1075018117,
    662693.8887196106,
    661986.9851253008,
    660950.5722361854
  ],
  "eval_lengths": [
    10000,
    10000,
    10000,
    10000,
    10000,
    10000,
    10000,
    10000,
    10000,
    10000,
    10000,
    10000,
    10000,
    10000,
    10000,
    10000,
    10000,
    10000,
    10000,
    10000,
    10000,
    10000,
    10000,
    10000,
    10000,
    10000,
    10000,
    10000,
    10000,
    10000,
    10000,
    10000,
    10000,
    10000,
    10000,
    10000,
    10000,
    10000,
    10000,
    10000,
    10000,
    10000,
    10000,
    10000,
    10000,
    10000,
    10000,
    10000,
    10000,
    10000
  ],
  "timestamp": "2026-01-15T16:54:23.931897",
  "mean_lyapunov": 1.840616,
  "mean_lyapunov_drift": 0.000212,
  "mean_drift_l1": 0.056537043478260884,
  "mean_safe_ratio": 0.0,
  "mean_max_load_rate": 0.862500011920929
}