{
  "config_type": "normal_pyramid",
  "algorithm": "A2C",
  "seed": 46,
  "layer_capacities": [
    2,
    3,
    4,
    6,
    8
  ],
  "total_capacity": 23,
  "arrival_weights": [
    0.3,
    0.25,
    0.2,
    0.15,
    0.1
  ],
  "base_arrival_rate": 13.8,
  "high_load_multiplier": 5.0,
  "mean_reward": 658994.9989288003,
  "std_reward": 1832.0006828375767,
  "best_reward": 663217.7661803969,
  "worst_reward": 653173.8576207509,
  "crash_rate": 0.0,
  "completion_rate": 1.0,
  "terminated_count": 0,
  "truncated_count": 50,
  "mean_episode_length": 10000.0,
  "mean_waiting_time": 0.0,
  "mean_utilization": 0.048659516666666666,
  "training_time_minutes": 4.9062065521876015,
  "eval_rewards": [
    659684.9762007314,
    660495.7122136279,
    657669.1149499803,
    660153.8022796992,
    660284.3747942756,
    660481.1733781139,
    660366.1533064123,
    657640.8718627564,
    656347.7448416824,
    656531.9627668835,
    658669.5858652545,
    659052.8546498907,
    658270.287876211,
    657536.8719952635,
    660182.639187343,
    653173.8576207509,
    657102.107288718,
    659576.8706913447,
    655494.6025633597,
    661460.4613895188,
    659268.0633515521,
    659817.1219757419,
    660611.9299770144,
    663217.7661803969,
    660736.1742086414,
    658734.7009022088,
    660953.5161919798,
    660248.3141716741,
    658072.8887004103,
    657630.617486862,
    659797.0118327956,
    654855.5797031544,
    659860.6811587154,
    659970.1034556759,
    657899.9994244686,
    660186.079697935,
    659153.1425446288,
    658787.6274435731,
    657139.5162876479,
    661130.2257874327,
    659226.9075727167,
    657048.7640801474,
    660262.6317800641,
    659431.8536632922,
    660313.4374436177,
    658305.5783469009,
    656692.9027579362,
    659635.4739923275,
    659426.0163676242,
    661159.2942310605
  ],
  "eval_lengths": [
    10000,
    10000,
    10000,
    10000,
    10000,
    10000,
    10000,
    10000,
    10000,
    10000,
    10000,
    10000,
    10000,
    10000,
    10000,
    10000,
    10000,
    10000,
    10000,
    10000,
    10000,
    10000,
    10000,
    10000,
    10000,
    10000,
    10000,
    10000,
    10000,
    10000,
    10000,
    10000,
    10000,
    10000,
    10000,
    10000,
    10000,
    10000,
    10000,
    10000,
    10000,
    10000,
    10000,
    10000,
    10000,
    10000,
    10000,
    10000,
    10000,
    10000
  ],
  "timestamp": "2026-01-15T09:21:50.865143",
  "mean_lyapunov": 1.822104,
  "mean_lyapunov_drift": 0.00025,
  "mean_drift_l1": 0.05707643478260868,
  "mean_safe_ratio": 0.0,
  "mean_max_load_rate": 0.862500011920929
}