{
  "config_type": "normal_pyramid",
  "algorithm": "A2C",
  "seed": 43,
  "layer_capacities": [
    2,
    3,
    4,
    6,
    8
  ],
  "total_capacity": 23,
  "arrival_weights": [
    0.3,
    0.25,
    0.2,
    0.15,
    0.1
  ],
  "base_arrival_rate": 13.8,
  "high_load_multiplier": 5.0,
  "mean_reward": 658663.2473711163,
  "std_reward": 1715.7399575696472,
  "best_reward": 661813.979018871,
  "worst_reward": 654502.8126490585,
  "crash_rate": 0.0,
  "completion_rate": 1.0,
  "terminated_count": 0,
  "truncated_count": 50,
  "mean_episode_length": 10000.0,
  "mean_waiting_time": 0.0,
  "mean_utilization": 0.04886921666666666,
  "training_time_minutes": 4.902254430452983,
  "eval_rewards": [
    658965.5142350883,
    658588.8124393293,
    659639.7692247875,
    657485.377917487,
    661813.979018871,
    660851.0279972695,
    657250.6683494546,
    657661.9507094878,
    659027.023277602,
    656098.4604939878,
    656775.3765617294,
    661624.5233604033,
    658916.3357768666,
    655331.8945659604,
    659373.8417863837,
    657480.0040266068,
    656859.6178790227,
    659033.1642942223,
    657413.7729526532,
    658189.8986030138,
    661527.6935911181,
    659658.0087999692,
    657698.0756692291,
    657163.0300402457,
    660349.4041756444,
    658969.069622197,
    655018.5424242563,
    660325.9662902333,
    656604.9646021265,
    657826.4482750597,
    660805.5849058353,
    659905.507037359,
    660059.0256910058,
    659894.8075130421,
    661607.2123626254,
    659260.4240170964,
    658416.791516275,
    657727.4345401911,
    657044.4030394426,
    659399.9363937662,
    660066.0862780712,
    658373.5260586882,
    659369.5572943534,
    658154.9687505225,
    656380.3668556381,
    654502.8126490585,
    658770.156131971,
    660362.58339493,
    659601.3144327356,
    659937.6527329048
  ],
  "eval_lengths": [
    10000,
    10000,
    10000,
    10000,
    10000,
    10000,
    10000,
    10000,
    10000,
    10000,
    10000,
    10000,
    10000,
    10000,
    10000,
    10000,
    10000,
    10000,
    10000,
    10000,
    10000,
    10000,
    10000,
    10000,
    10000,
    10000,
    10000,
    10000,
    10000,
    10000,
    10000,
    10000,
    10000,
    10000,
    10000,
    10000,
    10000,
    10000,
    10000,
    10000,
    10000,
    10000,
    10000,
    10000,
    10000,
    10000,
    10000,
    10000,
    10000,
    10000
  ],
  "timestamp": "2026-01-15T08:19:18.613036",
  "mean_lyapunov": 1.841836,
  "mean_lyapunov_drift": 0.00021,
  "mean_drift_l1": 0.05728321739130432,
  "mean_safe_ratio": 0.0,
  "mean_max_load_rate": 0.862500011920929
}