{
  "config_type": "normal_pyramid",
  "algorithm": "A2C",
  "seed": 71,
  "layer_capacities": [
    2,
    3,
    4,
    6,
    8
  ],
  "total_capacity": 23,
  "arrival_weights": [
    0.3,
    0.25,
    0.2,
    0.15,
    0.1
  ],
  "base_arrival_rate": 13.8,
  "high_load_multiplier": 5.0,
  "mean_reward": 659528.6983650381,
  "std_reward": 2383.623705132713,
  "best_reward": 665447.1000513827,
  "worst_reward": 654876.0831704516,
  "crash_rate": 0.0,
  "completion_rate": 1.0,
  "terminated_count": 0,
  "truncated_count": 50,
  "mean_episode_length": 10000.0,
  "mean_waiting_time": 0.0,
  "mean_utilization": 0.047367266666666664,
  "training_time_minutes": 4.821025009950002,
  "eval_rewards": [
    659116.9769639557,
    658594.4318453526,
    661045.956707646,
    657005.3836091243,
    662534.7597652919,
    663477.2692969849,
    659608.9067977696,
    655839.8243077873,
    662483.5442353213,
    658672.227869155,
    658397.0389838677,
    661914.5187518466,
    656731.0251827136,
    656564.5106870161,
    665447.1000513827,
    659960.4512510858,
    659252.8839995117,
    662749.0758599504,
    662386.3252848963,
    662292.0324051268,
    657512.6204836663,
    660084.8813930299,
    659427.0069381205,
    662449.5656165626,
    659475.1924038548,
    659005.600028261,
    654876.0831704516,
    657626.5166756894,
    658293.3791777919,
    658620.4579440539,
    657725.059090674,
    661567.036163316,
    664027.4315280982,
    659086.7735461574,
    659680.6978308865,
    658319.0902527914,
    656430.0741430336,
    654948.673395861,
    658131.6078746702,
    656557.594033905,
    658349.4984687285,
    660946.7317382575,
    659323.4506399743,
    657644.5236152295,
    661145.8789334202,
    659925.489826724,
    662566.3089190552,
    656854.6469120028,
    661285.3246676803,
    660473.4789841702
  ],
  "eval_lengths": [
    10000,
    10000,
    10000,
    10000,
    10000,
    10000,
    10000,
    10000,
    10000,
    10000,
    10000,
    10000,
    10000,
    10000,
    10000,
    10000,
    10000,
    10000,
    10000,
    10000,
    10000,
    10000,
    10000,
    10000,
    10000,
    10000,
    10000,
    10000,
    10000,
    10000,
    10000,
    10000,
    10000,
    10000,
    10000,
    10000,
    10000,
    10000,
    10000,
    10000,
    10000,
    10000,
    10000,
    10000,
    10000,
    10000,
    10000,
    10000,
    10000,
    10000
  ],
  "timestamp": "2026-01-15T17:56:51.185056",
  "mean_lyapunov": 1.659886,
  "mean_lyapunov_drift": 0.000136,
  "mean_drift_l1": 0.05689356521739129,
  "mean_safe_ratio": 0.0,
  "mean_max_load_rate": 0.862500011920929
}