{
  "config_type": "normal_pyramid",
  "algorithm": "PPO",
  "seed": 50,
  "layer_capacities": [
    2,
    3,
    4,
    6,
    8
  ],
  "total_capacity": 23,
  "arrival_weights": [
    0.3,
    0.25,
    0.2,
    0.15,
    0.1
  ],
  "base_arrival_rate": 13.8,
  "high_load_multiplier": 5.0,
  "mean_reward": 659238.7869306068,
  "std_reward": 1845.4363917367284,
  "best_reward": 663869.5839328112,
  "worst_reward": 655239.0142631106,
  "crash_rate": 0.0,
  "completion_rate": 1.0,
  "terminated_count": 0,
  "truncated_count": 50,
  "mean_episode_length": 10000.0,
  "mean_waiting_time": 0.0,
  "mean_utilization": 0.04883588333333334,
  "training_time_minutes": 6.4262422521909075,
  "eval_rewards": [
    659363.6425890013,
    659958.9321746592,
    660697.2977369505,
    656981.8783037694,
    661631.5677127342,
    660821.794299034,
    658433.9428841741,
    660505.783874647,
    658966.0814645155,
    660920.3723635548,
    658331.2120431114,
    659378.281115172,
    661506.1572146716,
    658642.462152012,
    659839.4478528069,
    656266.4400846653,
    658246.3628909227,
    660502.5869217977,
    658816.578892398,
    657863.617043632,
    663869.5839328112,
    659615.0984026068,
    660973.5080586874,
    658083.2262542453,
    660090.3893891941,
    656271.9872347134,
    656238.2654972869,
    655392.1796320658,
    658138.5401461611,
    663008.0017153395,
    659842.2488534072,
    661164.4435904383,
    661026.9236804915,
    659256.7626725982,
    656466.7170059244,
    658052.9442888858,
    657842.6998196275,
    658014.4499282491,
    657487.5798362751,
    660388.1744888038,
    660547.6560841698,
    660250.3405981979,
    659809.8945102161,
    658295.8804634581,
    659982.1220275514,
    662011.475507973,
    659268.6852194228,
    655239.0142631106,
    657941.3703291578,
    659694.7434850397
  ],
  "eval_lengths": [
    10000,
    10000,
    10000,
    10000,
    10000,
    10000,
    10000,
    10000,
    10000,
    10000,
    10000,
    10000,
    10000,
    10000,
    10000,
    10000,
    10000,
    10000,
    10000,
    10000,
    10000,
    10000,
    10000,
    10000,
    10000,
    10000,
    10000,
    10000,
    10000,
    10000,
    10000,
    10000,
    10000,
    10000,
    10000,
    10000,
    10000,
    10000,
    10000,
    10000,
    10000,
    10000,
    10000,
    10000,
    10000,
    10000,
    10000,
    10000,
    10000,
    10000
  ],
  "timestamp": "2026-01-15T21:16:25.320409",
  "mean_lyapunov": 1.842608,
  "mean_lyapunov_drift": 0.00024,
  "mean_drift_l1": 0.05727582608695652,
  "mean_safe_ratio": 0.0,
  "mean_max_load_rate": 0.862500011920929
}