{
  "config_type": "normal_pyramid",
  "algorithm": "PPO",
  "seed": 47,
  "layer_capacities": [
    2,
    3,
    4,
    6,
    8
  ],
  "total_capacity": 23,
  "arrival_weights": [
    0.3,
    0.25,
    0.2,
    0.15,
    0.1
  ],
  "base_arrival_rate": 13.8,
  "high_load_multiplier": 5.0,
  "mean_reward": 659409.092768211,
  "std_reward": 1835.4193380861684,
  "best_reward": 664876.0878261522,
  "worst_reward": 655105.5356299344,
  "crash_rate": 0.0,
  "completion_rate": 1.0,
  "terminated_count": 0,
  "truncated_count": 50,
  "mean_episode_length": 10000.0,
  "mean_waiting_time": 0.0,
  "mean_utilization": 0.04866156666666666,
  "training_time_minutes": 6.353069404760997,
  "eval_rewards": [
    656946.203089752,
    658860.0065191246,
    661173.1915016619,
    659803.7351956882,
    661952.242772935,
    660609.1413854182,
    660704.909529611,
    657413.8489081872,
    658281.7832480446,
    661018.5082393298,
    662417.59388064,
    655105.5356299344,
    655653.9607372644,
    658127.2060073296,
    658884.2223920764,
    657191.4801952345,
    661112.4423342725,
    659475.5482562843,
    657246.8049440682,
    661292.8472045389,
    660412.5034981362,
    658247.4650576552,
    657454.7216622126,
    658855.1876535369,
    660329.4900785119,
    661002.3013233234,
    658701.0139643796,
    657900.2744895649,
    658129.1520779479,
    658976.4869202707,
    660432.3127145695,
    660521.6824708916,
    659982.0804503326,
    659224.4172477962,
    658810.2950767778,
    659985.9546445804,
    657963.2795628703,
    656044.0188716017,
    660312.2506166233,
    661076.4126737942,
    660209.7102976142,
    661153.6288892832,
    660132.9075605415,
    659624.7000935739,
    658238.6015358838,
    661737.5967942456,
    660517.511971327,
    664876.0878261522,
    659076.7215495332,
    657254.6588656198
  ],
  "eval_lengths": [
    10000,
    10000,
    10000,
    10000,
    10000,
    10000,
    10000,
    10000,
    10000,
    10000,
    10000,
    10000,
    10000,
    10000,
    10000,
    10000,
    10000,
    10000,
    10000,
    10000,
    10000,
    10000,
    10000,
    10000,
    10000,
    10000,
    10000,
    10000,
    10000,
    10000,
    10000,
    10000,
    10000,
    10000,
    10000,
    10000,
    10000,
    10000,
    10000,
    10000,
    10000,
    10000,
    10000,
    10000,
    10000,
    10000,
    10000,
    10000,
    10000,
    10000
  ],
  "timestamp": "2026-01-15T20:09:49.847779",
  "mean_lyapunov": 1.832244,
  "mean_lyapunov_drift": 0.000212,
  "mean_drift_l1": 0.05716069565217391,
  "mean_safe_ratio": 0.0,
  "mean_max_load_rate": 0.8625203105601073
}