{
  "config_type": "normal_pyramid",
  "algorithm": "PPO",
  "seed": 63,
  "layer_capacities": [
    2,
    3,
    4,
    6,
    8
  ],
  "total_capacity": 23,
  "arrival_weights": [
    0.3,
    0.25,
    0.2,
    0.15,
    0.1
  ],
  "base_arrival_rate": 13.8,
  "high_load_multiplier": 5.0,
  "mean_reward": 659191.2110932599,
  "std_reward": 2136.3293811687863,
  "best_reward": 664817.3477570782,
  "worst_reward": 653429.8096673157,
  "crash_rate": 0.0,
  "completion_rate": 1.0,
  "terminated_count": 0,
  "truncated_count": 50,
  "mean_episode_length": 10000.0,
  "mean_waiting_time": 0.0,
  "mean_utilization": 0.048726116666666666,
  "training_time_minutes": 6.600107296307882,
  "eval_rewards": [
    659891.6026943671,
    659228.0198546608,
    659984.0704801149,
    661577.4174817227,
    656362.439999328,
    656909.4588016517,
    659781.082318682,
    659139.5088077193,
    659182.5447495192,
    657166.5005787477,
    653429.8096673157,
    655107.6433336698,
    658615.2038540703,
    662253.8330424944,
    659238.3093983035,
    657798.9057523968,
    659918.6530397509,
    662348.5882424088,
    659199.9245866121,
    661441.6426601738,
    660604.7482824784,
    659915.5392013798,
    660090.8712461347,
    658364.0412183191,
    663058.9417287848,
    661750.1416667807,
    660094.4433034679,
    659714.5132669375,
    656958.8592301437,
    662052.5754778567,
    658668.6244986538,
    657792.4161357193,
    658164.7831656311,
    664817.3477570782,
    657938.0712500496,
    658892.6128574719,
    655447.5467118782,
    656033.5174962811,
    660469.1796050838,
    661973.5032310042,
    661052.0058017222,
    658758.8786606117,
    659240.0473100836,
    657566.4166450216,
    658132.9949302758,
    660701.2098955549,
    657752.3290594142,
    658090.2864834071,
    657259.6265203372,
    659629.3226817219
  ],
  "eval_lengths": [
    10000,
    10000,
    10000,
    10000,
    10000,
    10000,
    10000,
    10000,
    10000,
    10000,
    10000,
    10000,
    10000,
    10000,
    10000,
    10000,
    10000,
    10000,
    10000,
    10000,
    10000,
    10000,
    10000,
    10000,
    10000,
    10000,
    10000,
    10000,
    10000,
    10000,
    10000,
    10000,
    10000,
    10000,
    10000,
    10000,
    10000,
    10000,
    10000,
    10000,
    10000,
    10000,
    10000,
    10000,
    10000,
    10000,
    10000,
    10000,
    10000,
    10000
  ],
  "timestamp": "2026-01-16T02:04:03.290532",
  "mean_lyapunov": 1.837086,
  "mean_lyapunov_drift": 0.000108,
  "mean_drift_l1": 0.057234782608695654,
  "mean_safe_ratio": 0.0,
  "mean_max_load_rate": 0.862500410420537
}