{
  "config_type": "normal_pyramid",
  "algorithm": "PPO",
  "seed": 46,
  "layer_capacities": [
    2,
    3,
    4,
    6,
    8
  ],
  "total_capacity": 23,
  "arrival_weights": [
    0.3,
    0.25,
    0.2,
    0.15,
    0.1
  ],
  "base_arrival_rate": 13.8,
  "high_load_multiplier": 5.0,
  "mean_reward": 659025.2235072289,
  "std_reward": 1814.4199665609515,
  "best_reward": 664121.5812190599,
  "worst_reward": 654330.6896867319,
  "crash_rate": 0.0,
  "completion_rate": 1.0,
  "terminated_count": 0,
  "truncated_count": 50,
  "mean_episode_length": 10000.0,
  "mean_waiting_time": 0.0,
  "mean_utilization": 0.04867521666666667,
  "training_time_minutes": 6.528813763459524,
  "eval_rewards": [
    657613.7519511189,
    660566.0819524731,
    659651.2627867943,
    660512.4079695184,
    660403.8445660785,
    657345.5161244092,
    656539.2319223285,
    656096.5966685619,
    658563.0582773737,
    659381.6428365055,
    657804.9665544957,
    657241.5756158511,
    659298.7359649327,
    654362.1276691228,
    658098.9382791638,
    657930.4091681064,
    656358.8856327928,
    661686.9771470336,
    659404.9365099524,
    658874.9127046915,
    660908.8124191909,
    664121.5812190599,
    659770.6229988101,
    659583.3826505215,
    660107.2928644622,
    660419.9237966229,
    657847.9756822416,
    657732.6769886132,
    659898.7452723118,
    654330.6896867319,
    660480.0384651377,
    659667.3281741736,
    658522.1025954799,
    660110.3779725893,
    658863.4116128624,
    658637.5288823447,
    658000.4576349709,
    660673.5555019624,
    659045.840927105,
    657808.64105392,
    660389.4365444998,
    658934.0165605636,
    660876.3883990616,
    657253.418312078,
    656894.5738443868,
    659852.0563322334,
    660024.0556232836,
    660812.7251518086,
    660396.5341563483,
    661561.1237367647
  ],
  "eval_lengths": [
    10000,
    10000,
    10000,
    10000,
    10000,
    10000,
    10000,
    10000,
    10000,
    10000,
    10000,
    10000,
    10000,
    10000,
    10000,
    10000,
    10000,
    10000,
    10000,
    10000,
    10000,
    10000,
    10000,
    10000,
    10000,
    10000,
    10000,
    10000,
    10000,
    10000,
    10000,
    10000,
    10000,
    10000,
    10000,
    10000,
    10000,
    10000,
    10000,
    10000,
    10000,
    10000,
    10000,
    10000,
    10000,
    10000,
    10000,
    10000,
    10000,
    10000
  ],
  "timestamp": "2026-01-15T19:47:25.107614",
  "mean_lyapunov": 1.823164,
  "mean_lyapunov_drift": 0.000182,
  "mean_drift_l1": 0.05710391304347825,
  "mean_safe_ratio": 0.0,
  "mean_max_load_rate": 0.8625227440390587
}