{
  "config_type": "normal_pyramid",
  "algorithm": "PPO",
  "seed": 66,
  "layer_capacities": [
    2,
    3,
    4,
    6,
    8
  ],
  "total_capacity": 23,
  "arrival_weights": [
    0.3,
    0.25,
    0.2,
    0.15,
    0.1
  ],
  "base_arrival_rate": 13.8,
  "high_load_multiplier": 5.0,
  "mean_reward": 659148.9551608765,
  "std_reward": 2137.1833445526386,
  "best_reward": 663797.9096232483,
  "worst_reward": 654504.0527890616,
  "crash_rate": 0.0,
  "completion_rate": 1.0,
  "terminated_count": 0,
  "truncated_count": 50,
  "mean_episode_length": 10000.0,
  "mean_waiting_time": 0.0,
  "mean_utilization": 0.048567833333333324,
  "training_time_minutes": 6.513494563102722,
  "eval_rewards": [
    658975.0355587583,
    654714.0910341251,
    663797.9096232483,
    659647.2136893951,
    659852.1314713762,
    658521.924638736,
    657505.7518074138,
    662719.1946543583,
    658421.8072579226,
    659333.1431985347,
    660536.0709513504,
    655407.2375957118,
    661603.8697551193,
    656570.7195229855,
    661136.3986339372,
    660118.1943290967,
    659796.1186541603,
    660090.468820959,
    656619.358420936,
    662192.8954398896,
    659891.040049832,
    658374.8693804701,
    659277.9852331181,
    659569.6659959911,
    661314.6156550561,
    658543.0748930629,
    655585.6654566418,
    661998.6080497074,
    660067.4888563757,
    661953.2253338225,
    656245.1703626369,
    659033.0912706917,
    660371.479704557,
    656852.1985100838,
    658568.0761677978,
    659526.0147841782,
    659204.306958052,
    658592.4644081092,
    659945.5481108957,
    657974.9119536376,
    662955.4927372013,
    659770.8580129885,
    662075.3567177935,
    659855.5605593598,
    658609.9502425827,
    658601.4090932087,
    654504.0527890616,
    657331.7555387701,
    657987.3227721888,
    655306.9633879389
  ],
  "eval_lengths": [
    10000,
    10000,
    10000,
    10000,
    10000,
    10000,
    10000,
    10000,
    10000,
    10000,
    10000,
    10000,
    10000,
    10000,
    10000,
    10000,
    10000,
    10000,
    10000,
    10000,
    10000,
    10000,
    10000,
    10000,
    10000,
    10000,
    10000,
    10000,
    10000,
    10000,
    10000,
    10000,
    10000,
    10000,
    10000,
    10000,
    10000,
    10000,
    10000,
    10000,
    10000,
    10000,
    10000,
    10000,
    10000,
    10000,
    10000,
    10000,
    10000,
    10000
  ],
  "timestamp": "2026-01-16T03:10:06.364798",
  "mean_lyapunov": 1.827022,
  "mean_lyapunov_drift": 0.00026,
  "mean_drift_l1": 0.0571368695652174,
  "mean_safe_ratio": 0.0,
  "mean_max_load_rate": 0.862500011920929
}