{
  "config_type": "normal_pyramid",
  "algorithm": "PPO",
  "seed": 61,
  "layer_capacities": [
    2,
    3,
    4,
    6,
    8
  ],
  "total_capacity": 23,
  "arrival_weights": [
    0.3,
    0.25,
    0.2,
    0.15,
    0.1
  ],
  "base_arrival_rate": 13.8,
  "high_load_multiplier": 5.0,
  "mean_reward": 658966.2578244898,
  "std_reward": 1830.5442147091333,
  "best_reward": 664993.7232704464,
  "worst_reward": 654969.8532968463,
  "crash_rate": 0.0,
  "completion_rate": 1.0,
  "terminated_count": 0,
  "truncated_count": 50,
  "mean_episode_length": 10000.0,
  "mean_waiting_time": 0.0,
  "mean_utilization": 0.04857071666666666,
  "training_time_minutes": 6.515746998786926,
  "eval_rewards": [
    664993.7232704464,
    661723.374488727,
    659456.3942417963,
    657669.8307438191,
    660174.2799268349,
    660348.6291798183,
    660143.5728850026,
    658638.453095087,
    659818.3938085809,
    655976.3934067591,
    660538.6247411404,
    657098.7813608166,
    657785.4074823633,
    657735.3226714747,
    657821.7645962703,
    657879.767687261,
    660693.332493266,
    658554.0183350215,
    659118.823009194,
    657358.8525487799,
    658508.6417489852,
    657919.4938637047,
    654969.8532968463,
    658376.279823124,
    660368.0241453815,
    657223.632217086,
    657870.5353063465,
    661513.3815317989,
    659819.0314611199,
    661502.9081041074,
    658292.2393238498,
    660841.8774974105,
    659882.8514789684,
    657193.6863325678,
    660785.8165660677,
    659319.530807618,
    658972.5387396896,
    660871.3419278616,
    660367.9475289007,
    657055.6352922757,
    658163.625639289,
    658377.208282672,
    658093.9986625413,
    655522.6721349087,
    660137.8179290629,
    655927.3952998436,
    658173.2641427346,
    660779.9831829482,
    657599.3495708918,
    660354.5894134318
  ],
  "eval_lengths": [
    10000,
    10000,
    10000,
    10000,
    10000,
    10000,
    10000,
    10000,
    10000,
    10000,
    10000,
    10000,
    10000,
    10000,
    10000,
    10000,
    10000,
    10000,
    10000,
    10000,
    10000,
    10000,
    10000,
    10000,
    10000,
    10000,
    10000,
    10000,
    10000,
    10000,
    10000,
    10000,
    10000,
    10000,
    10000,
    10000,
    10000,
    10000,
    10000,
    10000,
    10000,
    10000,
    10000,
    10000,
    10000,
    10000,
    10000,
    10000,
    10000,
    10000
  ],
  "timestamp": "2026-01-16T01:19:15.074877",
  "mean_lyapunov": 1.830268,
  "mean_lyapunov_drift": 0.000262,
  "mean_drift_l1": 0.05719799999999999,
  "mean_safe_ratio": 0.0,
  "mean_max_load_rate": 0.862500011920929
}