{
  "config_type": "normal_pyramid",
  "algorithm": "PPO",
  "seed": 67,
  "layer_capacities": [
    2,
    3,
    4,
    6,
    8
  ],
  "total_capacity": 23,
  "arrival_weights": [
    0.3,
    0.25,
    0.2,
    0.15,
    0.1
  ],
  "base_arrival_rate": 13.8,
  "high_load_multiplier": 5.0,
  "mean_reward": 659318.8843475096,
  "std_reward": 1708.0876011055102,
  "best_reward": 663251.4693153228,
  "worst_reward": 655581.0843927031,
  "crash_rate": 0.0,
  "completion_rate": 1.0,
  "terminated_count": 0,
  "truncated_count": 50,
  "mean_episode_length": 10000.0,
  "mean_waiting_time": 0.0,
  "mean_utilization": 0.04872948333333334,
  "training_time_minutes": 6.474778580665588,
  "eval_rewards": [
    659826.5000954713,
    656922.4809373028,
    662345.0091558546,
    658684.9108733339,
    660659.6021189382,
    657563.9137679558,
    660268.9982367822,
    658482.4278333962,
    660785.5432397752,
    656790.2578890823,
    660112.9661755268,
    660076.8695404622,
    657844.5116563177,
    663251.4693153228,
    659605.4396815475,
    657943.3688153628,
    660539.6447198183,
    660448.5196245477,
    660936.9397782421,
    659177.1258782437,
    658343.1729425122,
    661408.626568762,
    660037.4753048276,
    662116.3355166559,
    659106.3483883983,
    657854.5547675369,
    660276.6410910502,
    661089.041151824,
    658196.2033726551,
    658462.6660229558,
    655581.0843927031,
    657964.4511542649,
    657971.1600461286,
    657520.9180385938,
    659122.5709389909,
    656830.420724805,
    658977.979029201,
    656748.8047448725,
    657255.0353694716,
    660964.2835797928,
    662529.3142231129,
    657237.6049906857,
    661189.3163641093,
    660061.1510374086,
    661078.4654977913,
    658240.478145702,
    659461.0174761701,
    659824.3229397938,
    657870.108644013,
    660358.1655774093
  ],
  "eval_lengths": [
    10000,
    10000,
    10000,
    10000,
    10000,
    10000,
    10000,
    10000,
    10000,
    10000,
    10000,
    10000,
    10000,
    10000,
    10000,
    10000,
    10000,
    10000,
    10000,
    10000,
    10000,
    10000,
    10000,
    10000,
    10000,
    10000,
    10000,
    10000,
    10000,
    10000,
    10000,
    10000,
    10000,
    10000,
    10000,
    10000,
    10000,
    10000,
    10000,
    10000,
    10000,
    10000,
    10000,
    10000,
    10000,
    10000,
    10000,
    10000,
    10000,
    10000
  ],
  "timestamp": "2026-01-16T03:31:57.772815",
  "mean_lyapunov": 1.834792,
  "mean_lyapunov_drift": 0.000238,
  "mean_drift_l1": 0.057223043478260856,
  "mean_safe_ratio": 0.0,
  "mean_max_load_rate": 0.8625000353422165
}