{
  "config_type": "normal_pyramid",
  "algorithm": "PPO",
  "seed": 456,
  "layer_capacities": [
    2,
    3,
    4,
    6,
    8
  ],
  "total_capacity": 23,
  "arrival_weights": [
    0.3,
    0.25,
    0.2,
    0.15,
    0.1
  ],
  "base_arrival_rate": 13.8,
  "high_load_multiplier": 5.0,
  "mean_reward": 658765.6132508812,
  "std_reward": 1712.8330059573047,
  "best_reward": 662386.312607998,
  "worst_reward": 655889.798188436,
  "crash_rate": 0.0,
  "completion_rate": 1.0,
  "terminated_count": 0,
  "truncated_count": 50,
  "mean_episode_length": 10000.0,
  "mean_waiting_time": 0.0,
  "mean_utilization": 0.04864141666666668,
  "training_time_minutes": 11.550113554795583,
  "eval_rewards": [
    659808.3631173213,
    659118.5661529099,
    658153.4630317712,
    657301.360635454,
    658431.5625746856,
    655889.798188436,
    659704.5699982039,
    659820.1389061457,
    659109.3008142482,
    657676.496728148,
    659642.1031252175,
    659425.5000497592,
    658662.2101557017,
    657948.2568831554,
    657895.874387385,
    659666.6761894661,
    657023.9110997265,
    657159.8975412608,
    656450.2807016397,
    657127.9683022505,
    658762.8222378906,
    659532.6575518197,
    659794.3690414123,
    661817.7013957093,
    656777.4741063444,
    657472.8696562448,
    657005.9535735493,
    657927.6273103093,
    660344.0741818913,
    658927.7755118062,
    657700.496663513,
    656655.726252478,
    658209.4534342791,
    661523.9540872183,
    658274.6649932355,
    655906.3578793756,
    658783.309063715,
    662386.312607998,
    660808.6717481222,
    660084.2019275421,
    660399.030568385,
    660347.6775513465,
    656114.8434856548,
    660271.8652202309,
    662140.6382416652,
    656211.8896425036,
    657199.1829102426,
    661395.8879848248,
    661569.0848543398,
    657917.7902775301
  ],
  "eval_lengths": [
    10000,
    10000,
    10000,
    10000,
    10000,
    10000,
    10000,
    10000,
    10000,
    10000,
    10000,
    10000,
    10000,
    10000,
    10000,
    10000,
    10000,
    10000,
    10000,
    10000,
    10000,
    10000,
    10000,
    10000,
    10000,
    10000,
    10000,
    10000,
    10000,
    10000,
    10000,
    10000,
    10000,
    10000,
    10000,
    10000,
    10000,
    10000,
    10000,
    10000,
    10000,
    10000,
    10000,
    10000,
    10000,
    10000,
    10000,
    10000,
    10000,
    10000
  ],
  "timestamp": "2026-01-07T17:27:13.878379"
}