{
  "config_type": "normal_pyramid",
  "algorithm": "PPO",
  "seed": 123,
  "layer_capacities": [
    2,
    3,
    4,
    6,
    8
  ],
  "total_capacity": 23,
  "arrival_weights": [
    0.3,
    0.25,
    0.2,
    0.15,
    0.1
  ],
  "base_arrival_rate": 13.8,
  "high_load_multiplier": 5.0,
  "mean_reward": 659116.9096282322,
  "std_reward": 1892.0592778152993,
  "best_reward": 662706.8412755642,
  "worst_reward": 654563.0948560094,
  "crash_rate": 0.0,
  "completion_rate": 1.0,
  "terminated_count": 0,
  "truncated_count": 50,
  "mean_episode_length": 10000.0,
  "mean_waiting_time": 0.0,
  "mean_utilization": 0.04866163333333333,
  "training_time_minutes": 11.24873056014379,
  "eval_rewards": [
    660811.9008599169,
    659268.9272197345,
    656155.9770661709,
    660091.5439846868,
    658921.1653105046,
    660169.1093891175,
    656286.0687724556,
    662706.8412755642,
    656021.4621987395,
    657176.4970050182,
    657871.7099675409,
    654563.0948560094,
    659924.8728593716,
    660837.5911118358,
    658029.7130918929,
    661822.4011537503,
    658547.9879709388,
    660054.6841337323,
    657115.7318050493,
    658129.8426841971,
    660789.3801614124,
    658710.1865102013,
    660483.6719339315,
    659090.1021137321,
    656849.5883027848,
    661069.9264239762,
    655670.1421596762,
    658103.1124774592,
    661141.4164041526,
    658268.625001919,
    659693.3836930126,
    659385.7197499301,
    660478.2518081338,
    661719.0541986764,
    659966.629548732,
    660268.9521948418,
    657167.5009425649,
    657729.0415479229,
    662353.936691573,
    660468.0844330164,
    657546.6455722841,
    658224.0062250138,
    660817.3852053322,
    659986.2216679263,
    660486.3609380384,
    659896.6755272181,
    659130.4157223791,
    659173.588003299,
    655239.8619384505,
    661430.4915977978
  ],
  "eval_lengths": [
    10000,
    10000,
    10000,
    10000,
    10000,
    10000,
    10000,
    10000,
    10000,
    10000,
    10000,
    10000,
    10000,
    10000,
    10000,
    10000,
    10000,
    10000,
    10000,
    10000,
    10000,
    10000,
    10000,
    10000,
    10000,
    10000,
    10000,
    10000,
    10000,
    10000,
    10000,
    10000,
    10000,
    10000,
    10000,
    10000,
    10000,
    10000,
    10000,
    10000,
    10000,
    10000,
    10000,
    10000,
    10000,
    10000,
    10000,
    10000,
    10000,
    10000
  ],
  "timestamp": "2026-01-07T16:53:53.791416"
}