{
  "config_type": "normal_pyramid",
  "algorithm": "PPO",
  "seed": 56,
  "layer_capacities": [
    2,
    3,
    4,
    6,
    8
  ],
  "total_capacity": 23,
  "arrival_weights": [
    0.3,
    0.25,
    0.2,
    0.15,
    0.1
  ],
  "base_arrival_rate": 13.8,
  "high_load_multiplier": 5.0,
  "mean_reward": 658932.0179998304,
  "std_reward": 2329.1606551810573,
  "best_reward": 664038.1925187694,
  "worst_reward": 653699.3662095496,
  "crash_rate": 0.0,
  "completion_rate": 1.0,
  "terminated_count": 0,
  "truncated_count": 50,
  "mean_episode_length": 10000.0,
  "mean_waiting_time": 0.0,
  "mean_utilization": 0.0486592,
  "training_time_minutes": 6.45962321360906,
  "eval_rewards": [
    656322.0445200981,
    657747.5449758283,
    659846.7839338679,
    660410.002953731,
    658059.179734127,
    660703.4678136503,
    659846.6478182047,
    657121.53661911,
    655036.8035652601,
    659338.6425781717,
    662201.2675416311,
    659010.0029344235,
    656791.7926529743,
    656261.3580544929,
    658061.5476500947,
    658789.6495608018,
    659939.0963603663,
    660517.7154993446,
    659031.9240127509,
    657879.1302132607,
    657579.7698191184,
    662827.7377583323,
    659351.8777410506,
    660572.6734708291,
    661395.8257840588,
    662992.7434763694,
    659003.1939098791,
    655360.4556019887,
    656554.6612398721,
    656364.1658453312,
    658183.7022407963,
    656500.9584334145,
    657870.2531862605,
    661459.8820694729,
    657182.4169408714,
    661540.5948318182,
    658435.5508708517,
    655341.1736916662,
    662278.1262596933,
    658604.7906507301,
    657734.9478103515,
    654914.6593682438,
    661218.4961459918,
    660282.5659349457,
    653699.3662095496,
    664038.1925187694,
    660883.6573551642,
    660574.1244075231,
    659093.7771816193,
    661844.4202447725
  ],
  "eval_lengths": [
    10000,
    10000,
    10000,
    10000,
    10000,
    10000,
    10000,
    10000,
    10000,
    10000,
    10000,
    10000,
    10000,
    10000,
    10000,
    10000,
    10000,
    10000,
    10000,
    10000,
    10000,
    10000,
    10000,
    10000,
    10000,
    10000,
    10000,
    10000,
    10000,
    10000,
    10000,
    10000,
    10000,
    10000,
    10000,
    10000,
    10000,
    10000,
    10000,
    10000,
    10000,
    10000,
    10000,
    10000,
    10000,
    10000,
    10000,
    10000,
    10000,
    10000
  ],
  "timestamp": "2026-01-15T23:28:41.876463",
  "mean_lyapunov": 1.834952,
  "mean_lyapunov_drift": 0.000154,
  "mean_drift_l1": 0.05719052173913044,
  "mean_safe_ratio": 0.0,
  "mean_max_load_rate": 0.862500011920929
}