{
  "config_type": "normal_pyramid",
  "algorithm": "PPO",
  "seed": 55,
  "layer_capacities": [
    2,
    3,
    4,
    6,
    8
  ],
  "total_capacity": 23,
  "arrival_weights": [
    0.3,
    0.25,
    0.2,
    0.15,
    0.1
  ],
  "base_arrival_rate": 13.8,
  "high_load_multiplier": 5.0,
  "mean_reward": 659523.7736209516,
  "std_reward": 1818.6200685962076,
  "best_reward": 664916.2890432866,
  "worst_reward": 656366.4261731576,
  "crash_rate": 0.0,
  "completion_rate": 1.0,
  "terminated_count": 0,
  "truncated_count": 50,
  "mean_episode_length": 10000.0,
  "mean_waiting_time": 0.0,
  "mean_utilization": 0.04863748333333333,
  "training_time_minutes": 6.3751367370287575,
  "eval_rewards": [
    664916.2890432866,
    661219.6838314126,
    659689.6534650282,
    660247.6351515246,
    658193.8154780975,
    661708.1795398913,
    660254.7320965301,
    657370.8636720196,
    658345.8698792794,
    656713.3345351544,
    660237.858157663,
    662118.665163623,
    659231.4482466329,
    658901.7915101147,
    659601.374489259,
    657880.0048488134,
    658189.8161750996,
    661767.6425967257,
    660951.2299529071,
    656518.6025286091,
    660175.7740092512,
    659025.4850570725,
    657221.4064104833,
    656469.6398900027,
    662867.2193621211,
    659184.0382419117,
    658109.0762303432,
    658579.026289458,
    662641.1985091713,
    657564.4484992243,
    658256.6413994388,
    657875.154305036,
    660554.6943747,
    660621.3939575041,
    659960.925850069,
    661051.1602558058,
    660296.1640772801,
    658114.3918851954,
    662134.7006154925,
    658367.380607957,
    660101.3300087355,
    660228.6245445934,
    658215.044677039,
    656366.4261731576,
    660246.4634071016,
    659954.7925122639,
    660427.6919633322,
    657132.5476157242,
    660132.8261164896,
    660254.523839956
  ],
  "eval_lengths": [
    10000,
    10000,
    10000,
    10000,
    10000,
    10000,
    10000,
    10000,
    10000,
    10000,
    10000,
    10000,
    10000,
    10000,
    10000,
    10000,
    10000,
    10000,
    10000,
    10000,
    10000,
    10000,
    10000,
    10000,
    10000,
    10000,
    10000,
    10000,
    10000,
    10000,
    10000,
    10000,
    10000,
    10000,
    10000,
    10000,
    10000,
    10000,
    10000,
    10000,
    10000,
    10000,
    10000,
    10000,
    10000,
    10000,
    10000,
    10000,
    10000,
    10000
  ],
  "timestamp": "2026-01-15T23:06:46.025427",
  "mean_lyapunov": 1.831502,
  "mean_lyapunov_drift": 0.000178,
  "mean_drift_l1": 0.0571371304347826,
  "mean_safe_ratio": 0.0,
  "mean_max_load_rate": 0.8625000784837008
}