{
  "config_type": "normal_pyramid",
  "algorithm": "PPO",
  "seed": 42,
  "layer_capacities": [
    2,
    3,
    4,
    6,
    8
  ],
  "total_capacity": 23,
  "arrival_weights": [
    0.3,
    0.25,
    0.2,
    0.15,
    0.1
  ],
  "base_arrival_rate": 13.8,
  "high_load_multiplier": 5.0,
  "mean_reward": 659357.1555834473,
  "std_reward": 1804.387484458736,
  "best_reward": 663594.2813486817,
  "worst_reward": 655741.4479480898,
  "crash_rate": 0.0,
  "completion_rate": 1.0,
  "terminated_count": 0,
  "truncated_count": 50,
  "mean_episode_length": 10000.0,
  "mean_waiting_time": 0.0,
  "mean_utilization": 0.048709283333333325,
  "training_time_minutes": 10.622802579402924,
  "eval_rewards": [
    660367.4318816616,
    655741.4479480898,
    658367.9380700638,
    663594.2813486817,
    662198.4947073655,
    659285.8965761389,
    659312.7551978469,
    661561.3404482071,
    657142.6350793492,
    656994.7075072463,
    660646.8173373006,
    658228.5775664364,
    660262.389691005,
    660868.0281032178,
    657869.6404834633,
    656389.6060502116,
    658724.7911677415,
    659740.4146775756,
    659694.4904621833,
    658683.2192162011,
    659193.118614375,
    658693.6650989981,
    661644.5471793633,
    658005.0540318299,
    657007.3862909563,
    659072.0104247631,
    657320.4679051079,
    661411.5334175848,
    656420.548628516,
    658240.8953692891,
    656894.596069316,
    658086.6603632297,
    659599.396288859,
    659521.443839905,
    657951.712852429,
    659973.1253067821,
    661927.0337867072,
    659087.4367928795,
    658467.1114858459,
    661773.8343002324,
    659357.7034378871,
    661624.1699986855,
    663227.240101575,
    660029.0372156469,
    659503.0960967703,
    661901.2217235168,
    657950.9471030277,
    661063.2903524004,
    659021.2454561406,
    658213.3461197624
  ],
  "eval_lengths": [
    10000,
    10000,
    10000,
    10000,
    10000,
    10000,
    10000,
    10000,
    10000,
    10000,
    10000,
    10000,
    10000,
    10000,
    10000,
    10000,
    10000,
    10000,
    10000,
    10000,
    10000,
    10000,
    10000,
    10000,
    10000,
    10000,
    10000,
    10000,
    10000,
    10000,
    10000,
    10000,
    10000,
    10000,
    10000,
    10000,
    10000,
    10000,
    10000,
    10000,
    10000,
    10000,
    10000,
    10000,
    10000,
    10000,
    10000,
    10000,
    10000,
    10000
  ],
  "timestamp": "2026-01-07T16:15:51.888084"
}