{
  "config_type": "normal_pyramid",
  "algorithm": "PPO",
  "seed": 62,
  "layer_capacities": [
    2,
    3,
    4,
    6,
    8
  ],
  "total_capacity": 23,
  "arrival_weights": [
    0.3,
    0.25,
    0.2,
    0.15,
    0.1
  ],
  "base_arrival_rate": 13.8,
  "high_load_multiplier": 5.0,
  "mean_reward": 660780.4284994504,
  "std_reward": 2229.325167986041,
  "best_reward": 665950.1082888537,
  "worst_reward": 655044.8851143529,
  "crash_rate": 0.0,
  "completion_rate": 1.0,
  "terminated_count": 0,
  "truncated_count": 50,
  "mean_episode_length": 10000.0,
  "mean_waiting_time": 0.0,
  "mean_utilization": 0.04798296666666666,
  "training_time_minutes": 6.527749192714691,
  "eval_rewards": [
    660833.7710335992,
    662330.0131810211,
    659765.3475121594,
    657530.062105555,
    661559.3106886324,
    665246.4400649748,
    664309.8270189106,
    663450.5746003094,
    661175.9452374622,
    662319.0090698204,
    661495.0133580726,
    659730.8973576197,
    662905.9568794632,
    658938.9415700944,
    663439.7477642574,
    659639.2841415793,
    655599.5085602864,
    663377.1482716022,
    662423.1998451321,
    661327.9994767185,
    660466.0013272247,
    662829.0211143907,
    665950.1082888537,
    661784.8429978109,
    655044.8851143529,
    659904.578202521,
    660689.0561823291,
    657607.191805242,
    659818.7634627477,
    659613.3842222823,
    659623.9363495784,
    660748.6316094813,
    661507.5997698078,
    659619.7329532821,
    659701.5061925171,
    655774.8834273596,
    660099.1135902122,
    660047.1652169807,
    659132.3846925275,
    663012.7482595315,
    659659.448770373,
    660808.1774902876,
    662002.9608685595,
    661182.3990869665,
    658111.4678859708,
    661110.0949010683,
    661259.7279590997,
    660249.0165256397,
    660281.8374111179,
    663982.7615571409
  ],
  "eval_lengths": [
    10000,
    10000,
    10000,
    10000,
    10000,
    10000,
    10000,
    10000,
    10000,
    10000,
    10000,
    10000,
    10000,
    10000,
    10000,
    10000,
    10000,
    10000,
    10000,
    10000,
    10000,
    10000,
    10000,
    10000,
    10000,
    10000,
    10000,
    10000,
    10000,
    10000,
    10000,
    10000,
    10000,
    10000,
    10000,
    10000,
    10000,
    10000,
    10000,
    10000,
    10000,
    10000,
    10000,
    10000,
    10000,
    10000,
    10000,
    10000,
    10000,
    10000
  ],
  "timestamp": "2026-01-16T01:41:29.952927",
  "mean_lyapunov": 1.824626,
  "mean_lyapunov_drift": 0.000148,
  "mean_drift_l1": 0.05750504347826088,
  "mean_safe_ratio": 0.0,
  "mean_max_load_rate": 0.862500011920929
}