{
  "config_type": "normal_pyramid",
  "algorithm": "PPO",
  "seed": 48,
  "layer_capacities": [
    2,
    3,
    4,
    6,
    8
  ],
  "total_capacity": 23,
  "arrival_weights": [
    0.3,
    0.25,
    0.2,
    0.15,
    0.1
  ],
  "base_arrival_rate": 13.8,
  "high_load_multiplier": 5.0,
  "mean_reward": 659253.2134542101,
  "std_reward": 2090.631818337171,
  "best_reward": 664328.7787250004,
  "worst_reward": 652600.8926758681,
  "crash_rate": 0.0,
  "completion_rate": 1.0,
  "terminated_count": 0,
  "truncated_count": 50,
  "mean_episode_length": 10000.0,
  "mean_waiting_time": 0.0,
  "mean_utilization": 0.04874865,
  "training_time_minutes": 6.533731901645661,
  "eval_rewards": [
    658042.4741354776,
    657445.9842449194,
    661536.1823792639,
    664328.7787250004,
    662026.0646338497,
    657368.5514636511,
    656921.0616836795,
    660836.0296541873,
    656284.3655506577,
    657964.9874823866,
    656683.9601836308,
    661264.1120884222,
    660530.2676226823,
    657841.0701717813,
    659547.9027299695,
    660094.9426695987,
    658468.3150163383,
    659916.5572112334,
    660313.5057617633,
    652600.8926758681,
    659489.4305342216,
    659221.8067143706,
    659151.1065075487,
    663648.5537432475,
    658520.7393047891,
    656077.8771449449,
    659202.3631801229,
    658212.3074090387,
    658676.0817458763,
    660813.3628956552,
    659339.1963399543,
    658699.4443385688,
    660051.956769366,
    658350.6065923218,
    660118.8662483835,
    659954.9805235899,
    661648.902480804,
    661585.0179721862,
    661373.1829137985,
    660288.8116225535,
    657526.1954747367,
    660598.0888017329,
    657494.3060658416,
    662044.2546276728,
    661741.6006574626,
    659224.0939473149,
    658376.6972019238,
    656623.8549854661,
    657946.94407274,
    656644.0358099135
  ],
  "eval_lengths": [
    10000,
    10000,
    10000,
    10000,
    10000,
    10000,
    10000,
    10000,
    10000,
    10000,
    10000,
    10000,
    10000,
    10000,
    10000,
    10000,
    10000,
    10000,
    10000,
    10000,
    10000,
    10000,
    10000,
    10000,
    10000,
    10000,
    10000,
    10000,
    10000,
    10000,
    10000,
    10000,
    10000,
    10000,
    10000,
    10000,
    10000,
    10000,
    10000,
    10000,
    10000,
    10000,
    10000,
    10000,
    10000,
    10000,
    10000,
    10000,
    10000,
    10000
  ],
  "timestamp": "2026-01-15T20:32:26.824308",
  "mean_lyapunov": 1.827818,
  "mean_lyapunov_drift": 0.0001,
  "mean_drift_l1": 0.057284521739130435,
  "mean_safe_ratio": 0.0,
  "mean_max_load_rate": 0.862500011920929
}