{
  "config_type": "normal_pyramid",
  "algorithm": "PPO",
  "seed": 51,
  "layer_capacities": [
    2,
    3,
    4,
    6,
    8
  ],
  "total_capacity": 23,
  "arrival_weights": [
    0.3,
    0.25,
    0.2,
    0.15,
    0.1
  ],
  "base_arrival_rate": 13.8,
  "high_load_multiplier": 5.0,
  "mean_reward": 659540.1093999508,
  "std_reward": 1781.84356999035,
  "best_reward": 662827.8887505061,
  "worst_reward": 654316.4595448774,
  "crash_rate": 0.0,
  "completion_rate": 1.0,
  "terminated_count": 0,
  "truncated_count": 50,
  "mean_episode_length": 10000.0,
  "mean_waiting_time": 0.0,
  "mean_utilization": 0.04895203333333333,
  "training_time_minutes": 6.368362307548523,
  "eval_rewards": [
    657301.8137142654,
    659041.0486209396,
    661084.0334783668,
    660135.2827854875,
    658845.7311939478,
    659734.379297382,
    661563.1312711749,
    661269.6850740764,
    659331.2429964652,
    660520.0477885465,
    662462.7748752692,
    657330.2531741462,
    659914.3041651213,
    659749.8225915212,
    659530.6723440932,
    661171.2671475435,
    662278.1056343486,
    659176.2723270791,
    657631.1976802002,
    659320.4020967244,
    658551.4752878532,
    658007.3006986916,
    658124.8566821715,
    658304.4210753847,
    655142.6246022999,
    659218.7299074074,
    662472.8961641398,
    659321.2974291298,
    657288.5393921126,
    658662.3294351434,
    659800.4710918505,
    660625.0015227611,
    660382.8898028885,
    662827.8887505061,
    659926.368565789,
    658974.5569886807,
    658924.4446039726,
    660637.1318575524,
    660451.2426365028,
    661627.9640005917,
    661837.0966282081,
    657388.0023998965,
    661030.1996692697,
    658073.8524517432,
    657032.4480229107,
    660781.2401047442,
    660127.1753151384,
    654316.4595448774,
    658500.2460095669,
    661254.8510990554
  ],
  "eval_lengths": [
    10000,
    10000,
    10000,
    10000,
    10000,
    10000,
    10000,
    10000,
    10000,
    10000,
    10000,
    10000,
    10000,
    10000,
    10000,
    10000,
    10000,
    10000,
    10000,
    10000,
    10000,
    10000,
    10000,
    10000,
    10000,
    10000,
    10000,
    10000,
    10000,
    10000,
    10000,
    10000,
    10000,
    10000,
    10000,
    10000,
    10000,
    10000,
    10000,
    10000,
    10000,
    10000,
    10000,
    10000,
    10000,
    10000,
    10000,
    10000,
    10000,
    10000
  ],
  "timestamp": "2026-01-15T21:38:22.031668",
  "mean_lyapunov": 1.845512,
  "mean_lyapunov_drift": 0.000136,
  "mean_drift_l1": 0.0573238260869565,
  "mean_safe_ratio": 0.0,
  "mean_max_load_rate": 0.8625006944004298
}