{
  "config_type": "normal_pyramid",
  "algorithm": "PPO",
  "seed": 65,
  "layer_capacities": [
    2,
    3,
    4,
    6,
    8
  ],
  "total_capacity": 23,
  "arrival_weights": [
    0.3,
    0.25,
    0.2,
    0.15,
    0.1
  ],
  "base_arrival_rate": 13.8,
  "high_load_multiplier": 5.0,
  "mean_reward": 659308.0242225096,
  "std_reward": 1897.8100281140344,
  "best_reward": 663689.9950224914,
  "worst_reward": 655483.0102818701,
  "crash_rate": 0.0,
  "completion_rate": 1.0,
  "terminated_count": 0,
  "truncated_count": 50,
  "mean_episode_length": 10000.0,
  "mean_waiting_time": 0.0,
  "mean_utilization": 0.048792449999999994,
  "training_time_minutes": 6.625736848513285,
  "eval_rewards": [
    660142.9651112537,
    659474.7397165451,
    662706.5041334053,
    658604.823356722,
    659716.0302488883,
    657888.6319021267,
    659247.2719041783,
    659895.7853681883,
    662555.8525427076,
    657496.9448673772,
    660940.4185730589,
    657048.9972447177,
    659309.1964405384,
    658121.5276919225,
    659055.1173303243,
    661303.6817000227,
    658971.7962097771,
    655697.5772601604,
    661411.4060330228,
    658236.7587399082,
    659435.7835988783,
    663689.9950224914,
    658160.0128363582,
    660630.2431658062,
    657649.147177073,
    659318.3261688767,
    659664.2704877451,
    656018.8649495913,
    658548.3709113966,
    659820.1202109818,
    661085.3096588673,
    656541.990175457,
    659372.3408981034,
    661258.4751228169,
    658173.7709470685,
    658363.6402394054,
    659251.6281972242,
    663606.9612166245,
    659694.1438095578,
    661529.8224606381,
    655483.0102818701,
    658196.8909287435,
    655746.750844454,
    660339.8734850697,
    657351.8425517806,
    661279.1571292108,
    660488.0067989524,
    657664.8634794925,
    659946.7558346724,
    659264.8161614289
  ],
  "eval_lengths": [
    10000,
    10000,
    10000,
    10000,
    10000,
    10000,
    10000,
    10000,
    10000,
    10000,
    10000,
    10000,
    10000,
    10000,
    10000,
    10000,
    10000,
    10000,
    10000,
    10000,
    10000,
    10000,
    10000,
    10000,
    10000,
    10000,
    10000,
    10000,
    10000,
    10000,
    10000,
    10000,
    10000,
    10000,
    10000,
    10000,
    10000,
    10000,
    10000,
    10000,
    10000,
    10000,
    10000,
    10000,
    10000,
    10000,
    10000,
    10000,
    10000,
    10000
  ],
  "timestamp": "2026-01-16T02:48:06.864020",
  "mean_lyapunov": 1.83436,
  "mean_lyapunov_drift": 0.000206,
  "mean_drift_l1": 0.057288086956521704,
  "mean_safe_ratio": 0.0,
  "mean_max_load_rate": 0.8625000613059998
}