{
  "config_type": "normal_pyramid",
  "algorithm": "PPO",
  "seed": 49,
  "layer_capacities": [
    2,
    3,
    4,
    6,
    8
  ],
  "total_capacity": 23,
  "arrival_weights": [
    0.3,
    0.25,
    0.2,
    0.15,
    0.1
  ],
  "base_arrival_rate": 13.8,
  "high_load_multiplier": 5.0,
  "mean_reward": 658948.6423026202,
  "std_reward": 2113.4344131550156,
  "best_reward": 662762.2893700814,
  "worst_reward": 653492.8014411045,
  "crash_rate": 0.0,
  "completion_rate": 1.0,
  "terminated_count": 0,
  "truncated_count": 50,
  "mean_episode_length": 10000.0,
  "mean_waiting_time": 0.0,
  "mean_utilization": 0.048648616666666665,
  "training_time_minutes": 6.424781958262126,
  "eval_rewards": [
    659259.5595434186,
    661097.7896380102,
    659836.4007616632,
    655283.0877115963,
    658201.5129588739,
    657553.4855560339,
    657913.1472155823,
    660027.5662178969,
    660287.665188709,
    659045.6020711861,
    660639.7112308261,
    657214.604295729,
    655991.6404388017,
    659843.0025082307,
    654335.5116330623,
    661259.1784603951,
    656389.5170821567,
    661985.3323486543,
    660998.5178122367,
    657823.5348389557,
    656496.9935408257,
    660281.5712863951,
    656230.3362322096,
    656741.3678692299,
    658511.8226988707,
    660038.5375911678,
    660782.7392268053,
    657460.5524463279,
    660377.102629365,
    660227.1484555856,
    656804.9423154028,
    659079.575613692,
    660818.3686253569,
    657032.3481254941,
    656796.2819616912,
    661531.7918661379,
    657750.6196899165,
    662635.0307986218,
    659224.5967590741,
    658824.801697744,
    653492.8014411045,
    660080.1089586236,
    662762.2893700814,
    659796.581621955,
    658768.047957067,
    657408.9395741351,
    660148.5978589385,
    660733.7134384025,
    659150.0419280411,
    662458.0960407263
  ],
  "eval_lengths": [
    10000,
    10000,
    10000,
    10000,
    10000,
    10000,
    10000,
    10000,
    10000,
    10000,
    10000,
    10000,
    10000,
    10000,
    10000,
    10000,
    10000,
    10000,
    10000,
    10000,
    10000,
    10000,
    10000,
    10000,
    10000,
    10000,
    10000,
    10000,
    10000,
    10000,
    10000,
    10000,
    10000,
    10000,
    10000,
    10000,
    10000,
    10000,
    10000,
    10000,
    10000,
    10000,
    10000,
    10000,
    10000,
    10000,
    10000,
    10000,
    10000,
    10000
  ],
  "timestamp": "2026-01-15T20:54:30.767045",
  "mean_lyapunov": 1.825366,
  "mean_lyapunov_drift": 0.000198,
  "mean_drift_l1": 0.05719330434782608,
  "mean_safe_ratio": 0.0,
  "mean_max_load_rate": 0.8625001820452213
}