{
  "config_type": "normal_pyramid",
  "algorithm": "PPO",
  "seed": 52,
  "layer_capacities": [
    2,
    3,
    4,
    6,
    8
  ],
  "total_capacity": 23,
  "arrival_weights": [
    0.3,
    0.25,
    0.2,
    0.15,
    0.1
  ],
  "base_arrival_rate": 13.8,
  "high_load_multiplier": 5.0,
  "mean_reward": 658934.5942586749,
  "std_reward": 1859.9376748199402,
  "best_reward": 663188.0359963108,
  "worst_reward": 654048.7782169762,
  "crash_rate": 0.0,
  "completion_rate": 1.0,
  "terminated_count": 0,
  "truncated_count": 50,
  "mean_episode_length": 10000.0,
  "mean_waiting_time": 0.0,
  "mean_utilization": 0.04862545000000001,
  "training_time_minutes": 6.350888435045878,
  "eval_rewards": [
    658095.6495711592,
    660050.2642118745,
    656910.7650889317,
    658146.3454326681,
    661410.3935758111,
    660037.0765060633,
    657426.3793071279,
    657018.4610786127,
    663188.0359963108,
    658304.1667686194,
    658108.2066665206,
    660556.233695939,
    659461.4294836725,
    657986.6534340152,
    658967.6221800437,
    654048.7782169762,
    658303.5089923007,
    655664.9095825175,
    658380.3347436714,
    661823.1219819075,
    656598.5208427468,
    660760.3132400385,
    659131.6721495338,
    657630.4778257083,
    659454.8193519635,
    657150.5743722297,
    662312.2897185688,
    661505.9568906266,
    661693.4451784835,
    660804.2865346962,
    658375.238671049,
    657806.3107566434,
    657962.302027857,
    659343.2409831259,
    658282.4997682758,
    659711.6042670188,
    657042.9431543013,
    659978.3101729113,
    660639.7441431204,
    657451.7814310999,
    657913.5218965053,
    660079.0794071542,
    660544.1066645657,
    657413.6643634466,
    661880.2447127225,
    658831.059577305,
    659822.6668346046,
    655408.9306368249,
    659151.2178349482,
    658160.5530109259
  ],
  "eval_lengths": [
    10000,
    10000,
    10000,
    10000,
    10000,
    10000,
    10000,
    10000,
    10000,
    10000,
    10000,
    10000,
    10000,
    10000,
    10000,
    10000,
    10000,
    10000,
    10000,
    10000,
    10000,
    10000,
    10000,
    10000,
    10000,
    10000,
    10000,
    10000,
    10000,
    10000,
    10000,
    10000,
    10000,
    10000,
    10000,
    10000,
    10000,
    10000,
    10000,
    10000,
    10000,
    10000,
    10000,
    10000,
    10000,
    10000,
    10000,
    10000,
    10000,
    10000
  ],
  "timestamp": "2026-01-15T22:00:12.035572",
  "mean_lyapunov": 1.834358,
  "mean_lyapunov_drift": 0.000264,
  "mean_drift_l1": 0.05707530434782609,
  "mean_safe_ratio": 0.0,
  "mean_max_load_rate": 0.8682451750627757
}