{
  "config_type": "normal_pyramid",
  "algorithm": "PPO",
  "seed": 45,
  "layer_capacities": [
    2,
    3,
    4,
    6,
    8
  ],
  "total_capacity": 23,
  "arrival_weights": [
    0.3,
    0.25,
    0.2,
    0.15,
    0.1
  ],
  "base_arrival_rate": 13.8,
  "high_load_multiplier": 5.0,
  "mean_reward": 658467.7423737245,
  "std_reward": 1922.1700817145743,
  "best_reward": 663110.0323642573,
  "worst_reward": 654040.5866116282,
  "crash_rate": 0.0,
  "completion_rate": 1.0,
  "terminated_count": 0,
  "truncated_count": 50,
  "mean_episode_length": 10000.0,
  "mean_waiting_time": 0.0,
  "mean_utilization": 0.0486539,
  "training_time_minutes": 6.499657181898753,
  "eval_rewards": [
    656912.5429058971,
    658787.4646217742,
    660129.2992097944,
    659524.9425430443,
    658131.2705754088,
    661137.6113255647,
    658298.1428651352,
    655274.8593038407,
    658243.0603198968,
    654040.5866116282,
    656586.0737351531,
    660528.1182367455,
    660679.1938614161,
    658720.3881075103,
    657607.0179218181,
    663110.0323642573,
    659039.2816456618,
    656062.167074069,
    658964.9754230978,
    658247.5832370354,
    659390.4091053231,
    656615.270272616,
    659523.0783126422,
    658890.0893268951,
    657321.4859741789,
    657860.1592319472,
    659975.5633595503,
    659819.260534532,
    659831.7296568208,
    658403.2464219931,
    655364.6737831859,
    659725.5969720818,
    660070.3087641933,
    659314.5275138413,
    659316.875531414,
    657302.7318444017,
    656487.8186569315,
    654536.0068827049,
    657654.4738000446,
    658046.3206167904,
    658427.8450940589,
    661118.4342788148,
    659860.5824881415,
    658996.8404862534,
    657497.2126910624,
    660886.7742229603,
    662555.1028157873,
    656181.2719097692,
    657047.1860666659,
    655341.6301818766
  ],
  "eval_lengths": [
    10000,
    10000,
    10000,
    10000,
    10000,
    10000,
    10000,
    10000,
    10000,
    10000,
    10000,
    10000,
    10000,
    10000,
    10000,
    10000,
    10000,
    10000,
    10000,
    10000,
    10000,
    10000,
    10000,
    10000,
    10000,
    10000,
    10000,
    10000,
    10000,
    10000,
    10000,
    10000,
    10000,
    10000,
    10000,
    10000,
    10000,
    10000,
    10000,
    10000,
    10000,
    10000,
    10000,
    10000,
    10000,
    10000,
    10000,
    10000,
    10000,
    10000
  ],
  "timestamp": "2026-01-15T19:25:25.549293",
  "mean_lyapunov": 1.82928,
  "mean_lyapunov_drift": 0.000188,
  "mean_drift_l1": 0.057088000000000014,
  "mean_safe_ratio": 0.0,
  "mean_max_load_rate": 0.862500011920929
}