{
  "config_type": "normal_pyramid",
  "algorithm": "PPO",
  "seed": 42,
  "layer_capacities": [
    2,
    3,
    4,
    6,
    8
  ],
  "total_capacity": 23,
  "arrival_weights": [
    0.3,
    0.25,
    0.2,
    0.15,
    0.1
  ],
  "base_arrival_rate": 13.8,
  "high_load_multiplier": 5.0,
  "mean_reward": 658923.0845389344,
  "std_reward": 1794.7591498753286,
  "best_reward": 663319.2189017595,
  "worst_reward": 655144.91193316,
  "crash_rate": 0.0,
  "completion_rate": 1.0,
  "terminated_count": 0,
  "truncated_count": 50,
  "mean_episode_length": 10000.0,
  "mean_waiting_time": 0.0,
  "mean_utilization": 0.04874393333333333,
  "training_time_minutes": 6.567418030897776,
  "eval_rewards": [
    660525.4795179965,
    663319.2189017595,
    658188.637933152,
    656908.3795687418,
    661627.7218639542,
    661395.2584176441,
    656318.0021515616,
    660029.4758807016,
    659996.7933103631,
    659870.1303157113,
    659795.9468608053,
    659578.6970356595,
    659534.7413549948,
    659009.2486736922,
    658722.9468476733,
    655997.9198438047,
    656576.4366049626,
    657345.8610451681,
    657498.7202494306,
    657393.9580085007,
    659472.8806938317,
    658917.5428851173,
    660100.3216291148,
    657831.0345795497,
    658163.1129348684,
    659817.7069278472,
    658184.6421087839,
    657063.7937361996,
    660837.0331183554,
    661197.4339745612,
    656146.4046994227,
    659735.3600586181,
    657542.0905749686,
    657000.712319508,
    659813.2306001844,
    656577.372712983,
    660212.3139182045,
    659522.6084003852,
    661337.3839488901,
    660797.1475894458,
    659946.5658047498,
    659306.0856167795,
    657640.8578858154,
    657373.0803423859,
    660280.4164308009,
    660616.8827178805,
    655144.91193316,
    657207.719086899,
    656891.3390524139,
    661842.666278723
  ],
  "eval_lengths": [
    10000,
    10000,
    10000,
    10000,
    10000,
    10000,
    10000,
    10000,
    10000,
    10000,
    10000,
    10000,
    10000,
    10000,
    10000,
    10000,
    10000,
    10000,
    10000,
    10000,
    10000,
    10000,
    10000,
    10000,
    10000,
    10000,
    10000,
    10000,
    10000,
    10000,
    10000,
    10000,
    10000,
    10000,
    10000,
    10000,
    10000,
    10000,
    10000,
    10000,
    10000,
    10000,
    10000,
    10000,
    10000,
    10000,
    10000,
    10000,
    10000,
    10000
  ],
  "timestamp": "2026-01-15T18:19:17.383727",
  "mean_lyapunov": 1.835806,
  "mean_lyapunov_drift": 0.00026,
  "mean_drift_l1": 0.057216869565217404,
  "mean_safe_ratio": 0.0,
  "mean_max_load_rate": 0.862500011920929
}