{
  "config_type": "normal_pyramid",
  "algorithm": "PPO",
  "seed": 54,
  "layer_capacities": [
    2,
    3,
    4,
    6,
    8
  ],
  "total_capacity": 23,
  "arrival_weights": [
    0.3,
    0.25,
    0.2,
    0.15,
    0.1
  ],
  "base_arrival_rate": 13.8,
  "high_load_multiplier": 5.0,
  "mean_reward": 659088.2848534435,
  "std_reward": 2074.9492170471626,
  "best_reward": 663048.2215887154,
  "worst_reward": 655173.032762427,
  "crash_rate": 0.0,
  "completion_rate": 1.0,
  "terminated_count": 0,
  "truncated_count": 50,
  "mean_episode_length": 10000.0,
  "mean_waiting_time": 0.0,
  "mean_utilization": 0.04862735000000001,
  "training_time_minutes": 6.34670424858729,
  "eval_rewards": [
    662752.8334442041,
    658521.8352188432,
    660554.7906361099,
    656961.779993206,
    661602.3044179992,
    657421.4460125375,
    660936.1116223956,
    661740.111117047,
    657883.100456985,
    657470.8035157887,
    660000.2416918133,
    658801.004028498,
    658882.309247312,
    657494.0465646307,
    659547.3499886537,
    659519.3546179527,
    659217.9033569732,
    662252.4856115469,
    657300.3139196084,
    660782.591563537,
    656219.9530298805,
    655732.4535849164,
    657040.5261727308,
    658972.2698691692,
    661817.6104744059,
    659127.2718957273,
    660163.1033483484,
    657034.0376889264,
    657414.9577916749,
    661136.3684802428,
    659671.8663057578,
    661922.5856017615,
    659616.0331628391,
    662448.8521638144,
    655757.8692271267,
    660109.8547923474,
    655922.2806463202,
    663048.2215887154,
    655687.6197791994,
    659505.5958722115,
    659442.859177116,
    658670.9690138949,
    660838.0924875026,
    655173.032762427,
    659486.320523737,
    655251.3949097728,
    659712.8012708097,
    658781.7141696278,
    658162.7227928897,
    660902.2870626382
  ],
  "eval_lengths": [
    10000,
    10000,
    10000,
    10000,
    10000,
    10000,
    10000,
    10000,
    10000,
    10000,
    10000,
    10000,
    10000,
    10000,
    10000,
    10000,
    10000,
    10000,
    10000,
    10000,
    10000,
    10000,
    10000,
    10000,
    10000,
    10000,
    10000,
    10000,
    10000,
    10000,
    10000,
    10000,
    10000,
    10000,
    10000,
    10000,
    10000,
    10000,
    10000,
    10000,
    10000,
    10000,
    10000,
    10000,
    10000,
    10000,
    10000,
    10000,
    10000,
    10000
  ],
  "timestamp": "2026-01-15T22:44:36.637832",
  "mean_lyapunov": 1.830432,
  "mean_lyapunov_drift": 0.000112,
  "mean_drift_l1": 0.05699913043478261,
  "mean_safe_ratio": 0.0,
  "mean_max_load_rate": 0.8625000145509243
}