{
  "config_type": "normal_pyramid",
  "algorithm": "PPO",
  "seed": 69,
  "layer_capacities": [
    2,
    3,
    4,
    6,
    8
  ],
  "total_capacity": 23,
  "arrival_weights": [
    0.3,
    0.25,
    0.2,
    0.15,
    0.1
  ],
  "base_arrival_rate": 13.8,
  "high_load_multiplier": 5.0,
  "mean_reward": 659015.0870950671,
  "std_reward": 1817.8716486149256,
  "best_reward": 664013.3941354855,
  "worst_reward": 655263.307883017,
  "crash_rate": 0.0,
  "completion_rate": 1.0,
  "terminated_count": 0,
  "truncated_count": 50,
  "mean_episode_length": 10000.0,
  "mean_waiting_time": 0.0,
  "mean_utilization": 0.04869166666666667,
  "training_time_minutes": 6.575992512702942,
  "eval_rewards": [
    656592.2371797343,
    659026.8255900703,
    658200.3327776077,
    658625.3400190871,
    661733.9395703371,
    656496.8622035814,
    657590.4723362983,
    659383.0545889083,
    657560.0408870849,
    659667.1967589272,
    655263.307883017,
    658574.2741504355,
    658655.1486661901,
    657981.0628331713,
    657652.5900552789,
    658856.5272252045,
    661030.9870413853,
    658196.3197965107,
    661624.9051771571,
    661287.6892901658,
    660786.5708959965,
    658248.8257506097,
    660016.6179151874,
    656365.9581103858,
    659274.2341226329,
    659879.3130284677,
    661857.9140207049,
    659802.3765791999,
    657846.4705470707,
    655751.6325088767,
    660790.046984074,
    659595.5523226836,
    656534.2051896041,
    658243.8229835348,
    664013.3941354855,
    657421.9320281581,
    659743.3152466288,
    660234.798842758,
    661056.7541861688,
    659263.7330142009,
    657972.2527831057,
    658859.9032300048,
    658517.3503104396,
    658767.995255845,
    661881.4899595729,
    656503.8386949345,
    659418.8760434913,
    662229.9025600939,
    657948.1730125804,
    657927.990460702
  ],
  "eval_lengths": [
    10000,
    10000,
    10000,
    10000,
    10000,
    10000,
    10000,
    10000,
    10000,
    10000,
    10000,
    10000,
    10000,
    10000,
    10000,
    10000,
    10000,
    10000,
    10000,
    10000,
    10000,
    10000,
    10000,
    10000,
    10000,
    10000,
    10000,
    10000,
    10000,
    10000,
    10000,
    10000,
    10000,
    10000,
    10000,
    10000,
    10000,
    10000,
    10000,
    10000,
    10000,
    10000,
    10000,
    10000,
    10000,
    10000,
    10000,
    10000,
    10000,
    10000
  ],
  "timestamp": "2026-01-16T04:17:05.445249",
  "mean_lyapunov": 1.827824,
  "mean_lyapunov_drift": 0.000164,
  "mean_drift_l1": 0.05707947826086955,
  "mean_safe_ratio": 0.0,
  "mean_max_load_rate": 0.8625000860294104
}