{
  "config_type": "normal_pyramid",
  "algorithm": "PPO",
  "seed": 64,
  "layer_capacities": [
    2,
    3,
    4,
    6,
    8
  ],
  "total_capacity": 23,
  "arrival_weights": [
    0.3,
    0.25,
    0.2,
    0.15,
    0.1
  ],
  "base_arrival_rate": 13.8,
  "high_load_multiplier": 5.0,
  "mean_reward": 658880.7014555704,
  "std_reward": 2219.8930883877106,
  "best_reward": 663382.9078487023,
  "worst_reward": 652763.3676733748,
  "crash_rate": 0.0,
  "completion_rate": 1.0,
  "terminated_count": 0,
  "truncated_count": 50,
  "mean_episode_length": 10000.0,
  "mean_waiting_time": 0.0,
  "mean_utilization": 0.04864591666666668,
  "training_time_minutes": 6.54008146127065,
  "eval_rewards": [
    657819.6509291056,
    655159.106324516,
    660539.6933311926,
    656870.7126731144,
    659091.0115054541,
    652763.3676733748,
    660101.4050200357,
    660215.2295940825,
    660701.3047940003,
    658758.0698856632,
    660108.1151309917,
    658495.846740204,
    659618.161772822,
    658224.9022167491,
    658237.7780685938,
    660619.8563677632,
    654171.7649606791,
    660305.8879577466,
    660102.7574201766,
    659335.038888466,
    658728.7174080065,
    657280.1570070814,
    659990.0291025811,
    660017.8908209469,
    655573.9468898554,
    663265.8923163624,
    659412.3930246312,
    661795.8841821229,
    655688.2330113348,
    658832.3180083106,
    662534.8062326297,
    657370.4185402632,
    657255.6192464277,
    658357.2037522678,
    657535.9815363497,
    657296.6017335866,
    661725.1189773674,
    658096.7902941693,
    660647.7144023577,
    659116.7386416061,
    657456.1670015655,
    658485.0261778287,
    658536.6648045479,
    659452.1827104866,
    656850.0150038342,
    661285.949402041,
    654952.7707093185,
    662141.4725480101,
    663382.9078487023,
    659729.8001891989
  ],
  "eval_lengths": [
    10000,
    10000,
    10000,
    10000,
    10000,
    10000,
    10000,
    10000,
    10000,
    10000,
    10000,
    10000,
    10000,
    10000,
    10000,
    10000,
    10000,
    10000,
    10000,
    10000,
    10000,
    10000,
    10000,
    10000,
    10000,
    10000,
    10000,
    10000,
    10000,
    10000,
    10000,
    10000,
    10000,
    10000,
    10000,
    10000,
    10000,
    10000,
    10000,
    10000,
    10000,
    10000,
    10000,
    10000,
    10000,
    10000,
    10000,
    10000,
    10000,
    10000
  ],
  "timestamp": "2026-01-16T02:26:05.068030",
  "mean_lyapunov": 1.840864,
  "mean_lyapunov_drift": 0.000134,
  "mean_drift_l1": 0.05719521739130433,
  "mean_safe_ratio": 0.0,
  "mean_max_load_rate": 0.862500011920929
}