{
  "config_type": "normal_pyramid",
  "algorithm": "PPO",
  "seed": 68,
  "layer_capacities": [
    2,
    3,
    4,
    6,
    8
  ],
  "total_capacity": 23,
  "arrival_weights": [
    0.3,
    0.25,
    0.2,
    0.15,
    0.1
  ],
  "base_arrival_rate": 13.8,
  "high_load_multiplier": 5.0,
  "mean_reward": 658974.1082824589,
  "std_reward": 2002.0806856584366,
  "best_reward": 663938.6779988141,
  "worst_reward": 654200.3932553226,
  "crash_rate": 0.0,
  "completion_rate": 1.0,
  "terminated_count": 0,
  "truncated_count": 50,
  "mean_episode_length": 10000.0,
  "mean_waiting_time": 0.0,
  "mean_utilization": 0.04844708333333332,
  "training_time_minutes": 6.477161546548207,
  "eval_rewards": [
    659783.9161618592,
    658195.6202199446,
    659915.3047660604,
    657047.7290680083,
    654413.030143352,
    660420.5357663278,
    658613.0529590648,
    656800.0228722447,
    654200.3932553226,
    657125.8378029318,
    657268.1259086232,
    659149.2242675051,
    658999.1335503954,
    659786.1534563394,
    659869.7199724582,
    659314.0243347166,
    660721.1207939899,
    660848.174343062,
    663938.6779988141,
    657005.5584453334,
    659830.7278513253,
    657060.3978785413,
    655109.8407071868,
    658588.8787208308,
    658414.1719904338,
    660454.0124921388,
    659642.7611394754,
    660065.885725439,
    656470.5394742615,
    660144.9707949137,
    657608.0653541631,
    658359.407538926,
    660504.8235824362,
    657721.3478436584,
    656379.4084505646,
    661673.5685511609,
    657897.855813556,
    660059.4786042221,
    657753.954012627,
    661664.8577277893,
    660251.082370677,
    658486.9286616435,
    661578.4606319577,
    660855.3994285632,
    663060.8049775644,
    659036.2161655136,
    660782.2035559253,
    657839.2739966359,
    657409.4707206439,
    660585.263273815
  ],
  "eval_lengths": [
    10000,
    10000,
    10000,
    10000,
    10000,
    10000,
    10000,
    10000,
    10000,
    10000,
    10000,
    10000,
    10000,
    10000,
    10000,
    10000,
    10000,
    10000,
    10000,
    10000,
    10000,
    10000,
    10000,
    10000,
    10000,
    10000,
    10000,
    10000,
    10000,
    10000,
    10000,
    10000,
    10000,
    10000,
    10000,
    10000,
    10000,
    10000,
    10000,
    10000,
    10000,
    10000,
    10000,
    10000,
    10000,
    10000,
    10000,
    10000,
    10000,
    10000
  ],
  "timestamp": "2026-01-16T03:54:34.732137",
  "mean_lyapunov": 1.816964,
  "mean_lyapunov_drift": 0.00012,
  "mean_drift_l1": 0.05704139130434781,
  "mean_safe_ratio": 0.0,
  "mean_max_load_rate": 0.8625002072448731
}