{
  "config_type": "normal_pyramid",
  "algorithm": "PPO",
  "seed": 58,
  "layer_capacities": [
    2,
    3,
    4,
    6,
    8
  ],
  "total_capacity": 23,
  "arrival_weights": [
    0.3,
    0.25,
    0.2,
    0.15,
    0.1
  ],
  "base_arrival_rate": 13.8,
  "high_load_multiplier": 5.0,
  "mean_reward": 659497.3408979074,
  "std_reward": 2025.6626742180722,
  "best_reward": 664790.6270476391,
  "worst_reward": 654563.2132034582,
  "crash_rate": 0.0,
  "completion_rate": 1.0,
  "terminated_count": 0,
  "truncated_count": 50,
  "mean_episode_length": 10000.0,
  "mean_waiting_time": 0.0,
  "mean_utilization": 0.04869684999999999,
  "training_time_minutes": 6.4680670936902365,
  "eval_rewards": [
    661535.2327399318,
    654563.2132034582,
    655921.3201834074,
    658543.4816512249,
    661523.0200068654,
    658638.3960909187,
    658781.679976879,
    660157.9776528708,
    662764.5475059357,
    658219.7193327483,
    661431.6167477812,
    658558.1101199109,
    656642.449936001,
    655786.6547028576,
    661509.1794203009,
    659557.6753064628,
    657843.1535879339,
    657911.5452945067,
    659900.3987809783,
    663871.7405424995,
    659354.8868223551,
    661441.5644782904,
    658217.4841223081,
    657515.7076222656,
    657849.2699834388,
    661239.2617606833,
    661347.1742213672,
    660704.5844723992,
    658639.2586769223,
    659615.3708811881,
    659254.5715558385,
    660300.525492626,
    657960.3037031398,
    662342.3419745179,
    661389.7309422645,
    657460.5140597369,
    658071.9255295724,
    658893.7050469484,
    660396.3905973361,
    659915.2679774779,
    658242.2387111651,
    660864.9135537675,
    659887.2147481651,
    664790.6270476391,
    658648.601850294,
    659314.044354513,
    660095.9502200256,
    657000.4857314673,
    658397.136857556,
    662054.8791166277
  ],
  "eval_lengths": [
    10000,
    10000,
    10000,
    10000,
    10000,
    10000,
    10000,
    10000,
    10000,
    10000,
    10000,
    10000,
    10000,
    10000,
    10000,
    10000,
    10000,
    10000,
    10000,
    10000,
    10000,
    10000,
    10000,
    10000,
    10000,
    10000,
    10000,
    10000,
    10000,
    10000,
    10000,
    10000,
    10000,
    10000,
    10000,
    10000,
    10000,
    10000,
    10000,
    10000,
    10000,
    10000,
    10000,
    10000,
    10000,
    10000,
    10000,
    10000,
    10000,
    10000
  ],
  "timestamp": "2026-01-16T00:13:14.119605",
  "mean_lyapunov": 1.82654,
  "mean_lyapunov_drift": 0.000212,
  "mean_drift_l1": 0.05714,
  "mean_safe_ratio": 0.0,
  "mean_max_load_rate": 0.862500011920929
}