{
  "config_type": "normal_pyramid",
  "algorithm": "PPO",
  "seed": 53,
  "layer_capacities": [
    2,
    3,
    4,
    6,
    8
  ],
  "total_capacity": 23,
  "arrival_weights": [
    0.3,
    0.25,
    0.2,
    0.15,
    0.1
  ],
  "base_arrival_rate": 13.8,
  "high_load_multiplier": 5.0,
  "mean_reward": 659641.3900794475,
  "std_reward": 1709.2211129067296,
  "best_reward": 663496.3391950584,
  "worst_reward": 655495.0376182806,
  "crash_rate": 0.0,
  "completion_rate": 1.0,
  "terminated_count": 0,
  "truncated_count": 50,
  "mean_episode_length": 10000.0,
  "mean_waiting_time": 0.0,
  "mean_utilization": 0.048624866666666676,
  "training_time_minutes": 6.3467052181561785,
  "eval_rewards": [
    659566.2186620511,
    659343.3796465374,
    659786.1307041785,
    661334.6736908911,
    657923.9318173772,
    658388.3523606174,
    657333.7238751644,
    659059.1669644142,
    660524.9028128295,
    657767.0742760655,
    658461.4479193471,
    661776.2566958856,
    659471.6330724752,
    660438.6904355413,
    660124.9023097984,
    657775.7065658225,
    659125.6017965121,
    658714.9060607414,
    658545.2850562017,
    659687.2665831213,
    660462.789689512,
    659381.6108444005,
    659074.9606041788,
    660225.5951090953,
    662709.9276437354,
    661700.6581677987,
    660679.7134319508,
    660389.6192035818,
    662297.3734597681,
    658020.9836823819,
    663496.3391950584,
    658762.1664051787,
    658561.354863275,
    655495.0376182806,
    660831.7204667886,
    661735.6558985771,
    660707.7087675396,
    656361.564917743,
    661896.0559769891,
    662623.1893256081,
    662133.4385600747,
    657421.9145055837,
    657956.1750489447,
    657535.5522659102,
    659133.759995339,
    659186.3506076224,
    660164.0235399737,
    657614.2748344144,
    659989.7463603783,
    660370.991677125
  ],
  "eval_lengths": [
    10000,
    10000,
    10000,
    10000,
    10000,
    10000,
    10000,
    10000,
    10000,
    10000,
    10000,
    10000,
    10000,
    10000,
    10000,
    10000,
    10000,
    10000,
    10000,
    10000,
    10000,
    10000,
    10000,
    10000,
    10000,
    10000,
    10000,
    10000,
    10000,
    10000,
    10000,
    10000,
    10000,
    10000,
    10000,
    10000,
    10000,
    10000,
    10000,
    10000,
    10000,
    10000,
    10000,
    10000,
    10000,
    10000,
    10000,
    10000,
    10000,
    10000
  ],
  "timestamp": "2026-01-15T22:22:02.950248",
  "mean_lyapunov": 1.833252,
  "mean_lyapunov_drift": 0.000168,
  "mean_drift_l1": 0.0572518260869565,
  "mean_safe_ratio": 0.0,
  "mean_max_load_rate": 0.8625000541135073
}