{
  "config_type": "normal_pyramid",
  "algorithm": "PPO",
  "seed": 43,
  "layer_capacities": [
    2,
    3,
    4,
    6,
    8
  ],
  "total_capacity": 23,
  "arrival_weights": [
    0.3,
    0.25,
    0.2,
    0.15,
    0.1
  ],
  "base_arrival_rate": 13.8,
  "high_load_multiplier": 5.0,
  "mean_reward": 659344.2892223627,
  "std_reward": 1899.9696669905666,
  "best_reward": 663605.5440694168,
  "worst_reward": 654171.1111143535,
  "crash_rate": 0.0,
  "completion_rate": 1.0,
  "terminated_count": 0,
  "truncated_count": 50,
  "mean_episode_length": 10000.0,
  "mean_waiting_time": 0.0,
  "mean_utilization": 0.047520816666666674,
  "training_time_minutes": 6.536774889628092,
  "eval_rewards": [
    660835.4922045475,
    662896.4362230833,
    658640.9210340893,
    659996.006535494,
    660240.5994186581,
    662692.7854504216,
    661352.794414798,
    656633.8920253301,
    660276.7612400514,
    659127.7363566775,
    657576.8096553371,
    656767.1458015474,
    658483.358516449,
    657272.2243173502,
    659981.3083883612,
    659764.2439983737,
    658994.6617882623,
    659351.0281106605,
    657327.5345852412,
    659917.6706918713,
    654171.1111143535,
    658406.6643878843,
    659918.8425760622,
    661317.4219840155,
    659110.1661023003,
    663605.5440694168,
    657620.10133348,
    659482.3128784221,
    656554.7191531697,
    660000.4680692164,
    661561.5040316315,
    660520.0599021593,
    660532.1118391112,
    659566.0372643028,
    657532.3685120522,
    659815.5074464002,
    658562.6061664093,
    656631.2142107078,
    661435.0442065357,
    661840.5077232602,
    657294.4776086595,
    657020.2794597839,
    658199.393134247,
    658790.0123697827,
    659408.3348383892,
    659662.7064766975,
    657721.1225150228,
    662811.3456092969,
    658863.3146389959,
    661129.7507397636
  ],
  "eval_lengths": [
    10000,
    10000,
    10000,
    10000,
    10000,
    10000,
    10000,
    10000,
    10000,
    10000,
    10000,
    10000,
    10000,
    10000,
    10000,
    10000,
    10000,
    10000,
    10000,
    10000,
    10000,
    10000,
    10000,
    10000,
    10000,
    10000,
    10000,
    10000,
    10000,
    10000,
    10000,
    10000,
    10000,
    10000,
    10000,
    10000,
    10000,
    10000,
    10000,
    10000,
    10000,
    10000,
    10000,
    10000,
    10000,
    10000,
    10000,
    10000,
    10000,
    10000
  ],
  "timestamp": "2026-01-15T18:41:18.943525",
  "mean_lyapunov": 1.687542,
  "mean_lyapunov_drift": 0.000108,
  "mean_drift_l1": 0.05697182608695651,
  "mean_safe_ratio": 0.0,
  "mean_max_load_rate": 0.8625004273395538
}