{
  "config_type": "normal_pyramid",
  "algorithm": "PPO",
  "seed": 57,
  "layer_capacities": [
    2,
    3,
    4,
    6,
    8
  ],
  "total_capacity": 23,
  "arrival_weights": [
    0.3,
    0.25,
    0.2,
    0.15,
    0.1
  ],
  "base_arrival_rate": 13.8,
  "high_load_multiplier": 5.0,
  "mean_reward": 658785.7300652221,
  "std_reward": 1880.0146846368136,
  "best_reward": 662401.9002901177,
  "worst_reward": 655147.625681216,
  "crash_rate": 0.0,
  "completion_rate": 1.0,
  "terminated_count": 0,
  "truncated_count": 50,
  "mean_episode_length": 10000.0,
  "mean_waiting_time": 0.0,
  "mean_utilization": 0.048511983333333335,
  "training_time_minutes": 6.537945612271627,
  "eval_rewards": [
    660949.2798484201,
    662253.6442119522,
    657571.5959805027,
    658341.6300594414,
    659765.537025628,
    658436.9749612533,
    658679.2442640489,
    658701.2468135479,
    662251.929510657,
    659037.3975338393,
    658707.9864182542,
    658947.8256960874,
    658725.8405662663,
    656911.9405930921,
    656425.4845511372,
    655449.6051420564,
    657102.2902861553,
    655352.1071722299,
    658013.8719002848,
    658332.5273408375,
    657074.3317991872,
    656150.3929408268,
    659614.4742648538,
    656732.596989991,
    662401.9002901177,
    661102.5791704811,
    655147.625681216,
    659963.9175583454,
    661333.4113794647,
    657740.2382409126,
    658918.1833467706,
    658943.3319517041,
    659098.3055452844,
    658197.3439350727,
    660006.4612649087,
    661101.6823319696,
    661375.752472889,
    655781.5742054234,
    658939.1607174074,
    658105.6373289953,
    660063.2146603576,
    659582.3476027647,
    660490.6485330475,
    661586.8816079829,
    660801.5988228363,
    657721.0489393487,
    659227.5406356725,
    655535.4544718924,
    659019.6276262837,
    657571.2790694002
  ],
  "eval_lengths": [
    10000,
    10000,
    10000,
    10000,
    10000,
    10000,
    10000,
    10000,
    10000,
    10000,
    10000,
    10000,
    10000,
    10000,
    10000,
    10000,
    10000,
    10000,
    10000,
    10000,
    10000,
    10000,
    10000,
    10000,
    10000,
    10000,
    10000,
    10000,
    10000,
    10000,
    10000,
    10000,
    10000,
    10000,
    10000,
    10000,
    10000,
    10000,
    10000,
    10000,
    10000,
    10000,
    10000,
    10000,
    10000,
    10000,
    10000,
    10000,
    10000,
    10000
  ],
  "timestamp": "2026-01-15T23:51:19.720181",
  "mean_lyapunov": 1.824034,
  "mean_lyapunov_drift": 0.000214,
  "mean_drift_l1": 0.05703921739130435,
  "mean_safe_ratio": 0.0,
  "mean_max_load_rate": 0.862500011920929
}