{
  "config_type": "normal_pyramid",
  "algorithm": "PPO",
  "seed": 70,
  "layer_capacities": [
    2,
    3,
    4,
    6,
    8
  ],
  "total_capacity": 23,
  "arrival_weights": [
    0.3,
    0.25,
    0.2,
    0.15,
    0.1
  ],
  "base_arrival_rate": 13.8,
  "high_load_multiplier": 5.0,
  "mean_reward": 658920.4354982257,
  "std_reward": 1912.7029125363688,
  "best_reward": 662849.4815024767,
  "worst_reward": 654726.276505316,
  "crash_rate": 0.0,
  "completion_rate": 1.0,
  "terminated_count": 0,
  "truncated_count": 50,
  "mean_episode_length": 10000.0,
  "mean_waiting_time": 0.0,
  "mean_utilization": 0.04865638333333333,
  "training_time_minutes": 6.5423930088679,
  "eval_rewards": [
    661183.0878278974,
    659488.485343422,
    658591.2988522039,
    660488.1840423481,
    656813.4748286193,
    657879.916624886,
    659841.1665671562,
    657737.4573302282,
    656893.6724313025,
    656736.6451342569,
    662259.0028479422,
    662849.4815024767,
    655590.9706519404,
    658021.1506761501,
    659550.300232307,
    661115.1807564284,
    660011.1375101148,
    654726.276505316,
    659064.9323784418,
    659887.8895219689,
    660027.4927538689,
    656511.3574317278,
    660342.2016354237,
    656387.143812997,
    662547.2016524309,
    658164.5791942271,
    660904.8777670345,
    656845.6327610445,
    659519.3519330121,
    657386.5403716643,
    660681.996396283,
    660138.8824289462,
    657628.9118877229,
    660729.0205724902,
    658680.9172443192,
    661247.8732413806,
    657144.9716994643,
    655140.3265401421,
    659196.1670520189,
    657604.6377636284,
    660732.4706689181,
    660876.2412529358,
    660293.1775930219,
    656845.9637314316,
    658181.4655975192,
    658870.0304708452,
    660184.3470891077,
    658526.8233321101,
    659212.4732453343,
    656738.986224827
  ],
  "eval_lengths": [
    10000,
    10000,
    10000,
    10000,
    10000,
    10000,
    10000,
    10000,
    10000,
    10000,
    10000,
    10000,
    10000,
    10000,
    10000,
    10000,
    10000,
    10000,
    10000,
    10000,
    10000,
    10000,
    10000,
    10000,
    10000,
    10000,
    10000,
    10000,
    10000,
    10000,
    10000,
    10000,
    10000,
    10000,
    10000,
    10000,
    10000,
    10000,
    10000,
    10000,
    10000,
    10000,
    10000,
    10000,
    10000,
    10000,
    10000,
    10000,
    10000,
    10000
  ],
  "timestamp": "2026-01-16T04:39:15.506567",
  "mean_lyapunov": 1.830048,
  "mean_lyapunov_drift": 0.000256,
  "mean_drift_l1": 0.05709008695652174,
  "mean_safe_ratio": 0.0,
  "mean_max_load_rate": 0.862500011920929
}