{
  "config_type": "normal_pyramid",
  "algorithm": "PPO",
  "seed": 60,
  "layer_capacities": [
    2,
    3,
    4,
    6,
    8
  ],
  "total_capacity": 23,
  "arrival_weights": [
    0.3,
    0.25,
    0.2,
    0.15,
    0.1
  ],
  "base_arrival_rate": 13.8,
  "high_load_multiplier": 5.0,
  "mean_reward": 659231.7638998746,
  "std_reward": 1659.3001301594297,
  "best_reward": 663477.0938064076,
  "worst_reward": 656171.906652382,
  "crash_rate": 0.0,
  "completion_rate": 1.0,
  "terminated_count": 0,
  "truncated_count": 50,
  "mean_episode_length": 10000.0,
  "mean_waiting_time": 0.0,
  "mean_utilization": 0.048616349999999996,
  "training_time_minutes": 6.474848107496897,
  "eval_rewards": [
    660323.403962187,
    656357.0632211913,
    659510.707175689,
    659960.4111736777,
    662209.7088920939,
    658630.1919475986,
    658581.650367768,
    663141.6240472049,
    658502.4929019343,
    660042.3891348887,
    658636.3084349688,
    657981.0528495145,
    657415.7356342593,
    657657.3872534605,
    657009.0854787788,
    659771.9781009316,
    659247.0386610558,
    660913.2110636563,
    657750.7752990408,
    657960.8602458267,
    658812.6973892098,
    661318.5348578164,
    657322.0959990581,
    658205.6108258534,
    661189.9299982189,
    658787.0653001572,
    659846.0046670676,
    658289.9125254517,
    660192.6846295337,
    658496.8480765764,
    657041.7375502491,
    658986.92055537,
    660724.9195751025,
    659575.8649294637,
    660781.9393259764,
    657860.5044509367,
    658610.530637196,
    660691.5597301056,
    659760.1865460294,
    659528.1395621402,
    660756.5089038458,
    661597.0949440491,
    661118.6503095168,
    657180.6136767376,
    656171.906652382,
    658386.5383709556,
    663477.0938064076,
    660081.8253081186,
    656678.5703700269,
    658512.6296744549
  ],
  "eval_lengths": [
    10000,
    10000,
    10000,
    10000,
    10000,
    10000,
    10000,
    10000,
    10000,
    10000,
    10000,
    10000,
    10000,
    10000,
    10000,
    10000,
    10000,
    10000,
    10000,
    10000,
    10000,
    10000,
    10000,
    10000,
    10000,
    10000,
    10000,
    10000,
    10000,
    10000,
    10000,
    10000,
    10000,
    10000,
    10000,
    10000,
    10000,
    10000,
    10000,
    10000,
    10000,
    10000,
    10000,
    10000,
    10000,
    10000,
    10000,
    10000,
    10000,
    10000
  ],
  "timestamp": "2026-01-16T00:57:12.420429",
  "mean_lyapunov": 1.832692,
  "mean_lyapunov_drift": 0.000174,
  "mean_drift_l1": 0.05712460869565217,
  "mean_safe_ratio": 0.0,
  "mean_max_load_rate": 0.8625000329421759
}