{
  "config_type": "normal_pyramid",
  "algorithm": "PPO",
  "seed": 44,
  "layer_capacities": [
    2,
    3,
    4,
    6,
    8
  ],
  "total_capacity": 23,
  "arrival_weights": [
    0.3,
    0.25,
    0.2,
    0.15,
    0.1
  ],
  "base_arrival_rate": 13.8,
  "high_load_multiplier": 5.0,
  "mean_reward": 659186.479833022,
  "std_reward": 2086.622552425115,
  "best_reward": 663947.1363020604,
  "worst_reward": 654603.5169973158,
  "crash_rate": 0.0,
  "completion_rate": 1.0,
  "terminated_count": 0,
  "truncated_count": 50,
  "mean_episode_length": 10000.0,
  "mean_waiting_time": 0.0,
  "mean_utilization": 0.04861243333333334,
  "training_time_minutes": 6.488487859567006,
  "eval_rewards": [
    659606.3960701148,
    658520.2552869334,
    656892.6291830714,
    663947.1363020604,
    658125.3065375044,
    660431.8882493406,
    657603.9043996175,
    657937.4654763221,
    660343.4491302888,
    662260.6425760876,
    656513.4027914556,
    656454.5882734484,
    660715.9784709448,
    659212.6555050035,
    660140.6056648465,
    660604.9181793296,
    657810.8542674555,
    656171.2489737119,
    659191.4722653717,
    659266.1893376164,
    663860.6315298735,
    658414.9297355316,
    658689.8154096819,
    660515.5121694787,
    656686.6518939143,
    656573.3933777539,
    658690.654734909,
    659252.6905642268,
    659389.4608902541,
    660711.7962395245,
    659001.4602448302,
    659453.1732932404,
    658918.8966468272,
    656036.480355969,
    659982.618978774,
    654603.5169973158,
    663265.1419457861,
    658837.0921751428,
    662674.096193101,
    661696.5666465018,
    656638.2524711719,
    659736.5666089824,
    658464.2892828758,
    658170.8749870087,
    661620.9865905296,
    656513.4387920443,
    661570.2649192212,
    659454.378970045,
    660870.770360747,
    657278.6017053121
  ],
  "eval_lengths": [
    10000,
    10000,
    10000,
    10000,
    10000,
    10000,
    10000,
    10000,
    10000,
    10000,
    10000,
    10000,
    10000,
    10000,
    10000,
    10000,
    10000,
    10000,
    10000,
    10000,
    10000,
    10000,
    10000,
    10000,
    10000,
    10000,
    10000,
    10000,
    10000,
    10000,
    10000,
    10000,
    10000,
    10000,
    10000,
    10000,
    10000,
    10000,
    10000,
    10000,
    10000,
    10000,
    10000,
    10000,
    10000,
    10000,
    10000,
    10000,
    10000,
    10000
  ],
  "timestamp": "2026-01-15T19:03:17.857426",
  "mean_lyapunov": 1.825662,
  "mean_lyapunov_drift": 0.000172,
  "mean_drift_l1": 0.057104000000000016,
  "mean_safe_ratio": 0.0,
  "mean_max_load_rate": 0.8625000722213984
}