{
  "config_type": "normal_pyramid",
  "algorithm": "PPO",
  "seed": 71,
  "layer_capacities": [
    2,
    3,
    4,
    6,
    8
  ],
  "total_capacity": 23,
  "arrival_weights": [
    0.3,
    0.25,
    0.2,
    0.15,
    0.1
  ],
  "base_arrival_rate": 13.8,
  "high_load_multiplier": 5.0,
  "mean_reward": 658862.7678897766,
  "std_reward": 2396.1568356781395,
  "best_reward": 664923.698351635,
  "worst_reward": 653268.2557831913,
  "crash_rate": 0.0,
  "completion_rate": 1.0,
  "terminated_count": 0,
  "truncated_count": 50,
  "mean_episode_length": 10000.0,
  "mean_waiting_time": 0.0,
  "mean_utilization": 0.04837603333333333,
  "training_time_minutes": 6.525748642285665,
  "eval_rewards": [
    659253.2499580843,
    656758.0528688522,
    660631.6393185536,
    664358.0597643949,
    659597.9810673331,
    656504.784559428,
    661087.6798099867,
    658277.7424653219,
    656386.5291314926,
    661565.114370516,
    656531.116576251,
    655831.5316220872,
    664063.0236333564,
    659077.8118680426,
    657452.5052726798,
    664923.698351635,
    661536.6443281878,
    661707.6728538554,
    658985.8442397341,
    657608.1929433175,
    658386.3141573915,
    660430.4039312103,
    659680.2815908222,
    657443.0255494666,
    654529.7015912097,
    658692.0751717843,
    656942.5277677334,
    656687.4682141367,
    657761.989276608,
    661660.2758367959,
    661563.3614384121,
    659192.8549550335,
    658553.0648533416,
    657778.0398894257,
    657240.995146351,
    653268.2557831913,
    657962.1630017976,
    655434.7378776564,
    658867.7325746503,
    658250.1529236529,
    656976.1007089883,
    658270.3569587067,
    658894.399980147,
    661448.8683775213,
    659924.4276657812,
    658648.181023156,
    659712.6743627212,
    660047.4640543377,
    655589.4530432723,
    661162.1717804222
  ],
  "eval_lengths": [
    10000,
    10000,
    10000,
    10000,
    10000,
    10000,
    10000,
    10000,
    10000,
    10000,
    10000,
    10000,
    10000,
    10000,
    10000,
    10000,
    10000,
    10000,
    10000,
    10000,
    10000,
    10000,
    10000,
    10000,
    10000,
    10000,
    10000,
    10000,
    10000,
    10000,
    10000,
    10000,
    10000,
    10000,
    10000,
    10000,
    10000,
    10000,
    10000,
    10000,
    10000,
    10000,
    10000,
    10000,
    10000,
    10000,
    10000,
    10000,
    10000,
    10000
  ],
  "timestamp": "2026-01-16T05:01:17.246496",
  "mean_lyapunov": 1.818328,
  "mean_lyapunov_drift": 0.000142,
  "mean_drift_l1": 0.05690165217391304,
  "mean_safe_ratio": 0.0,
  "mean_max_load_rate": 0.8625013703840971
}