{
  "config_type": "normal_pyramid",
  "algorithm": "PPO",
  "seed": 59,
  "layer_capacities": [
    2,
    3,
    4,
    6,
    8
  ],
  "total_capacity": 23,
  "arrival_weights": [
    0.3,
    0.25,
    0.2,
    0.15,
    0.1
  ],
  "base_arrival_rate": 13.8,
  "high_load_multiplier": 5.0,
  "mean_reward": 659598.2930581146,
  "std_reward": 1876.5962522521502,
  "best_reward": 662950.9897305114,
  "worst_reward": 655382.4121814731,
  "crash_rate": 0.0,
  "completion_rate": 1.0,
  "terminated_count": 0,
  "truncated_count": 50,
  "mean_episode_length": 10000.0,
  "mean_waiting_time": 0.0,
  "mean_utilization": 0.0487513,
  "training_time_minutes": 6.608463227748871,
  "eval_rewards": [
    658429.147949071,
    661595.3964912771,
    660708.55341552,
    659669.6577812599,
    655440.9421117544,
    660821.1923323724,
    658619.23539658,
    661197.8862626062,
    661494.9201079698,
    662101.9216887022,
    661097.0299843691,
    662595.8981000533,
    658875.3897741819,
    660516.8149886471,
    660216.4483286855,
    658718.4034239451,
    659399.7876013315,
    660314.7064648527,
    659116.0518907047,
    661857.7537997263,
    657953.4195924173,
    657817.7367303455,
    658507.0809186269,
    655382.4121814731,
    658894.4516392259,
    658059.0601078471,
    659210.8795308124,
    662950.9897305114,
    659063.4548390883,
    659855.3108862675,
    661679.632407689,
    659332.3097335431,
    658628.8519674424,
    656033.2955981515,
    661345.7160326862,
    656700.5022124473,
    660856.5460734587,
    659359.1503980559,
    658371.1371896473,
    656369.0213629792,
    661614.9764833723,
    660784.933139329,
    662158.9464718893,
    660381.7301514571,
    657964.3147983205,
    659390.8413948409,
    659195.0292439737,
    660687.240719318,
    662310.7135384104,
    656267.8299384954
  ],
  "eval_lengths": [
    10000,
    10000,
    10000,
    10000,
    10000,
    10000,
    10000,
    10000,
    10000,
    10000,
    10000,
    10000,
    10000,
    10000,
    10000,
    10000,
    10000,
    10000,
    10000,
    10000,
    10000,
    10000,
    10000,
    10000,
    10000,
    10000,
    10000,
    10000,
    10000,
    10000,
    10000,
    10000,
    10000,
    10000,
    10000,
    10000,
    10000,
    10000,
    10000,
    10000,
    10000,
    10000,
    10000,
    10000,
    10000,
    10000,
    10000,
    10000,
    10000,
    10000
  ],
  "timestamp": "2026-01-16T00:35:16.899666",
  "mean_lyapunov": 1.828822,
  "mean_lyapunov_drift": 0.00021,
  "mean_drift_l1": 0.057132434782608696,
  "mean_safe_ratio": 0.0,
  "mean_max_load_rate": 0.862500011920929
}