{
  "config_type": "low_capacity",
  "algorithm": "PPO",
  "layer_capacities": [
    2,
    2,
    2,
    2,
    2
  ],
  "total_capacity": 10,
  "arrival_weights": [
    0.3,
    0.25,
    0.2,
    0.15,
    0.1
  ],
  "base_arrival_rate": 12.0,
  "high_load_multiplier": 10.0,
  "mean_reward": 11213.90388976815,
  "std_reward": 237.5209233828538,
  "best_reward": 11694.492155400934,
  "worst_reward": 10568.631584548963,
  "crash_rate": 0.0,
  "completion_rate": 1.0,
  "terminated_count": 0,
  "truncated_count": 50,
  "mean_episode_length": 200.0,
  "mean_waiting_time": 0.0,
  "mean_utilization": 0.03148000000000001,
  "training_time_minutes": 5.222043339411417,
  "eval_rewards": [
    11257.652449536345,
    10568.631584548963,
    11350.439994255725,
    11432.640788763594,
    11379.014105471007,
    11161.718813069561,
    11316.672841290658,
    11490.664624770503,
    11428.490073817167,
    11323.041125392941,
    11176.772958092597,
    10941.509248908382,
    10891.618726471044,
    10643.029915388432,
    11694.492155400934,
    11373.739220333111,
    11444.007777245859,
    11078.737034828358,
    11104.649873050077,
    11127.587565318769,
    11478.657640393589,
    11065.30926032068,
    11116.09033192796,
    11364.541804162687,
    10963.31483101846,
    11229.402499942,
    11555.048455818509,
    11370.042836383585,
    11026.821547590127,
    11308.071431696428,
    11491.757344373087,
    11125.721163015085,
    11371.96039139943,
    11029.53221063904,
    11080.592272375952,
    11543.347561843717,
    11130.65432374479,
    10968.973447910963,
    11333.800075733681,
    11104.734917402284,
    10670.165504415845,
    11049.82180562419,
    11262.907163620004,
    11129.13265773059,
    11146.928995280789,
    11316.276615134891,
    11541.55015818279,
    11186.12992042776,
    11509.272644066834,
    11039.52380027772
  ],
  "eval_lengths": [
    200,
    200,
    200,
    200,
    200,
    200,
    200,
    200,
    200,
    200,
    200,
    200,
    200,
    200,
    200,
    200,
    200,
    200,
    200,
    200,
    200,
    200,
    200,
    200,
    200,
    200,
    200,
    200,
    200,
    200,
    200,
    200,
    200,
    200,
    200,
    200,
    200,
    200,
    200,
    200,
    200,
    200,
    200,
    200,
    200,
    200,
    200,
    200,
    200,
    200
  ],
  "timestamp": "2026-01-02T19:00:31.668061"
}