{
  "config_type": "inverted_pyramid",
  "algorithm": "A2C",
  "seed": 456,
  "layer_capacities": [
    8,
    6,
    4,
    3,
    2
  ],
  "total_capacity": 23,
  "arrival_weights": [
    0.3,
    0.25,
    0.2,
    0.15,
    0.1
  ],
  "base_arrival_rate": 27.6,
  "high_load_multiplier": 10.0,
  "mean_reward": 216953.00488858164,
  "std_reward": 176865.82263428284,
  "best_reward": 554850.436792813,
  "worst_reward": 4795.309627120196,
  "crash_rate": 0.88,
  "completion_rate": 0.12,
  "terminated_count": 44,
  "truncated_count": 6,
  "mean_episode_length": 3915.54,
  "mean_waiting_time": 0.0,
  "mean_utilization": 0.27065146814939967,
  "training_time_minutes": 3.0043911139170327,
  "eval_rewards": [
    160327.81610204463,
    356565.170831303,
    484570.87007838814,
    20400.801323343163,
    55913.178806182346,
    100889.96987370985,
    39213.6546040706,
    92907.57432952638,
    179990.57475355454,
    75763.95789389114,
    32844.16101896388,
    93024.34934035297,
    554294.2445986104,
    104832.42060994978,
    13808.913783585622,
    533566.6938723375,
    192712.91724085747,
    160394.15298980576,
    122245.53756796938,
    554247.1191694658,
    482518.3098376569,
    554850.436792813,
    553798.1600768779,
    114715.84480762426,
    37254.62275209856,
    337808.6478511349,
    553344.5246700888,
    19812.076113845105,
    295022.78242810053,
    173518.90710141454,
    4795.309627120196,
    127765.24449386008,
    127261.78533719142,
    103978.63656591298,
    127857.42778014281,
    340390.88269665587,
    219157.3484312014,
    138941.48779034265,
    17252.819369080404,
    148792.4090355777,
    285364.33933652675,
    209187.5621018593,
    191520.27389342233,
    553160.9934465338,
    324153.0131564849,
    59294.46196399777,
    263222.76429364877,
    377861.5987051086,
    68585.68560721735,
    107947.80957763051
  ],
  "eval_lengths": [
    2890,
    6405,
    8680,
    363,
    1004,
    1837,
    740,
    1689,
    3253,
    1385,
    580,
    1681,
    10000,
    1880,
    251,
    9641,
    3453,
    2882,
    2190,
    10000,
    8752,
    10000,
    10000,
    2074,
    676,
    6116,
    10000,
    375,
    5312,
    3138,
    90,
    2258,
    2272,
    1884,
    2290,
    6113,
    3961,
    2501,
    315,
    2670,
    5200,
    3750,
    3454,
    10000,
    5852,
    1118,
    4799,
    6822,
    1234,
    1947
  ],
  "timestamp": "2026-01-07T08:54:44.179210"
}