{
  "config_type": "inverted_pyramid",
  "algorithm": "PPO",
  "seed": 456,
  "layer_capacities": [
    8,
    6,
    4,
    3,
    2
  ],
  "total_capacity": 23,
  "arrival_weights": [
    0.3,
    0.25,
    0.2,
    0.15,
    0.1
  ],
  "base_arrival_rate": 27.6,
  "high_load_multiplier": 10.0,
  "mean_reward": 23899.15949047575,
  "std_reward": 21316.464406027648,
  "best_reward": 83225.19421313312,
  "worst_reward": 251.08496627220293,
  "crash_rate": 1.0,
  "completion_rate": 0.0,
  "terminated_count": 50,
  "truncated_count": 0,
  "mean_episode_length": 444.94,
  "mean_waiting_time": 0.0,
  "mean_utilization": 0.2515863613490943,
  "training_time_minutes": 5.6410232583681745,
  "eval_rewards": [
    55248.984248469744,
    251.08496627220293,
    24262.030479496414,
    43060.07517283192,
    83225.19421313312,
    75124.8114560143,
    20253.72901653053,
    8495.550112354207,
    14512.28044431437,
    35595.452906803985,
    2325.0327825261593,
    42630.496993960056,
    28619.410809625013,
    6080.326708622234,
    5159.9491361563,
    491.8120013839413,
    38943.51165822282,
    2799.5072024244673,
    5340.702459533868,
    2111.190462254794,
    45291.49646574028,
    7656.56554631649,
    48951.69662762872,
    2610.507379729421,
    14009.571070868908,
    16265.846500139894,
    37260.10967814038,
    25938.659008183342,
    8627.780628649207,
    12567.249840760847,
    23127.37129774337,
    16487.069390647128,
    32767.7250839885,
    2653.489595725898,
    21633.519186737256,
    68536.4011958334,
    34446.79610404919,
    13366.187775886521,
    1579.656349604185,
    68174.60666820928,
    35862.29916591224,
    48760.07168615321,
    45639.46371116041,
    8794.368837095753,
    1609.6745713302284,
    5852.713565928714,
    7290.320329394636,
    14241.653607320224,
    9117.65924316808,
    21306.31118081147
  ],
  "eval_lengths": [
    1031,
    8,
    443,
    789,
    1538,
    1406,
    370,
    161,
    269,
    634,
    81,
    777,
    533,
    119,
    97,
    11,
    712,
    56,
    100,
    40,
    892,
    143,
    898,
    46,
    261,
    303,
    741,
    469,
    163,
    223,
    422,
    323,
    605,
    51,
    407,
    1273,
    625,
    244,
    34,
    1250,
    655,
    895,
    843,
    167,
    34,
    111,
    139,
    269,
    211,
    375
  ],
  "timestamp": "2026-01-07T09:06:21.873448"
}