{
  "config_type": "inverted_pyramid",
  "algorithm": "PPO",
  "seed": 123,
  "layer_capacities": [
    8,
    6,
    4,
    3,
    2
  ],
  "total_capacity": 23,
  "arrival_weights": [
    0.3,
    0.25,
    0.2,
    0.15,
    0.1
  ],
  "base_arrival_rate": 27.6,
  "high_load_multiplier": 10.0,
  "mean_reward": 15.822658722054637,
  "std_reward": 25.519094579638587,
  "best_reward": 86.28993490465433,
  "worst_reward": -26.90672070131366,
  "crash_rate": 1.0,
  "completion_rate": 0.0,
  "terminated_count": 50,
  "truncated_count": 0,
  "mean_episode_length": 1.0,
  "mean_waiting_time": 0.0,
  "mean_utilization": 0.1525,
  "training_time_minutes": 5.532722516854604,
  "eval_rewards": [
    34.83690962921433,
    15.112842376181206,
    -4.7699550355821,
    34.83690962921433,
    26.86630457412633,
    -5.8255105911376575,
    3.9650944639503365,
    35.23690962921434,
    -6.3255105911376575,
    5.7150944639503365,
    46.6830702398579,
    -4.103288368915429,
    36.375371167675866,
    46.40024195702961,
    -5.658843924470986,
    5.9650944639503365,
    -16.61611564622566,
    5.237821736677603,
    15.794161057499878,
    4.765094463950334,
    75.99932984956635,
    57.839172370969294,
    55.418119739390335,
    36.1096369019416,
    -15.758972789082804,
    -15.920463472312619,
    4.765094463950334,
    24.54630457412634,
    35.452294244598946,
    34.83690962921433,
    18.255699519038345,
    -26.106720701313662,
    4.906270934538568,
    -26.90672070131366,
    3.9650944639503365,
    7.9650944639503365,
    3.9650944639503365,
    5.7150944639503365,
    -17.564391508294626,
    16.630699519038345,
    -4.7870490526761245,
    86.28993490465433,
    56.275262596533196,
    14.755699519038345,
    -6.3255105911376575,
    5.520650019505894,
    -5.925510591137652,
    4.365094463950342,
    46.665976222763874,
    35.694052486357194
  ],
  "eval_lengths": [
    1,
    1,
    1,
    1,
    1,
    1,
    1,
    1,
    1,
    1,
    1,
    1,
    1,
    1,
    1,
    1,
    1,
    1,
    1,
    1,
    1,
    1,
    1,
    1,
    1,
    1,
    1,
    1,
    1,
    1,
    1,
    1,
    1,
    1,
    1,
    1,
    1,
    1,
    1,
    1,
    1,
    1,
    1,
    1,
    1,
    1,
    1,
    1,
    1,
    1
  ],
  "timestamp": "2026-01-07T09:00:16.240135"
}