{
  "config_type": "capacity_30",
  "algorithm": "A2C",
  "seed": 42,
  "layer_capacities": [
    6,
    6,
    6,
    6,
    6
  ],
  "total_capacity": 30,
  "arrival_weights": [
    0.3,
    0.25,
    0.2,
    0.15,
    0.1
  ],
  "base_arrival_rate": 18.0,
  "high_load_multiplier": 5.0,
  "mean_reward": 645989.8564978753,
  "std_reward": 194426.81991559538,
  "best_reward": 782247.1525740265,
  "worst_reward": 159651.16414013013,
  "crash_rate": 0.5,
  "completion_rate": 0.5,
  "terminated_count": 5,
  "truncated_count": 5,
  "mean_episode_length": 8298.8,
  "mean_waiting_time": 0.0,
  "mean_utilization": 0.12244426561704358,
  "training_time_minutes": 0.029903713862101236,
  "eval_rewards": [
    762275.5193149745,
    782247.1525740265,
    466089.81954236625,
    779944.0420599356,
    774617.6899885755,
    159651.16414013013,
    557750.7329476732,
    623583.4654112019,
    775430.6359229266,
    778308.3430769427
  ],
  "eval_lengths": [
    9767,
    10000,
    5960,
    10000,
    10000,
    2082,
    7154,
    8025,
    10000,
    10000
  ],
  "timestamp": "2026-01-14T09:20:39.855516",
  "mean_lyapunov": 9.666795199305923,
  "mean_lyapunov_drift": 0.0014339422567118138,
  "mean_drift_l1": 0.10849399913240469,
  "mean_safe_ratio": 0.0,
  "mean_max_load_rate": 1.126088592282673
}