{
  "algorithm": "A2C",
  "seed": 46,
  "load_multiplier": 7.0,
  "timesteps": 100000,
  "train_time": 40.827712059020996,
  "mean_reward": 220524.93001336517,
  "std_reward": 989.5853227363716,
  "mean_length": 10000.0,
  "crash_rate": 0.0,
  "episode_rewards": [
    220874.57567412916,
    220063.2992929526,
    218895.51936724692,
    222446.15560967303,
    220667.14250364754,
    220059.1910884532,
    221278.32194127663,
    221918.94846462397,
    220160.4444327255,
    220844.53000390058,
    220911.6499650153,
    221401.51420901032,
    221474.49218866986,
    222108.10554813076,
    219532.5832963899,
    221471.54248492123,
    218414.1345481616,
    219830.75605358486,
    220699.74566691893,
    219621.75929074065,
    220748.32388012353,
    221437.25388836264,
    219744.93369107417,
    221278.97092860693,
    220535.99400484766,
    220594.2450732926,
    220673.47802378697,
    218616.9934446293,
    220315.9781992124,
    219127.31763684636
  ],
  "episode_lengths": [
    10000,
    10000,
    10000,
    10000,
    10000,
    10000,
    10000,
    10000,
    10000,
    10000,
    10000,
    10000,
    10000,
    10000,
    10000,
    10000,
    10000,
    10000,
    10000,
    10000,
    10000,
    10000,
    10000,
    10000,
    10000,
    10000,
    10000,
    10000,
    10000,
    10000
  ]
}