{
  "algorithm": "A2C",
  "seed": 44,
  "load_multiplier": 7.0,
  "timesteps": 100000,
  "train_time": 299.0413579940796,
  "mean_reward": 85682.8549201767,
  "std_reward": 480.21502547381743,
  "mean_length": 10000.0,
  "crash_rate": 0.0,
  "episode_rewards": [
    86237.610567665,
    86230.70882266204,
    85947.64982159488,
    84593.70944654898,
    85262.498580873,
    85727.11065722437,
    85890.08571454862,
    85581.56442854872,
    85137.25663977263,
    86138.29780420754,
    86275.41094412396,
    85532.61426372203,
    86418.50114044399,
    86037.91233959631,
    85667.43940156845,
    85400.22572520196,
    85299.69554103863,
    85367.04764129096,
    85994.57890937943,
    85832.50212935147,
    85182.15018559828,
    86325.16657995559,
    85269.8063057321,
    85246.19971876354,
    85356.60588281875,
    84626.96195198865,
    85828.75651483706,
    86086.76386187518,
    85675.95048898978,
    86314.86559537878
  ],
  "episode_lengths": [
    10000,
    10000,
    10000,
    10000,
    10000,
    10000,
    10000,
    10000,
    10000,
    10000,
    10000,
    10000,
    10000,
    10000,
    10000,
    10000,
    10000,
    10000,
    10000,
    10000,
    10000,
    10000,
    10000,
    10000,
    10000,
    10000,
    10000,
    10000,
    10000,
    10000
  ]
}