{
  "algorithm": "A2C",
  "seed": 43,
  "load_multiplier": 3.0,
  "timesteps": 100000,
  "train_time": 47.043185234069824,
  "mean_reward": 115945.28753859458,
  "std_reward": 730.1334425687621,
  "mean_length": 10000.0,
  "crash_rate": 0.0,
  "episode_rewards": [
    116704.26813381464,
    115995.82282915628,
    116191.0927483684,
    116881.4934292687,
    116262.07828449935,
    115024.37378313643,
    115685.52896443939,
    115526.95480970091,
    115887.95891312257,
    115831.8848598373,
    116737.13928041836,
    116401.8401154907,
    114925.5354138604,
    116605.98907695942,
    115803.538499626,
    115211.48774254079,
    116326.22286678576,
    116223.89369173921,
    116700.75952693252,
    114352.0209593644,
    116621.9561330766,
    115790.04545647207,
    116494.52909744561,
    114643.7734705794,
    115297.78047923541,
    117840.68356758959,
    115863.20797748532,
    115494.91330044276,
    115526.1328510024,
    115505.71989544661
  ],
  "episode_lengths": [
    10000,
    10000,
    10000,
    10000,
    10000,
    10000,
    10000,
    10000,
    10000,
    10000,
    10000,
    10000,
    10000,
    10000,
    10000,
    10000,
    10000,
    10000,
    10000,
    10000,
    10000,
    10000,
    10000,
    10000,
    10000,
    10000,
    10000,
    10000,
    10000,
    10000
  ]
}