{
  "algorithm": "A2C",
  "seed": 46,
  "load_multiplier": 5.0,
  "timesteps": 100000,
  "train_time": 43.57750701904297,
  "mean_reward": 774015.7669409654,
  "std_reward": 2089.3471227955984,
  "mean_length": 10000.0,
  "crash_rate": 0.0,
  "episode_rewards": [
    775836.3055304019,
    772390.0576531505,
    775079.4607314615,
    776743.0916496753,
    773055.5106484401,
    774447.4432273548,
    772086.846246143,
    771752.4124372749,
    773897.7367443416,
    772206.7162878574,
    772893.7380321476,
    774884.5450791891,
    771757.9048542721,
    776080.2891002833,
    771135.0128727733,
    771224.2046386118,
    775377.91141942,
    777813.3496904843,
    774524.9239159562,
    774661.7931347762,
    774847.6116133129,
    777158.7330701747,
    776483.3724224467,
    770379.6133154966,
    777131.9678389991,
    775079.7585348838,
    771729.5766645841,
    774532.1431421867,
    774735.3221900933,
    770545.6555427682
  ],
  "episode_lengths": [
    10000,
    10000,
    10000,
    10000,
    10000,
    10000,
    10000,
    10000,
    10000,
    10000,
    10000,
    10000,
    10000,
    10000,
    10000,
    10000,
    10000,
    10000,
    10000,
    10000,
    10000,
    10000,
    10000,
    10000,
    10000,
    10000,
    10000,
    10000,
    10000,
    10000
  ]
}