{
  "algorithm": "A2C",
  "seed": 42,
  "load_multiplier": 7.0,
  "timesteps": 100000,
  "train_time": 296.6595449447632,
  "mean_reward": 85496.3861414281,
  "std_reward": 343.0660218881237,
  "mean_length": 10000.0,
  "crash_rate": 0.0,
  "episode_rewards": [
    85653.91085221455,
    85465.45313845346,
    85106.09905197553,
    84821.85315055659,
    85918.19971340203,
    84830.62984409429,
    85278.88400233719,
    85293.00562096597,
    85841.13600030502,
    85377.54856924176,
    85403.10077031491,
    85650.39857743702,
    85803.89201111285,
    85894.32780302926,
    85533.70009715414,
    85753.34067266647,
    85373.81657882105,
    85514.8121102346,
    85569.58092580576,
    85166.59262803647,
    85211.24871590013,
    86512.35333537716,
    85318.55631833778,
    85985.53110563145,
    85776.93243721555,
    85348.05111416084,
    85487.64105284255,
    85402.83782066824,
    85320.45855482316,
    85277.69166972737
  ],
  "episode_lengths": [
    10000,
    10000,
    10000,
    10000,
    10000,
    10000,
    10000,
    10000,
    10000,
    10000,
    10000,
    10000,
    10000,
    10000,
    10000,
    10000,
    10000,
    10000,
    10000,
    10000,
    10000,
    10000,
    10000,
    10000,
    10000,
    10000,
    10000,
    10000,
    10000,
    10000
  ]
}