{
  "algorithm": "A2C",
  "seed": 44,
  "load_multiplier": 5.0,
  "timesteps": 100000,
  "train_time": 40.867894887924194,
  "mean_reward": 771171.3256816809,
  "std_reward": 2587.615073931086,
  "mean_length": 10000.0,
  "crash_rate": 0.0,
  "episode_rewards": [
    770066.0942083261,
    769985.9883695687,
    770192.8077380066,
    773314.6206627854,
    773859.4375531846,
    770729.3082094517,
    773338.3924881014,
    766362.2070610705,
    770560.2056907244,
    772329.4473785426,
    775879.1575073056,
    774259.9384451717,
    771203.0735659195,
    773710.4278318676,
    769136.0130452401,
    767571.4632111492,
    771412.2680245375,
    767152.6584746765,
    772548.20674864,
    768390.5462759939,
    776858.9384203247,
    770010.8605112983,
    769777.197859301,
    774011.1755756469,
    767574.0663851491,
    773390.3926253828,
    772595.8480199318,
    771266.1672849228,
    768681.364417542,
    768971.4968606638
  ],
  "episode_lengths": [
    10000,
    10000,
    10000,
    10000,
    10000,
    10000,
    10000,
    10000,
    10000,
    10000,
    10000,
    10000,
    10000,
    10000,
    10000,
    10000,
    10000,
    10000,
    10000,
    10000,
    10000,
    10000,
    10000,
    10000,
    10000,
    10000,
    10000,
    10000,
    10000,
    10000
  ]
}