{
  "algorithm": "A2C",
  "seed": 46,
  "load_multiplier": 3.0,
  "timesteps": 100000,
  "train_time": 43.0990846157074,
  "mean_reward": 507225.50733726495,
  "std_reward": 1974.1053282899911,
  "mean_length": 10000.0,
  "crash_rate": 0.0,
  "episode_rewards": [
    507612.51248152065,
    507495.8820894172,
    507251.59529908147,
    505655.61953270313,
    508845.7449379222,
    505674.74805300875,
    508320.34349756874,
    508784.38313916663,
    504147.3956514673,
    506328.94528310373,
    508170.20928071596,
    508293.186656879,
    504838.2403796581,
    506995.83081112977,
    506813.84367442894,
    506999.11993086635,
    511128.0531160472,
    506010.40635368135,
    505999.73995654326,
    508171.20793164615,
    503380.82188544015,
    509059.0396141014,
    507230.9736005905,
    505015.5649253145,
    503839.5227019449,
    508166.33563085657,
    510264.1465876815,
    510537.7883311783,
    510293.3454656797,
    505440.67331860476
  ],
  "episode_lengths": [
    10000,
    10000,
    10000,
    10000,
    10000,
    10000,
    10000,
    10000,
    10000,
    10000,
    10000,
    10000,
    10000,
    10000,
    10000,
    10000,
    10000,
    10000,
    10000,
    10000,
    10000,
    10000,
    10000,
    10000,
    10000,
    10000,
    10000,
    10000,
    10000,
    10000
  ]
}