{
  "algorithm": "A2C",
  "seed": 43,
  "load_multiplier": 7.0,
  "timesteps": 100000,
  "train_time": 305.8883521556854,
  "mean_reward": 85435.83158389133,
  "std_reward": 417.6808668587193,
  "mean_length": 10000.0,
  "crash_rate": 0.0,
  "episode_rewards": [
    85032.60725102948,
    85490.61940200311,
    85539.28268947429,
    85068.4562906788,
    84672.52612408438,
    86146.93010488327,
    85479.83232427893,
    85047.3636844488,
    85268.97182116736,
    85335.19481590817,
    85660.0815550867,
    85717.53127176338,
    85420.77149831345,
    85313.04637513767,
    84465.8837731532,
    85301.25369425802,
    85290.92580182286,
    85367.68203102144,
    85835.51718886297,
    85841.43425233988,
    86185.30923227279,
    85427.08251442108,
    84889.43797900404,
    85228.94695856782,
    85459.16170830515,
    86108.99865127914,
    85423.74579070557,
    85132.77576427747,
    86267.97668242932,
    85655.60028576096
  ],
  "episode_lengths": [
    10000,
    10000,
    10000,
    10000,
    10000,
    10000,
    10000,
    10000,
    10000,
    10000,
    10000,
    10000,
    10000,
    10000,
    10000,
    10000,
    10000,
    10000,
    10000,
    10000,
    10000,
    10000,
    10000,
    10000,
    10000,
    10000,
    10000,
    10000,
    10000,
    10000
  ]
}