{
  "algorithm": "A2C",
  "seed": 42,
  "load_multiplier": 5.0,
  "timesteps": 100000,
  "train_time": 50.14303708076477,
  "mean_reward": 769766.8032228942,
  "std_reward": 2536.3692407296453,
  "mean_length": 10000.0,
  "crash_rate": 0.0,
  "episode_rewards": [
    769378.9730752436,
    768522.7506719598,
    771936.2470579565,
    774652.8436325565,
    768511.2471009386,
    773815.5586329262,
    775785.4329481506,
    769488.2736252671,
    772692.6209961976,
    766243.0586295896,
    770020.101053028,
    768471.742733313,
    770548.2816567523,
    768633.7898628747,
    772093.9483855148,
    771343.1706979782,
    766321.0388062592,
    767737.9753175478,
    764682.8303867925,
    770793.3651383816,
    768362.7150456093,
    769317.7873970236,
    765174.0110561837,
    771073.6590863534,
    770481.1904035449,
    771163.6395050125,
    767602.7031159063,
    769592.1625321505,
    769740.9285315581,
    768822.049604257
  ],
  "episode_lengths": [
    10000,
    10000,
    10000,
    10000,
    10000,
    10000,
    10000,
    10000,
    10000,
    10000,
    10000,
    10000,
    10000,
    10000,
    10000,
    10000,
    10000,
    10000,
    10000,
    10000,
    10000,
    10000,
    10000,
    10000,
    10000,
    10000,
    10000,
    10000,
    10000,
    10000
  ]
}