{
  "algorithm": "A2C",
  "seed": 44,
  "load_multiplier": 3.0,
  "timesteps": 100000,
  "train_time": 40.546732902526855,
  "mean_reward": 506197.2230371941,
  "std_reward": 1817.8875094400375,
  "mean_length": 10000.0,
  "crash_rate": 0.0,
  "episode_rewards": [
    506700.80286819366,
    505441.1886187345,
    508250.4636685117,
    508184.21625805617,
    507523.86482556566,
    504069.9112235377,
    506541.31540765124,
    506961.76626054436,
    506155.5446069869,
    507178.62530557695,
    504223.0729796047,
    509153.96520076244,
    506543.6097109812,
    505385.5050025132,
    503424.27853923495,
    508467.9167324074,
    510712.86549866153,
    502177.96082209557,
    504312.17666283576,
    505575.54705362755,
    506324.93695771217,
    505320.6096076774,
    505613.61317315936,
    506201.6845400169,
    505568.1151479597,
    507000.8106968964,
    506479.79362674657,
    502704.59905471245,
    506605.0110694747,
    507112.91999538336
  ],
  "episode_lengths": [
    10000,
    10000,
    10000,
    10000,
    10000,
    10000,
    10000,
    10000,
    10000,
    10000,
    10000,
    10000,
    10000,
    10000,
    10000,
    10000,
    10000,
    10000,
    10000,
    10000,
    10000,
    10000,
    10000,
    10000,
    10000,
    10000,
    10000,
    10000,
    10000,
    10000
  ]
}