{
  "algorithm": "A2C",
  "seed": 45,
  "load_multiplier": 5.0,
  "timesteps": 100000,
  "train_time": 41.82426595687866,
  "mean_reward": 770359.9635284861,
  "std_reward": 2547.607612196902,
  "mean_length": 10000.0,
  "crash_rate": 0.0,
  "episode_rewards": [
    768202.875568216,
    769804.8115000293,
    766922.4186642485,
    768194.8811641996,
    772078.2250053186,
    769675.2305983433,
    770266.7339560403,
    765253.7174446387,
    773866.55845584,
    769635.4678375521,
    773592.8353906235,
    766999.32628649,
    768584.2577817909,
    772691.8691585708,
    769772.3159547972,
    771412.6165075691,
    769868.396762116,
    769418.1977938795,
    775055.7890811991,
    769192.315578729,
    770426.2314114635,
    768970.8617895145,
    776282.6484249366,
    772015.8081548807,
    773340.0436350825,
    772985.7453050036,
    768033.6766450893,
    768881.8690030725,
    767389.469403969,
    771983.7115913806
  ],
  "episode_lengths": [
    10000,
    10000,
    10000,
    10000,
    10000,
    10000,
    10000,
    10000,
    10000,
    10000,
    10000,
    10000,
    10000,
    10000,
    10000,
    10000,
    10000,
    10000,
    10000,
    10000,
    10000,
    10000,
    10000,
    10000,
    10000,
    10000,
    10000,
    10000,
    10000,
    10000
  ]
}