{
  "algorithm": "A2C",
  "seed": 45,
  "load_multiplier": 7.0,
  "timesteps": 100000,
  "train_time": 41.021864891052246,
  "mean_reward": 85453.50449167355,
  "std_reward": 497.6054228410418,
  "mean_length": 10000.0,
  "crash_rate": 0.0,
  "episode_rewards": [
    85712.09924587159,
    85649.61140948824,
    85326.84347581363,
    85642.29737589667,
    85877.08134426933,
    84615.4350727544,
    84587.5623847988,
    85488.86734437017,
    85406.57569878828,
    85104.33513109873,
    84602.42798295879,
    86042.87383928965,
    85055.71249118613,
    85458.8986170739,
    84905.16361727532,
    86061.92570957502,
    85354.83809817742,
    86081.9281531273,
    86063.96616608623,
    85127.68943682985,
    84270.19868329845,
    85292.13434605373,
    85282.94489499083,
    85670.37574071718,
    86178.57433979104,
    85438.36106515459,
    85569.6433432591,
    85723.32396288033,
    85966.03740225303,
    86047.40837707891
  ],
  "episode_lengths": [
    10000,
    10000,
    10000,
    10000,
    10000,
    10000,
    10000,
    10000,
    10000,
    10000,
    10000,
    10000,
    10000,
    10000,
    10000,
    10000,
    10000,
    10000,
    10000,
    10000,
    10000,
    10000,
    10000,
    10000,
    10000,
    10000,
    10000,
    10000,
    10000,
    10000
  ]
}