{
  "algorithm": "A2C",
  "seed": 43,
  "load_multiplier": 5.0,
  "timesteps": 100000,
  "train_time": 42.2572660446167,
  "mean_reward": 770798.4167902078,
  "std_reward": 2591.8157464996384,
  "mean_length": 10000.0,
  "crash_rate": 0.0,
  "episode_rewards": [
    771877.770787867,
    771395.4732105136,
    772671.9580220286,
    770192.9747503115,
    771971.5937609368,
    774735.8462784939,
    768602.3491382749,
    772327.9866007733,
    769080.635274815,
    766899.1132132132,
    770366.9856838932,
    771351.5082869967,
    768375.0369087376,
    770602.4036241809,
    771102.0130280973,
    768882.7327539348,
    764506.5705111224,
    768738.7189924618,
    770908.8003012256,
    774531.662720724,
    770601.6111292123,
    769064.5988730879,
    773688.4525058053,
    773652.4849856356,
    771388.0787759707,
    770187.5584707147,
    767160.7248585082,
    770652.6519665209,
    778031.0833660673,
    770403.1249261138
  ],
  "episode_lengths": [
    10000,
    10000,
    10000,
    10000,
    10000,
    10000,
    10000,
    10000,
    10000,
    10000,
    10000,
    10000,
    10000,
    10000,
    10000,
    10000,
    10000,
    10000,
    10000,
    10000,
    10000,
    10000,
    10000,
    10000,
    10000,
    10000,
    10000,
    10000,
    10000,
    10000
  ]
}