{
  "algorithm": "A2C",
  "seed": 42,
  "load_multiplier": 3.0,
  "timesteps": 100000,
  "train_time": 45.52224802970886,
  "mean_reward": 506589.20704722585,
  "std_reward": 1773.8835644420976,
  "mean_length": 10000.0,
  "crash_rate": 0.0,
  "episode_rewards": [
    507271.93916290574,
    505126.850927513,
    504550.25292998896,
    502359.0267400478,
    506085.65306596644,
    508829.15928262734,
    509162.7684508674,
    508260.13299230766,
    507590.68537505734,
    507216.49951118097,
    504843.47059413866,
    507729.7021242851,
    507545.8089985634,
    505055.43684021966,
    506123.5861586094,
    507132.5970073295,
    508083.47339990997,
    507417.6290692215,
    505085.5612007555,
    506807.80970699346,
    504960.3446697591,
    506009.3971742532,
    504918.7906659654,
    506282.88657550956,
    508954.5910448392,
    509055.5117967099,
    510084.29303667456,
    503545.6670584295,
    505728.72277785494,
    505857.9630782913
  ],
  "episode_lengths": [
    10000,
    10000,
    10000,
    10000,
    10000,
    10000,
    10000,
    10000,
    10000,
    10000,
    10000,
    10000,
    10000,
    10000,
    10000,
    10000,
    10000,
    10000,
    10000,
    10000,
    10000,
    10000,
    10000,
    10000,
    10000,
    10000,
    10000,
    10000,
    10000,
    10000
  ]
}