{
  "algorithm": "A2C",
  "seed": 45,
  "load_multiplier": 3.0,
  "timesteps": 100000,
  "train_time": 39.91553211212158,
  "mean_reward": 507062.32830913673,
  "std_reward": 1891.969765467048,
  "mean_length": 10000.0,
  "crash_rate": 0.0,
  "episode_rewards": [
    506709.5896969207,
    507273.1798701533,
    505061.1836196976,
    506381.0183777522,
    506199.6943278085,
    504255.51415121276,
    505311.80287300254,
    509736.66403929866,
    507734.2845994373,
    509516.4340365906,
    509818.0123904242,
    504666.40629359236,
    510301.4758670991,
    504847.8354323818,
    506358.68645364104,
    509636.6058615575,
    510293.9821390712,
    502692.27620430326,
    505673.50619713496,
    507956.38455573545,
    506162.7578141772,
    507972.51177511207,
    506649.86607286223,
    507530.1837152374,
    508035.9728511467,
    508117.49521945056,
    508317.3090687601,
    505271.7807101443,
    506988.4137749684,
    506399.021285427
  ],
  "episode_lengths": [
    10000,
    10000,
    10000,
    10000,
    10000,
    10000,
    10000,
    10000,
    10000,
    10000,
    10000,
    10000,
    10000,
    10000,
    10000,
    10000,
    10000,
    10000,
    10000,
    10000,
    10000,
    10000,
    10000,
    10000,
    10000,
    10000,
    10000,
    10000,
    10000,
    10000
  ]
}