{
  "algorithm": "HCA2C",
  "seed": 45,
  "load_multiplier": 3.0,
  "timesteps": 500000,
  "train_time": 8326.932582378387,
  "mean_reward": 228683.3371836624,
  "std_reward": 1066.395332318718,
  "mean_length": 10000.0,
  "crash_rate": 0.0,
  "episode_rewards": [
    227505.25386087332,
    230707.416029676,
    228927.56948244793,
    227277.13139773707,
    228154.7986243641,
    230217.33003513957,
    230133.6199581382,
    230499.5282683796,
    229170.01045876066,
    228565.51914585824,
    228604.59885015065,
    228260.45253485383,
    226718.51316120947,
    227741.3263554395,
    230259.72463587383,
    228231.7808835488,
    229497.36575858295,
    228108.54628959077,
    229023.75682952956,
    229096.44991330671,
    226958.24681624083,
    227169.46345139298,
    228587.17875580714,
    229405.66921848757,
    229630.36080528074,
    227481.56295847718,
    229134.61375599098,
    227720.4691996627,
    229052.65266706914,
    228659.2054080022
  ],
  "episode_lengths": [
    10000,
    10000,
    10000,
    10000,
    10000,
    10000,
    10000,
    10000,
    10000,
    10000,
    10000,
    10000,
    10000,
    10000,
    10000,
    10000,
    10000,
    10000,
    10000,
    10000,
    10000,
    10000,
    10000,
    10000,
    10000,
    10000,
    10000,
    10000,
    10000,
    10000
  ]
}