{
  "algorithm": "HCA2C",
  "seed": 45,
  "load_multiplier": 7.0,
  "timesteps": 500000,
  "train_time": 763.4569070339203,
  "mean_reward": -133912.27476953182,
  "std_reward": 3219.7768293354384,
  "mean_length": 10000.0,
  "crash_rate": 0.0,
  "episode_rewards": [
    -132095.67803076244,
    -140832.70990036085,
    -129851.8696483239,
    -133897.38253988163,
    -126875.42037256798,
    -134300.67019539326,
    -130965.81644449972,
    -130189.4596249333,
    -138000.18009067862,
    -135855.09341119707,
    -133243.98941672896,
    -134103.36327051383,
    -131673.90639867418,
    -137971.17137177978,
    -136269.27676600046,
    -134543.10217880335,
    -136006.34725014938,
    -132505.83340416994,
    -131435.0278993836,
    -136289.0590059533,
    -126315.56312888704,
    -137441.30722040613,
    -136294.3094913509,
    -133666.90654530536,
    -135822.02955851157,
    -136796.09261659437,
    -132486.0795336665,
    -131971.4934750215,
    -136979.35131439578,
    -132689.75298106036
  ],
  "episode_lengths": [
    10000,
    10000,
    10000,
    10000,
    10000,
    10000,
    10000,
    10000,
    10000,
    10000,
    10000,
    10000,
    10000,
    10000,
    10000,
    10000,
    10000,
    10000,
    10000,
    10000,
    10000,
    10000,
    10000,
    10000,
    10000,
    10000,
    10000,
    10000,
    10000,
    10000
  ]
}