{
  "algorithm": "HCA2C",
  "seed": 46,
  "load_multiplier": 7.0,
  "timesteps": 500000,
  "train_time": 736.9543669223785,
  "mean_reward": -135072.70136782536,
  "std_reward": 2919.214345947077,
  "mean_length": 10000.0,
  "crash_rate": 0.0,
  "episode_rewards": [
    -139015.65253194823,
    -144364.53444439635,
    -133377.46300570748,
    -136154.25532294824,
    -137466.63979993263,
    -133817.79286587326,
    -133045.8986832294,
    -131878.1929189199,
    -136996.16012884432,
    -139373.58421152108,
    -139736.38078441907,
    -132109.02812507353,
    -131024.4865955487,
    -137836.46608238216,
    -133640.8790399192,
    -133444.32969573123,
    -133020.0138010478,
    -132486.9980592203,
    -132662.63548192522,
    -131954.16302395167,
    -136107.14568433634,
    -135761.779826737,
    -133604.92098114628,
    -133873.78994015936,
    -137312.81706446677,
    -133386.80474122975,
    -133633.66037969218,
    -133235.15962356245,
    -135541.0691912029,
    -136318.33899968766
  ],
  "episode_lengths": [
    10000,
    10000,
    10000,
    10000,
    10000,
    10000,
    10000,
    10000,
    10000,
    10000,
    10000,
    10000,
    10000,
    10000,
    10000,
    10000,
    10000,
    10000,
    10000,
    10000,
    10000,
    10000,
    10000,
    10000,
    10000,
    10000,
    10000,
    10000,
    10000,
    10000
  ]
}