{
  "algorithm": "HCA2C",
  "seed": 42,
  "load_multiplier": 7.0,
  "timesteps": 500000,
  "train_time": 8156.7182512283325,
  "mean_reward": -133975.087495254,
  "std_reward": 2793.770813219817,
  "mean_length": 10000.0,
  "crash_rate": 0.0,
  "episode_rewards": [
    -134908.24166084317,
    -134686.33221591954,
    -131733.76321580782,
    -131614.63221318307,
    -132951.29042284086,
    -132168.67254104605,
    -133977.87192375347,
    -136222.18667017677,
    -133137.60737714192,
    -132170.77290300454,
    -132759.9809530918,
    -136253.40522928923,
    -137789.81129836568,
    -134440.92127829226,
    -131848.89918498253,
    -131471.42397221923,
    -132972.53965439866,
    -130567.02377296778,
    -132419.977432435,
    -136657.4470066119,
    -138906.63646800193,
    -131768.5514466351,
    -136371.75408834836,
    -134792.28492361185,
    -137172.30890796756,
    -126792.60319383827,
    -139243.03074184599,
    -130132.37741337006,
    -136489.05506563463,
    -136831.22168199538
  ],
  "episode_lengths": [
    10000,
    10000,
    10000,
    10000,
    10000,
    10000,
    10000,
    10000,
    10000,
    10000,
    10000,
    10000,
    10000,
    10000,
    10000,
    10000,
    10000,
    10000,
    10000,
    10000,
    10000,
    10000,
    10000,
    10000,
    10000,
    10000,
    10000,
    10000,
    10000,
    10000
  ]
}