{
  "algorithm": "HCA2C",
  "seed": 43,
  "load_multiplier": 7.0,
  "timesteps": 500000,
  "train_time": 8218.71950507164,
  "mean_reward": -134183.35874653107,
  "std_reward": 2841.286747922143,
  "mean_length": 10000.0,
  "crash_rate": 0.0,
  "episode_rewards": [
    -133365.34619073875,
    -132530.88131566474,
    -131246.85979916816,
    -132903.99768439995,
    -135444.53983887294,
    -133456.0553139172,
    -139510.37685182167,
    -138661.72845242464,
    -138241.6361916776,
    -133862.11362165998,
    -133027.921944765,
    -129638.73464616225,
    -131994.18745612793,
    -136079.21281534643,
    -135602.7905125441,
    -131658.08870013806,
    -135055.83213085282,
    -131356.7357124286,
    -133870.0282930901,
    -134111.14769409734,
    -137014.28721128879,
    -136479.4236060774,
    -137025.3731454884,
    -134514.22514833228,
    -131420.84417402296,
    -135110.3231372989,
    -132012.47981477284,
    -140599.4747869969,
    -130319.56645854969,
    -129386.54974720543
  ],
  "episode_lengths": [
    10000,
    10000,
    10000,
    10000,
    10000,
    10000,
    10000,
    10000,
    10000,
    10000,
    10000,
    10000,
    10000,
    10000,
    10000,
    10000,
    10000,
    10000,
    10000,
    10000,
    10000,
    10000,
    10000,
    10000,
    10000,
    10000,
    10000,
    10000,
    10000,
    10000
  ]
}