{
  "algorithm": "HCA2C",
  "seed": 46,
  "load_multiplier": 3.0,
  "timesteps": 500000,
  "train_time": 8317.735968828201,
  "mean_reward": 229005.9629228038,
  "std_reward": 1206.035118783403,
  "mean_length": 10000.0,
  "crash_rate": 0.0,
  "episode_rewards": [
    230763.12907522928,
    230480.73425753205,
    228679.4443389876,
    229927.6041173162,
    229073.94891224935,
    226920.96869282276,
    229043.73117817283,
    228919.4411350886,
    229705.53306378936,
    227147.81429304954,
    228717.58801385216,
    229857.33247227845,
    229255.14659404586,
    228475.20970678446,
    229637.39063193082,
    225592.01256115537,
    228609.48498089114,
    228856.29952997624,
    229673.45295512254,
    229687.34240403408,
    230041.02231304397,
    228248.85242103375,
    227791.85740004174,
    230000.52229267653,
    231592.68496296732,
    227679.06377554295,
    228835.08623578056,
    228391.89175729372,
    228366.48982239715,
    230207.80778902734
  ],
  "episode_lengths": [
    10000,
    10000,
    10000,
    10000,
    10000,
    10000,
    10000,
    10000,
    10000,
    10000,
    10000,
    10000,
    10000,
    10000,
    10000,
    10000,
    10000,
    10000,
    10000,
    10000,
    10000,
    10000,
    10000,
    10000,
    10000,
    10000,
    10000,
    10000,
    10000,
    10000
  ]
}