{
  "algorithm": "HCA2C",
  "seed": 42,
  "load_multiplier": 3.0,
  "timesteps": 500000,
  "train_time": 8306.66577720642,
  "mean_reward": 229069.41224792326,
  "std_reward": 1177.2733247247106,
  "mean_length": 10000.0,
  "crash_rate": 0.0,
  "episode_rewards": [
    228471.4225309247,
    229110.74201008852,
    230114.69045050236,
    230075.53323233072,
    227423.32838053565,
    229072.6464605752,
    226432.139047886,
    229219.2160981226,
    227306.4238955703,
    229627.33409192,
    226734.62715624974,
    230366.45765904663,
    228451.37646424808,
    230580.60954071043,
    230153.31579208706,
    228700.7777253058,
    228453.1562552277,
    229088.54027523895,
    230347.98163265517,
    228006.33002370468,
    230047.14800722225,
    228100.834412387,
    228767.32967344395,
    230263.82493008213,
    230054.32008292954,
    229240.91704249635,
    228029.1150036762,
    229079.05005427252,
    229195.0057024601,
    231568.17380579707
  ],
  "episode_lengths": [
    10000,
    10000,
    10000,
    10000,
    10000,
    10000,
    10000,
    10000,
    10000,
    10000,
    10000,
    10000,
    10000,
    10000,
    10000,
    10000,
    10000,
    10000,
    10000,
    10000,
    10000,
    10000,
    10000,
    10000,
    10000,
    10000,
    10000,
    10000,
    10000,
    10000
  ]
}