{
  "algorithm": "HCA2C",
  "seed": 43,
  "load_multiplier": 5.0,
  "timesteps": 500000,
  "train_time": 8324.723234653473,
  "mean_reward": 79420.36058646864,
  "std_reward": 1715.2106105531811,
  "mean_length": 10000.0,
  "crash_rate": 0.0,
  "episode_rewards": [
    80437.8821902989,
    79130.18430981993,
    76208.67508801121,
    76517.3800477848,
    81560.2620720114,
    80543.12335302695,
    79375.50580232237,
    79451.01220122709,
    81233.31320097465,
    82006.8018866093,
    78181.94948603035,
    79941.5815808994,
    77999.6551684898,
    79177.23918424292,
    78559.42884294689,
    81415.58820280735,
    78074.90369570466,
    80224.50609393655,
    79178.24424429763,
    79609.58927347422,
    77094.48118370675,
    77394.0170790359,
    77506.99102646204,
    77805.81366108776,
    80990.38405665738,
    83900.19996834495,
    79986.7267034397,
    81000.92116582405,
    79134.9558674787,
    78969.50095710577
  ],
  "episode_lengths": [
    10000,
    10000,
    10000,
    10000,
    10000,
    10000,
    10000,
    10000,
    10000,
    10000,
    10000,
    10000,
    10000,
    10000,
    10000,
    10000,
    10000,
    10000,
    10000,
    10000,
    10000,
    10000,
    10000,
    10000,
    10000,
    10000,
    10000,
    10000,
    10000,
    10000
  ]
}