{
  "algorithm": "HCA2C",
  "seed": 42,
  "load_multiplier": 5.0,
  "timesteps": 500000,
  "train_time": 8387.071966171265,
  "mean_reward": 79349.37368796319,
  "std_reward": 2074.5376832388006,
  "mean_length": 10000.0,
  "crash_rate": 0.0,
  "episode_rewards": [
    81866.52294788738,
    81862.78416101847,
    76575.96011763383,
    77626.371452493,
    77165.3401646055,
    79784.92804487742,
    78204.69586925062,
    81183.25224855186,
    82733.97583590506,
    78307.97457730644,
    79178.29048021702,
    78204.20313336451,
    80050.69898014868,
    80212.51887097275,
    76275.2713454153,
    78960.49470292442,
    79690.77166165593,
    80750.24846774219,
    76450.09468603611,
    79471.50120890613,
    76648.63714547135,
    79904.421920491,
    75457.761547824,
    79272.20496722554,
    76773.16939688112,
    80081.57165184914,
    80813.27308860992,
    82193.08761135081,
    81320.01882118611,
    83461.1655310944
  ],
  "episode_lengths": [
    10000,
    10000,
    10000,
    10000,
    10000,
    10000,
    10000,
    10000,
    10000,
    10000,
    10000,
    10000,
    10000,
    10000,
    10000,
    10000,
    10000,
    10000,
    10000,
    10000,
    10000,
    10000,
    10000,
    10000,
    10000,
    10000,
    10000,
    10000,
    10000,
    10000
  ]
}