{
  "algorithm": "HCA2C",
  "seed": 46,
  "load_multiplier": 5.0,
  "timesteps": 500000,
  "train_time": 8331.556215524673,
  "mean_reward": 79668.4512532106,
  "std_reward": 1832.133571663407,
  "mean_length": 10000.0,
  "crash_rate": 0.0,
  "episode_rewards": [
    80168.90149012208,
    78807.64334571885,
    83234.16391478089,
    77793.30013154475,
    78610.29246152249,
    80269.50067024698,
    78374.02207466197,
    79504.66018607057,
    78575.18037281901,
    83686.29673273841,
    75636.78431880624,
    77476.76699774418,
    81025.25665115284,
    79461.89412717646,
    76562.01295959893,
    78203.77658930048,
    80716.16876692337,
    79492.48532688449,
    80233.03955584671,
    82206.4836795945,
    79377.42620077984,
    81399.93453839503,
    78924.82925032191,
    79671.70998054197,
    76968.80314713086,
    82040.53764397162,
    80302.2023583746,
    79705.95926139686,
    81429.89259615545,
    80193.6122659957
  ],
  "episode_lengths": [
    10000,
    10000,
    10000,
    10000,
    10000,
    10000,
    10000,
    10000,
    10000,
    10000,
    10000,
    10000,
    10000,
    10000,
    10000,
    10000,
    10000,
    10000,
    10000,
    10000,
    10000,
    10000,
    10000,
    10000,
    10000,
    10000,
    10000,
    10000,
    10000,
    10000
  ]
}