{
  "algorithm": "HCA2C",
  "seed": 44,
  "load_multiplier": 7.0,
  "timesteps": 500000,
  "train_time": 8249.253445625305,
  "mean_reward": -134125.655566899,
  "std_reward": 2999.390143674421,
  "mean_length": 10000.0,
  "crash_rate": 0.0,
  "episode_rewards": [
    -133712.8572306125,
    -132191.39364892937,
    -135322.57327235435,
    -143200.4783299489,
    -133864.54149909326,
    -131920.41226081675,
    -131744.232552753,
    -138340.48492391483,
    -134713.72707799615,
    -134224.49962965434,
    -132727.00787924405,
    -131584.3583691811,
    -127067.45530891695,
    -132976.340986092,
    -135398.20230888348,
    -135218.24810672452,
    -134837.292769656,
    -134073.30125489,
    -134330.59785373363,
    -133586.3301404874,
    -137858.08499416104,
    -133500.16073324688,
    -132752.62305637624,
    -134806.6868148905,
    -139251.12804828168,
    -135760.33633208097,
    -131051.20245960206,
    -136231.2908552717,
    -132778.39409682396,
    -128745.42421235197
  ],
  "episode_lengths": [
    10000,
    10000,
    10000,
    10000,
    10000,
    10000,
    10000,
    10000,
    10000,
    10000,
    10000,
    10000,
    10000,
    10000,
    10000,
    10000,
    10000,
    10000,
    10000,
    10000,
    10000,
    10000,
    10000,
    10000,
    10000,
    10000,
    10000,
    10000,
    10000,
    10000
  ]
}