{
  "algorithm": "HCA2C",
  "seed": 44,
  "load_multiplier": 5.0,
  "timesteps": 500000,
  "train_time": 8281.126941204071,
  "mean_reward": 79699.12367902641,
  "std_reward": 1668.1382233744941,
  "mean_length": 10000.0,
  "crash_rate": 0.0,
  "episode_rewards": [
    81300.18674259911,
    79648.02125541116,
    79219.4602561313,
    79568.40679166073,
    78567.28681236018,
    78548.75868036303,
    80605.85749953051,
    78764.43819060866,
    80205.76960583152,
    82105.40802555515,
    79416.64855966561,
    77158.23925653775,
    84757.41999030401,
    77365.50972385003,
    81819.64760139924,
    79042.24909008402,
    78703.06508849804,
    80983.16961981701,
    77132.99686433122,
    80721.12690455966,
    80782.73062862158,
    76765.7600241335,
    79922.10488906859,
    80402.18050557162,
    81130.37725429016,
    79364.96573835671,
    80999.8955768728,
    78860.94863679701,
    78729.71984842765,
    78381.36070955517
  ],
  "episode_lengths": [
    10000,
    10000,
    10000,
    10000,
    10000,
    10000,
    10000,
    10000,
    10000,
    10000,
    10000,
    10000,
    10000,
    10000,
    10000,
    10000,
    10000,
    10000,
    10000,
    10000,
    10000,
    10000,
    10000,
    10000,
    10000,
    10000,
    10000,
    10000,
    10000,
    10000
  ]
}