{
  "algorithm": "HCA2C",
  "seed": 43,
  "load_multiplier": 3.0,
  "timesteps": 500000,
  "train_time": 8300.596942663193,
  "mean_reward": 229114.71058416256,
  "std_reward": 1092.6812145286242,
  "mean_length": 10000.0,
  "crash_rate": 0.0,
  "episode_rewards": [
    228408.61157717323,
    229336.6336784659,
    227145.00121450322,
    227917.40113752423,
    229874.9987232068,
    227537.4695172422,
    229001.35603033524,
    229524.81491200798,
    228518.66132006637,
    230691.21083227659,
    228610.21687979318,
    228426.69199539712,
    228713.81252085173,
    228760.31315350128,
    229605.16838449586,
    230660.7979760123,
    229792.65477208502,
    226470.6761137333,
    228378.76587721973,
    230676.26030982926,
    229676.11796335952,
    229654.41472954146,
    230622.55797028524,
    229498.78265879845,
    227994.63521776308,
    228962.15667103985,
    231343.36589017653,
    229230.64323992815,
    229699.94129371748,
    228707.1849645463
  ],
  "episode_lengths": [
    10000,
    10000,
    10000,
    10000,
    10000,
    10000,
    10000,
    10000,
    10000,
    10000,
    10000,
    10000,
    10000,
    10000,
    10000,
    10000,
    10000,
    10000,
    10000,
    10000,
    10000,
    10000,
    10000,
    10000,
    10000,
    10000,
    10000,
    10000,
    10000,
    10000
  ]
}