{
  "algorithm": "HCA2C",
  "seed": 44,
  "load_multiplier": 3.0,
  "timesteps": 500000,
  "train_time": 8367.591108322144,
  "mean_reward": 228520.56217524366,
  "std_reward": 955.8865978560275,
  "mean_length": 10000.0,
  "crash_rate": 0.0,
  "episode_rewards": [
    228679.47502819973,
    227214.0790731935,
    228650.85589953462,
    226442.14359586826,
    229955.12458063487,
    228177.28772522043,
    227523.6195623999,
    228414.2188003742,
    228756.31245991762,
    228437.4881250432,
    229657.3643737208,
    228501.46627612546,
    228073.7491966341,
    227479.64237957713,
    229904.380222069,
    229612.41769733388,
    227699.71349650956,
    229683.1242290208,
    229801.61199449407,
    229388.3992700721,
    228907.78355204017,
    228641.27523190164,
    227406.42390648238,
    229170.35322391448,
    227973.82594400644,
    226736.9466859307,
    227710.9331412203,
    229745.43569522575,
    229138.71818780937,
    228132.6957028359
  ],
  "episode_lengths": [
    10000,
    10000,
    10000,
    10000,
    10000,
    10000,
    10000,
    10000,
    10000,
    10000,
    10000,
    10000,
    10000,
    10000,
    10000,
    10000,
    10000,
    10000,
    10000,
    10000,
    10000,
    10000,
    10000,
    10000,
    10000,
    10000,
    10000,
    10000,
    10000,
    10000
  ]
}