{
  "algorithm": "HCA2C",
  "seed": 45,
  "load_multiplier": 5.0,
  "timesteps": 500000,
  "train_time": 8388.256268978119,
  "mean_reward": 79152.39337346183,
  "std_reward": 1687.8009752759085,
  "mean_length": 10000.0,
  "crash_rate": 0.0,
  "episode_rewards": [
    76783.09996611539,
    81629.86551228295,
    78037.22887168615,
    79769.79071835306,
    79310.05473986318,
    78040.42850220898,
    81839.60883616829,
    78663.11276419437,
    80659.94917269176,
    79335.5476817022,
    83537.52746673548,
    79172.16793573071,
    77660.46195371747,
    79341.19303181006,
    79008.7823290925,
    78513.90864124818,
    80097.24403633807,
    78640.64528508992,
    79777.31813707136,
    79158.05113689898,
    75045.95616392088,
    79221.34407706436,
    78458.67016881342,
    81047.83467980893,
    80359.68683058886,
    79038.43059027407,
    80285.81492641398,
    78125.15503238727,
    75659.41007582178,
    78353.51193976225
  ],
  "episode_lengths": [
    10000,
    10000,
    10000,
    10000,
    10000,
    10000,
    10000,
    10000,
    10000,
    10000,
    10000,
    10000,
    10000,
    10000,
    10000,
    10000,
    10000,
    10000,
    10000,
    10000,
    10000,
    10000,
    10000,
    10000,
    10000,
    10000,
    10000,
    10000,
    10000,
    10000
  ]
}