{
  "algorithm": "PPO",
  "seed": 45,
  "load_multiplier": 3.0,
  "timesteps": 100000,
  "train_time": 43.05007886886597,
  "mean_reward": 390733.7845866513,
  "std_reward": 1508.7611940303857,
  "mean_length": 10000.0,
  "crash_rate": 0.0,
  "episode_rewards": [
    389767.1044758847,
    395096.8186163757,
    391498.05669923,
    389679.8378219655,
    391573.2541786981,
    388481.9928250192,
    392785.24588506843,
    390659.1611673447,
    393528.19734416954,
    389375.34517576714,
    388136.8647872775,
    390585.6074566221,
    390737.89378253283,
    391966.3233604218,
    390685.13964771834,
    391046.58880617836,
    389460.81939424237,
    392598.1297427062,
    390837.3085573954,
    390993.08327977656,
    389469.62016957527,
    390133.4127628453,
    389478.7409685084,
    392074.4828452631,
    388672.7403239191,
    389306.4998404707,
    391337.57817383413,
    391212.9029254543,
    389706.1000088274,
    391128.6865764479
  ],
  "episode_lengths": [
    10000,
    10000,
    10000,
    10000,
    10000,
    10000,
    10000,
    10000,
    10000,
    10000,
    10000,
    10000,
    10000,
    10000,
    10000,
    10000,
    10000,
    10000,
    10000,
    10000,
    10000,
    10000,
    10000,
    10000,
    10000,
    10000,
    10000,
    10000,
    10000,
    10000
  ]
}