{
  "algorithm": "PPO",
  "seed": 45,
  "load_multiplier": 5.0,
  "timesteps": 100000,
  "train_time": 42.835009813308716,
  "mean_reward": 419518.4302560724,
  "std_reward": 1810.7589912144342,
  "mean_length": 10000.0,
  "crash_rate": 0.0,
  "episode_rewards": [
    418993.26006736996,
    422198.9817964396,
    419222.37269477226,
    420376.18441658886,
    423119.11645555735,
    419662.62321494374,
    418785.63221101335,
    421427.66535946087,
    416423.39672025456,
    419308.59968231496,
    419056.4743813965,
    418430.4652066316,
    416133.3067272898,
    420929.81776519417,
    421837.5778519849,
    419892.8558889958,
    421259.0831485472,
    418709.09655132826,
    418608.74053458613,
    418200.9282221777,
    417933.490826969,
    416905.78421801806,
    424117.91611425724,
    418463.8123023579,
    419959.6012302146,
    419699.15412864886,
    418425.66442643467,
    418940.907385385,
    420527.34826549847,
    418003.04988754017
  ],
  "episode_lengths": [
    10000,
    10000,
    10000,
    10000,
    10000,
    10000,
    10000,
    10000,
    10000,
    10000,
    10000,
    10000,
    10000,
    10000,
    10000,
    10000,
    10000,
    10000,
    10000,
    10000,
    10000,
    10000,
    10000,
    10000,
    10000,
    10000,
    10000,
    10000,
    10000,
    10000
  ]
}