{
  "algorithm": "PPO",
  "seed": 44,
  "load_multiplier": 3.0,
  "timesteps": 100000,
  "train_time": 37.986412048339844,
  "mean_reward": 451642.0151470796,
  "std_reward": 1290.2053755755844,
  "mean_length": 10000.0,
  "crash_rate": 0.0,
  "episode_rewards": [
    451128.67032673844,
    453581.41569110256,
    451998.0349257703,
    451153.2659580555,
    452152.5759291934,
    454215.9935344056,
    450455.1050346367,
    449461.3513274162,
    451744.19757156295,
    449605.41465993307,
    451766.00332082505,
    449811.8746045717,
    450335.8215906627,
    450354.0333035702,
    450544.92972679384,
    453238.91365056514,
    454091.88583733444,
    451831.23632050166,
    453321.3580339732,
    451220.714427422,
    451167.62871510116,
    451786.7485824594,
    451150.46417986904,
    452695.9853909673,
    452764.80963049765,
    449684.812084075,
    452641.32425827335,
    451022.4748481578,
    452481.7551470995,
    451851.6558008507
  ],
  "episode_lengths": [
    10000,
    10000,
    10000,
    10000,
    10000,
    10000,
    10000,
    10000,
    10000,
    10000,
    10000,
    10000,
    10000,
    10000,
    10000,
    10000,
    10000,
    10000,
    10000,
    10000,
    10000,
    10000,
    10000,
    10000,
    10000,
    10000,
    10000,
    10000,
    10000,
    10000
  ]
}