{
  "algorithm": "PPO",
  "seed": 44,
  "load_multiplier": 7.0,
  "timesteps": 100000,
  "train_time": 386.4698529243469,
  "mean_reward": 85288.45617669456,
  "std_reward": 342.6113928135342,
  "mean_length": 10000.0,
  "crash_rate": 0.0,
  "episode_rewards": [
    85317.14359301358,
    85868.14723675454,
    84631.63002262707,
    85277.0337670601,
    85353.2036322692,
    85124.13650964474,
    85492.57894390724,
    85313.7089170242,
    85098.09435925823,
    85287.33632251612,
    84800.35088482234,
    85455.90500317897,
    85131.66924356467,
    85093.82572209994,
    85615.929945709,
    85089.37213278702,
    85467.75294341447,
    85590.99672347106,
    85389.94134689154,
    85316.45201960568,
    84985.12492080193,
    84654.92140124974,
    85552.76946277688,
    85858.04951108652,
    84558.10889341038,
    85809.41058253478,
    85335.50304395366,
    85073.05554847227,
    85282.86844811584,
    85828.66421881459
  ],
  "episode_lengths": [
    10000,
    10000,
    10000,
    10000,
    10000,
    10000,
    10000,
    10000,
    10000,
    10000,
    10000,
    10000,
    10000,
    10000,
    10000,
    10000,
    10000,
    10000,
    10000,
    10000,
    10000,
    10000,
    10000,
    10000,
    10000,
    10000,
    10000,
    10000,
    10000,
    10000
  ]
}