{
  "algorithm": "PPO",
  "seed": 44,
  "load_multiplier": 5.0,
  "timesteps": 100000,
  "train_time": 38.318429946899414,
  "mean_reward": 493894.09196834307,
  "std_reward": 2030.2287019947237,
  "mean_length": 10000.0,
  "crash_rate": 0.0,
  "episode_rewards": [
    493645.3939039353,
    490015.0948972783,
    496802.16275665973,
    498373.87991043745,
    494518.8776269179,
    493430.50967831875,
    494592.5078094436,
    491069.8913684836,
    496665.70084562176,
    494843.84543048666,
    491934.0190396744,
    494201.603560173,
    494765.487030677,
    494307.12064205954,
    496069.6648397028,
    493371.75893615716,
    491984.1513443058,
    490428.03705680824,
    489589.9489302189,
    496358.47223949374,
    495384.1705083323,
    493951.8161460575,
    492798.83209002024,
    493897.4059477737,
    494984.85327709944,
    495476.63520663616,
    491825.0930942721,
    494569.42844786966,
    493630.64422788797,
    493335.75225748954
  ],
  "episode_lengths": [
    10000,
    10000,
    10000,
    10000,
    10000,
    10000,
    10000,
    10000,
    10000,
    10000,
    10000,
    10000,
    10000,
    10000,
    10000,
    10000,
    10000,
    10000,
    10000,
    10000,
    10000,
    10000,
    10000,
    10000,
    10000,
    10000,
    10000,
    10000,
    10000,
    10000
  ]
}