{
  "algorithm": "PPO",
  "seed": 46,
  "load_multiplier": 3.0,
  "timesteps": 100000,
  "train_time": 43.492671966552734,
  "mean_reward": 378900.2381443652,
  "std_reward": 1988.1628096382365,
  "mean_length": 10000.0,
  "crash_rate": 0.0,
  "episode_rewards": [
    378381.0950315298,
    375403.49340052577,
    377549.65486245515,
    376782.2745176311,
    378117.72210735286,
    377001.1041470292,
    382234.7093832867,
    378317.5038620172,
    376038.12673236954,
    380642.01849564456,
    378487.862314005,
    382687.9038604035,
    380835.5798041159,
    378837.4381895987,
    378900.0049089835,
    383630.21094781277,
    377404.60894193687,
    379187.63594643713,
    378228.80687170604,
    379614.4366129639,
    380021.8766926727,
    380062.0260661944,
    380664.3266626775,
    378865.75283691986,
    381580.2248042903,
    375817.182668005,
    378918.4247746991,
    376917.74193674745,
    378557.9881535557,
    377319.4087973911
  ],
  "episode_lengths": [
    10000,
    10000,
    10000,
    10000,
    10000,
    10000,
    10000,
    10000,
    10000,
    10000,
    10000,
    10000,
    10000,
    10000,
    10000,
    10000,
    10000,
    10000,
    10000,
    10000,
    10000,
    10000,
    10000,
    10000,
    10000,
    10000,
    10000,
    10000,
    10000,
    10000
  ]
}