{
  "algorithm": "PPO",
  "seed": 45,
  "load_multiplier": 7.0,
  "timesteps": 100000,
  "train_time": 38.89815974235535,
  "mean_reward": 85345.62089172374,
  "std_reward": 440.6487076570715,
  "mean_length": 10000.0,
  "crash_rate": 0.0,
  "episode_rewards": [
    85367.0324735992,
    84957.77635171478,
    86330.49656228596,
    85493.04743625544,
    85006.4244321436,
    85342.2618432887,
    85390.27759737587,
    85673.25022010485,
    84941.84757871447,
    84701.2166115125,
    85112.12646488353,
    85172.08007071803,
    85265.73182492562,
    84683.84000734672,
    85412.62483708822,
    85944.82449024617,
    84864.0790024799,
    85394.15793784673,
    85120.87836773647,
    85930.07012234694,
    86252.48816772708,
    85553.12962848663,
    85675.39690245638,
    85334.8877642838,
    84411.01904790252,
    85446.50530798006,
    85014.91301816904,
    85126.42734940082,
    85554.77246122545,
    85895.0428714672
  ],
  "episode_lengths": [
    10000,
    10000,
    10000,
    10000,
    10000,
    10000,
    10000,
    10000,
    10000,
    10000,
    10000,
    10000,
    10000,
    10000,
    10000,
    10000,
    10000,
    10000,
    10000,
    10000,
    10000,
    10000,
    10000,
    10000,
    10000,
    10000,
    10000,
    10000,
    10000,
    10000
  ]
}