{
  "algorithm": "PPO",
  "seed": 46,
  "load_multiplier": 5.0,
  "timesteps": 100000,
  "train_time": 41.94762206077576,
  "mean_reward": 426909.8192306325,
  "std_reward": 1972.27774975383,
  "mean_length": 10000.0,
  "crash_rate": 0.0,
  "episode_rewards": [
    430737.5620269701,
    425622.3267547855,
    424822.00997953315,
    427220.61388447246,
    426845.47541389137,
    426485.3552553865,
    430419.46373076685,
    427093.5201235317,
    426414.747027763,
    426010.1471611324,
    426931.74591340165,
    429686.55696501746,
    425217.9663672399,
    424283.1643170287,
    423267.53853922535,
    430089.1653244559,
    429662.3636474147,
    427420.83427687874,
    426610.19395778026,
    425788.24722570035,
    427474.50344469823,
    425778.59781074175,
    428453.09828705,
    430103.3077886088,
    426033.59837285697,
    423533.92697213293,
    427525.6642588454,
    424591.75077209977,
    426625.5425055809,
    426545.58881398547
  ],
  "episode_lengths": [
    10000,
    10000,
    10000,
    10000,
    10000,
    10000,
    10000,
    10000,
    10000,
    10000,
    10000,
    10000,
    10000,
    10000,
    10000,
    10000,
    10000,
    10000,
    10000,
    10000,
    10000,
    10000,
    10000,
    10000,
    10000,
    10000,
    10000,
    10000,
    10000,
    10000
  ]
}