{
  "algorithm": "PPO",
  "seed": 42,
  "load_multiplier": 3.0,
  "timesteps": 100000,
  "train_time": 38.17178702354431,
  "mean_reward": 461105.06689617864,
  "std_reward": 1854.4604421116771,
  "mean_length": 10000.0,
  "crash_rate": 0.0,
  "episode_rewards": [
    458952.12687093706,
    459053.99350700417,
    458757.4688168684,
    461284.74585982435,
    463707.78220511583,
    459674.76473614655,
    465937.73635757086,
    461077.61632090673,
    460789.16725853767,
    461042.6718412009,
    460518.1937992708,
    458671.6909738038,
    463836.98230198264,
    460036.8596955162,
    462401.95376882114,
    460133.8931258807,
    461419.2471702404,
    462380.9262868705,
    464053.21315992676,
    459759.74249121716,
    462927.9137874829,
    462782.4749359609,
    461399.9561031995,
    457899.6316671946,
    460029.6611658186,
    461077.5519034214,
    460771.195767572,
    463240.4382147743,
    459106.284266225,
    460426.1225260665
  ],
  "episode_lengths": [
    10000,
    10000,
    10000,
    10000,
    10000,
    10000,
    10000,
    10000,
    10000,
    10000,
    10000,
    10000,
    10000,
    10000,
    10000,
    10000,
    10000,
    10000,
    10000,
    10000,
    10000,
    10000,
    10000,
    10000,
    10000,
    10000,
    10000,
    10000,
    10000,
    10000
  ]
}