{
  "algorithm": "PPO",
  "seed": 43,
  "load_multiplier": 5.0,
  "timesteps": 100000,
  "train_time": 38.57087063789368,
  "mean_reward": 544505.2689522932,
  "std_reward": 1931.0310132773852,
  "mean_length": 10000.0,
  "crash_rate": 0.0,
  "episode_rewards": [
    541905.7880544949,
    546178.3791057639,
    547058.4413185215,
    542733.2150052007,
    543838.2213461513,
    548615.2190243362,
    543461.1947943795,
    543559.8453243573,
    547893.1406673142,
    544507.5250680797,
    543388.6887862303,
    542240.1475229742,
    543899.2529337498,
    549168.7409247818,
    546509.9298613415,
    546230.1554614652,
    544604.5791431749,
    545335.5152027166,
    544349.8893792314,
    543412.3431766036,
    544618.0477008101,
    541928.191140021,
    543616.623414821,
    545947.7692084949,
    544683.414959185,
    543811.5629991677,
    542297.2225257562,
    543276.0006793466,
    541674.007132779,
    544415.0167075472
  ],
  "episode_lengths": [
    10000,
    10000,
    10000,
    10000,
    10000,
    10000,
    10000,
    10000,
    10000,
    10000,
    10000,
    10000,
    10000,
    10000,
    10000,
    10000,
    10000,
    10000,
    10000,
    10000,
    10000,
    10000,
    10000,
    10000,
    10000,
    10000,
    10000,
    10000,
    10000,
    10000
  ]
}