{
  "algorithm": "PPO",
  "seed": 42,
  "load_multiplier": 7.0,
  "timesteps": 100000,
  "train_time": 385.06576323509216,
  "mean_reward": 85251.09519521776,
  "std_reward": 361.9204172481793,
  "mean_length": 10000.0,
  "crash_rate": 0.0,
  "episode_rewards": [
    84855.95818610472,
    85106.78205088981,
    85533.78609385065,
    85260.94430919047,
    85046.5035363766,
    85622.12344538474,
    85934.4420395755,
    84945.72983768136,
    84641.6252491698,
    85369.65663927908,
    85077.33724049086,
    85645.13255441214,
    85095.17670850977,
    85108.56323430086,
    85288.78248603187,
    86129.95955403651,
    85004.00654637688,
    85401.56557531007,
    84800.1018941857,
    84692.96536404012,
    85635.13833784247,
    85202.25544993715,
    85944.76197592448,
    84959.9398352249,
    85091.86958934265,
    85529.44302661958,
    85103.37372629793,
    85167.05570295709,
    84964.191561777,
    85373.68410541142
  ],
  "episode_lengths": [
    10000,
    10000,
    10000,
    10000,
    10000,
    10000,
    10000,
    10000,
    10000,
    10000,
    10000,
    10000,
    10000,
    10000,
    10000,
    10000,
    10000,
    10000,
    10000,
    10000,
    10000,
    10000,
    10000,
    10000,
    10000,
    10000,
    10000,
    10000,
    10000,
    10000
  ]
}