{
  "algorithm": "PPO",
  "seed": 42,
  "load_multiplier": 5.0,
  "timesteps": 100000,
  "train_time": 38.817007064819336,
  "mean_reward": 528749.8916175346,
  "std_reward": 1677.3548637452932,
  "mean_length": 10000.0,
  "crash_rate": 0.0,
  "episode_rewards": [
    528324.1566143264,
    529726.9523102484,
    530320.2048036223,
    523937.4473583066,
    529839.9306276242,
    529614.237253912,
    527021.3489076395,
    526769.9440076532,
    529461.270783454,
    530049.1588765526,
    530234.9668273234,
    526695.3611303613,
    526946.2861836251,
    531383.6743436138,
    529742.0933998651,
    529169.768685536,
    529927.1597125317,
    530525.1716815684,
    526739.8871901736,
    527310.5700013065,
    529462.163244529,
    530741.0113820406,
    528728.4684761792,
    526794.5883299607,
    530428.3899713395,
    528400.0743767652,
    529296.2692754725,
    526565.3833841403,
    528298.4285920993,
    530042.3807942647
  ],
  "episode_lengths": [
    10000,
    10000,
    10000,
    10000,
    10000,
    10000,
    10000,
    10000,
    10000,
    10000,
    10000,
    10000,
    10000,
    10000,
    10000,
    10000,
    10000,
    10000,
    10000,
    10000,
    10000,
    10000,
    10000,
    10000,
    10000,
    10000,
    10000,
    10000,
    10000,
    10000
  ]
}