{
  "algorithm": "PPO",
  "seed": 46,
  "load_multiplier": 7.0,
  "timesteps": 100000,
  "train_time": 37.53552007675171,
  "mean_reward": 85258.5519531357,
  "std_reward": 362.30920379404455,
  "mean_length": 10000.0,
  "crash_rate": 0.0,
  "episode_rewards": [
    85239.69432621138,
    85886.15365058531,
    85014.89250787847,
    85793.56628007008,
    85270.13559307737,
    85190.79616981694,
    85094.00366675545,
    85251.33753879552,
    85276.18497242645,
    84573.44177172605,
    84589.55402017412,
    85122.01781192998,
    85719.08752608293,
    85655.90841190418,
    84810.73488823042,
    85136.66845176605,
    85425.7790720109,
    84602.66847676663,
    85368.05614092105,
    85881.9425525342,
    85820.18374671687,
    84861.03745440135,
    85183.57397480147,
    85449.04257744942,
    85578.2434619522,
    85492.8690139907,
    85001.93824865053,
    85259.68631920783,
    85100.00025359265,
    85107.35971364447
  ],
  "episode_lengths": [
    10000,
    10000,
    10000,
    10000,
    10000,
    10000,
    10000,
    10000,
    10000,
    10000,
    10000,
    10000,
    10000,
    10000,
    10000,
    10000,
    10000,
    10000,
    10000,
    10000,
    10000,
    10000,
    10000,
    10000,
    10000,
    10000,
    10000,
    10000,
    10000,
    10000
  ]
}