{
  "algorithm": "PPO",
  "seed": 43,
  "load_multiplier": 7.0,
  "timesteps": 100000,
  "train_time": 383.6369414329529,
  "mean_reward": 85418.30859619779,
  "std_reward": 439.8897899094602,
  "mean_length": 10000.0,
  "crash_rate": 0.0,
  "episode_rewards": [
    86237.79164424574,
    84956.98105090648,
    85427.14181066221,
    85212.82546451247,
    85043.50981893808,
    85965.71302501972,
    85127.32300854231,
    85437.26839554167,
    85713.38909210055,
    85900.10854189936,
    85015.99651001384,
    84913.09751643459,
    84595.8862330765,
    85159.67149974414,
    85585.50814807773,
    85074.48957406376,
    85383.06440149716,
    85466.4291485175,
    85816.25860203603,
    85313.73467172257,
    86227.38471085097,
    86036.00243459927,
    85217.14819906846,
    86110.9869137621,
    86000.81453876934,
    84930.48062954431,
    85198.06573345087,
    85303.8242655028,
    84822.07501868671,
    85356.28728414638
  ],
  "episode_lengths": [
    10000,
    10000,
    10000,
    10000,
    10000,
    10000,
    10000,
    10000,
    10000,
    10000,
    10000,
    10000,
    10000,
    10000,
    10000,
    10000,
    10000,
    10000,
    10000,
    10000,
    10000,
    10000,
    10000,
    10000,
    10000,
    10000,
    10000,
    10000,
    10000,
    10000
  ]
}