{
  "algorithm": "PPO",
  "seed": 43,
  "load_multiplier": 3.0,
  "timesteps": 100000,
  "train_time": 38.87155604362488,
  "mean_reward": 373046.54504259664,
  "std_reward": 1597.810321853961,
  "mean_length": 10000.0,
  "crash_rate": 0.0,
  "episode_rewards": [
    368849.78427384846,
    375616.1201704455,
    371443.69713323977,
    371667.4633235392,
    371632.22534295346,
    373243.48176428356,
    375081.2752337404,
    373462.8979132811,
    372295.7139040228,
    373501.56923192367,
    375339.5963316452,
    372924.5448540616,
    372604.1519516776,
    373244.90353803686,
    371936.5051436084,
    373091.47960135393,
    375068.53313982626,
    373517.7407900153,
    375188.0154172079,
    372440.11665159377,
    374975.4327857554,
    372575.9345925059,
    374637.1611082329,
    371927.25271653093,
    373260.0895264444,
    372493.2265911453,
    372494.7029552723,
    375408.4300647701,
    371008.6224525578,
    370465.68277437903
  ],
  "episode_lengths": [
    10000,
    10000,
    10000,
    10000,
    10000,
    10000,
    10000,
    10000,
    10000,
    10000,
    10000,
    10000,
    10000,
    10000,
    10000,
    10000,
    10000,
    10000,
    10000,
    10000,
    10000,
    10000,
    10000,
    10000,
    10000,
    10000,
    10000,
    10000,
    10000,
    10000
  ]
}