{
  "config_type": "uniform",
  "algorithm": "A2C",
  "layer_capacities": [
    5,
    5,
    5,
    5,
    5
  ],
  "total_capacity": 25,
  "arrival_weights": [
    0.3,
    0.25,
    0.2,
    0.15,
    0.1
  ],
  "base_arrival_rate": 30.0,
  "high_load_multiplier": 10.0,
  "mean_reward": 9239.085501764408,
  "std_reward": 3033.3773857932238,
  "best_reward": 10817.3552846109,
  "worst_reward": -5666.714398083689,
  "crash_rate": 0.1,
  "completion_rate": 0.9,
  "terminated_count": 5,
  "truncated_count": 45,
  "mean_episode_length": 186.92,
  "mean_waiting_time": 0.0,
  "mean_utilization": 0.30516045171849426,
  "training_time_minutes": 3.2891959309577943,
  "eval_rewards": [
    10817.3552846109,
    10090.040709627938,
    10582.734991249377,
    10065.749265884759,
    9921.437159872654,
    10444.831329196413,
    10203.876212912872,
    10412.220064460103,
    10452.968520793806,
    10477.777273658925,
    10457.477732525509,
    10375.705226025064,
    -5666.714398083689,
    10065.670159642685,
    9849.115354440492,
    10107.152410041623,
    10419.122412809858,
    9878.183286574522,
    10216.067941714353,
    9751.655834890225,
    10359.102977037872,
    9920.031364526649,
    10077.197387114244,
    10042.080623194184,
    -370.17772823478936,
    9509.139073928058,
    10267.623024478315,
    9980.112026135599,
    10069.660321248391,
    10219.90211380703,
    10635.361006600806,
    10124.078116041324,
    10687.80174088782,
    10083.525791798527,
    10488.861511144334,
    9721.699270636207,
    9914.767656306261,
    10047.167592670912,
    3238.814187568306,
    10225.78747674355,
    10371.166104085565,
    10008.126570823422,
    10204.861471760245,
    10133.86491038112,
    9897.667916876715,
    2319.0155674755774,
    4889.35185333868,
    9548.997605549599,
    10633.34090007641,
    9782.919881371043
  ],
  "eval_lengths": [
    200,
    200,
    200,
    200,
    200,
    200,
    200,
    200,
    200,
    200,
    200,
    200,
    2,
    200,
    200,
    200,
    200,
    200,
    200,
    200,
    200,
    200,
    200,
    200,
    47,
    200,
    200,
    200,
    200,
    200,
    200,
    200,
    200,
    200,
    200,
    200,
    200,
    200,
    65,
    200,
    200,
    200,
    200,
    200,
    200,
    47,
    185,
    200,
    200,
    200
  ],
  "timestamp": "2026-01-02T18:39:23.621004"
}