{
  "config_type": "low_capacity",
  "algorithm": "A2C",
  "seed": 42,
  "layer_capacities": [
    2,
    2,
    2,
    2,
    2
  ],
  "total_capacity": 10,
  "arrival_weights": [
    0.3,
    0.25,
    0.2,
    0.15,
    0.1
  ],
  "base_arrival_rate": 6.0,
  "high_load_multiplier": 5.0,
  "mean_reward": 352144.0843940766,
  "std_reward": 1791.918261126159,
  "best_reward": 356583.1741600941,
  "worst_reward": 349804.6613104039,
  "crash_rate": 0.0,
  "completion_rate": 1.0,
  "terminated_count": 0,
  "truncated_count": 10,
  "mean_episode_length": 10000.0,
  "mean_waiting_time": 0.0,
  "mean_utilization": 0.011509,
  "training_time_minutes": 0.03165738185246785,
  "eval_rewards": [
    352205.8979666398,
    353161.45955988334,
    350899.62953721604,
    351775.26957271894,
    356583.1741600941,
    352483.9809451165,
    350171.54191924026,
    351862.15861854126,
    352493.0703509117,
    349804.6613104039
  ],
  "eval_lengths": [
    10000,
    10000,
    10000,
    10000,
    10000,
    10000,
    10000,
    10000,
    10000,
    10000
  ],
  "timestamp": "2026-01-14T09:20:09.309537",
  "mean_lyapunov": 0.11509,
  "mean_lyapunov_drift": 0.0,
  "mean_drift_l1": 0.020975999999999998,
  "mean_safe_ratio": 1.0,
  "mean_max_load_rate": 0.375
}