{
  "config_type": "capacity_6x5",
  "algorithm": "TD7",
  "layer_capacities": [
    6,
    6,
    6,
    6,
    6
  ],
  "total_capacity": 30,
  "arrival_weights": [
    0.3,
    0.25,
    0.2,
    0.15,
    0.1
  ],
  "base_arrival_rate": 36.0,
  "high_load_multiplier": 10.0,
  "mean_reward": 12.977055259632024,
  "std_reward": 24.413033944952268,
  "best_reward": 79.33236514522821,
  "worst_reward": -40.92185338865836,
  "crash_rate": 1.0,
  "completion_rate": 0.0,
  "terminated_count": 50,
  "truncated_count": 0,
  "mean_episode_length": 1.0,
  "mean_waiting_time": 0.0,
  "mean_utilization": 0.18466666666666667,
  "training_time_minutes": 34.60482786893844,
  "eval_rewards": [
    27.154218533886592,
    -24.090594744121717,
    16.905255878284933,
    16.23858921161826,
    30.087551867219915,
    18.73858921161826,
    -10.908298755186735,
    7.739626556016603,
    -11.93687018375816,
    40.73651452282158,
    19.371922544951587,
    5.989626556016603,
    -29.806224066390044,
    29.82088520055325,
    18.57192254495159,
    17.03858921161826,
    20.23858921161826,
    29.98755186721992,
    6.989626556016603,
    27.98755186721992,
    -12.174965421853386,
    9.989626556016603,
    39.06984785615492,
    19.127478100507147,
    -14.508298755186729,
    29.62088520055326,
    -11.6749654218534,
    57.90110650069158,
    9.989626556016603,
    -3.5926694329183846,
    -0.259336099585056,
    6.656293222683274,
    -34.00622406639004,
    61.2344398340249,
    58.2344398340249,
    79.33236514522821,
    46.985477178423224,
    -2.009336099585056,
    36.73651452282158,
    -1.8490796893286472,
    17.23858921161826,
    0.1406639004149497,
    6.7896265560166,
    10.389626556016609,
    -40.92185338865836,
    7.739626556016603,
    -2.259336099585056,
    -17.308298755186726,
    19.14768012070917,
    16.23858921161826
  ],
  "eval_lengths": [
    1,
    1,
    1,
    1,
    1,
    1,
    1,
    1,
    1,
    1,
    1,
    1,
    1,
    1,
    1,
    1,
    1,
    1,
    1,
    1,
    1,
    1,
    1,
    1,
    1,
    1,
    1,
    1,
    1,
    1,
    1,
    1,
    1,
    1,
    1,
    1,
    1,
    1,
    1,
    1,
    1,
    1,
    1,
    1,
    1,
    1,
    1,
    1,
    1,
    1
  ],
  "timestamp": "2026-01-04T21:20:14.978923"
}