{
  "config_type": "capacity_30",
  "algorithm": "A2C",
  "seed": 123,
  "layer_capacities": [
    6,
    6,
    6,
    6,
    6
  ],
  "total_capacity": 30,
  "arrival_weights": [
    0.3,
    0.25,
    0.2,
    0.15,
    0.1
  ],
  "base_arrival_rate": 36.0,
  "high_load_multiplier": 10.0,
  "mean_reward": 12.431172848820154,
  "std_reward": 25.205980852409457,
  "best_reward": 78.73236514522821,
  "worst_reward": -42.68375815056313,
  "crash_rate": 1.0,
  "completion_rate": 0.0,
  "terminated_count": 50,
  "truncated_count": 0,
  "mean_episode_length": 1.0,
  "mean_waiting_time": 0.0,
  "mean_utilization": 0.21333333333333335,
  "training_time_minutes": 3.1628249645233155,
  "eval_rewards": [
    -32.43479549496148,
    30.48755186721992,
    16.905255878284933,
    -2.6593360995850617,
    27.154218533886592,
    0.1406639004149497,
    21.79414476717382,
    60.87080347038852,
    -24.090594744121717,
    -1.9260027662517274,
    52.18547717842321,
    -9.93687018375816,
    29.154218533886592,
    19.23858921161826,
    39.06984785615492,
    29.087551867219915,
    24.48755186721992,
    8.322959889349931,
    8.322959889349931,
    -42.68375815056313,
    -2.9260027662517274,
    16.905255878284933,
    -1.6593360995850617,
    8.656293222683274,
    9.989626556016603,
    -29.506224066390047,
    78.73236514522821,
    18.81001778304683,
    20.638589211618267,
    -7.258298755186729,
    21.48858921161826,
    38.73651452282158,
    8.322959889349931,
    0.3120924718435134,
    17.23858921161826,
    30.087551867219915,
    47.485477178423224,
    8.561055127445172,
    -0.759336099585056,
    9.989626556016603,
    -11.557261410788385,
    -24.757261410788388,
    27.48755186721992,
    31.05898043864849,
    -23.757261410788388,
    68.1500691562932,
    27.98755186721992,
    -4.259336099585056,
    -1.009336099585056,
    -15.120897774424748
  ],
  "eval_lengths": [
    1,
    1,
    1,
    1,
    1,
    1,
    1,
    1,
    1,
    1,
    1,
    1,
    1,
    1,
    1,
    1,
    1,
    1,
    1,
    1,
    1,
    1,
    1,
    1,
    1,
    1,
    1,
    1,
    1,
    1,
    1,
    1,
    1,
    1,
    1,
    1,
    1,
    1,
    1,
    1,
    1,
    1,
    1,
    1,
    1,
    1,
    1,
    1,
    1,
    1
  ],
  "timestamp": "2026-01-07T09:56:06.258632"
}