{
  "config_type": "capacity_30",
  "algorithm": "A2C",
  "seed": 456,
  "layer_capacities": [
    6,
    6,
    6,
    6,
    6
  ],
  "total_capacity": 30,
  "arrival_weights": [
    0.3,
    0.25,
    0.2,
    0.15,
    0.1
  ],
  "base_arrival_rate": 36.0,
  "high_load_multiplier": 10.0,
  "mean_reward": 20.530159275154986,
  "std_reward": 26.616344420511542,
  "best_reward": 71.9535050071531,
  "worst_reward": -35.28826895565093,
  "crash_rate": 1.0,
  "completion_rate": 0.0,
  "terminated_count": 50,
  "truncated_count": 0,
  "mean_episode_length": 1.0,
  "mean_waiting_time": 0.0,
  "mean_utilization": 0.20533333333333334,
  "training_time_minutes": 3.1992358525594073,
  "eval_rewards": [
    29.16155732679337,
    5.74177396280399,
    47.10515021459227,
    -11.297057020232984,
    38.44763948497854,
    16.332618025751074,
    49.10515021459227,
    39.597639484978544,
    -3.382403433476398,
    10.646535867565902,
    39.180972818311886,
    18.999284692417746,
    18.665951359084403,
    -12.039914163090117,
    7.852885073915104,
    48.438483547925614,
    69.12017167381975,
    17.13261802575107,
    38.347639484978544,
    -12.10658082975678,
    51.438483547925614,
    -33.7549356223176,
    -14.039914163090117,
    -3.5157367668097237,
    -23.897424892703867,
    10.408440629470661,
    9.217964438994471,
    -0.5824034334764008,
    8.297329518359561,
    11.217964438994471,
    49.10515021459227,
    16.832618025751074,
    41.41906805640713,
    16.332618025751074,
    -3.2935145445875094,
    69.9535050071531,
    68.7630288166769,
    16.332618025751074,
    19.88817358130663,
    30.840128755364788,
    49.10515021459227,
    26.256795422031473,
    18.332618025751074,
    -1.6109748620478257,
    -35.28826895565093,
    17.832618025751074,
    71.9535050071531,
    17.332618025751074,
    67.62017167381975,
    -1.0395462906192563
  ],
  "eval_lengths": [
    1,
    1,
    1,
    1,
    1,
    1,
    1,
    1,
    1,
    1,
    1,
    1,
    1,
    1,
    1,
    1,
    1,
    1,
    1,
    1,
    1,
    1,
    1,
    1,
    1,
    1,
    1,
    1,
    1,
    1,
    1,
    1,
    1,
    1,
    1,
    1,
    1,
    1,
    1,
    1,
    1,
    1,
    1,
    1,
    1,
    1,
    1,
    1,
    1,
    1
  ],
  "timestamp": "2026-01-07T09:59:18.278766"
}