{
  "config_type": "low_capacity",
  "algorithm": "A2C",
  "seed": 456,
  "layer_capacities": [
    2,
    2,
    2,
    2,
    2
  ],
  "total_capacity": 10,
  "arrival_weights": [
    0.3,
    0.25,
    0.2,
    0.15,
    0.1
  ],
  "base_arrival_rate": 12.0,
  "high_load_multiplier": 10.0,
  "mean_reward": 558196.7177767288,
  "std_reward": 1560.276155445262,
  "best_reward": 561661.4284772875,
  "worst_reward": 554815.7701606201,
  "crash_rate": 0.0,
  "completion_rate": 1.0,
  "terminated_count": 0,
  "truncated_count": 50,
  "mean_episode_length": 10000.0,
  "mean_waiting_time": 0.0,
  "mean_utilization": 0.032758800000000005,
  "training_time_minutes": 3.189991358915965,
  "eval_rewards": [
    558817.0010634841,
    554815.7701606201,
    561486.6833857878,
    561299.8587393627,
    560725.6150117315,
    558169.7007938176,
    556122.831798837,
    559091.6088949807,
    558860.9966424282,
    555617.3619225459,
    557715.5871518056,
    558333.1771719445,
    557192.8269863438,
    558614.5151041782,
    559502.5881300488,
    557750.4726527617,
    557532.1824511609,
    559495.4350233359,
    560639.9651353181,
    557929.1403730379,
    561661.4284772875,
    557720.9844495426,
    557270.7546253182,
    557760.376855701,
    555524.3485194653,
    559149.0539244432,
    557169.287155301,
    557643.1017095876,
    559580.9626677734,
    557379.855594298,
    557759.4962834959,
    558312.4041847086,
    557194.2776326617,
    555518.9859983692,
    559790.307830825,
    557177.6667207086,
    557969.5889535848,
    556305.0268853601,
    558091.1766948792,
    559007.566343894,
    558906.11503197,
    558444.987232438,
    561161.4680267206,
    558923.9657094866,
    558486.1581883011,
    556739.4730792331,
    557946.439539741,
    557146.3394497856,
    556062.3878689386,
    558318.5846090924
  ],
  "eval_lengths": [
    10000,
    10000,
    10000,
    10000,
    10000,
    10000,
    10000,
    10000,
    10000,
    10000,
    10000,
    10000,
    10000,
    10000,
    10000,
    10000,
    10000,
    10000,
    10000,
    10000,
    10000,
    10000,
    10000,
    10000,
    10000,
    10000,
    10000,
    10000,
    10000,
    10000,
    10000,
    10000,
    10000,
    10000,
    10000,
    10000,
    10000,
    10000,
    10000,
    10000,
    10000,
    10000,
    10000,
    10000,
    10000,
    10000,
    10000,
    10000,
    10000,
    10000
  ],
  "timestamp": "2026-01-07T09:52:56.421737"
}