{
  "config_type": "low_capacity",
  "algorithm": "A2C",
  "seed": 123,
  "layer_capacities": [
    2,
    2,
    2,
    2,
    2
  ],
  "total_capacity": 10,
  "arrival_weights": [
    0.3,
    0.25,
    0.2,
    0.15,
    0.1
  ],
  "base_arrival_rate": 12.0,
  "high_load_multiplier": 10.0,
  "mean_reward": 558312.0124187821,
  "std_reward": 1606.2260019438515,
  "best_reward": 561799.2217825045,
  "worst_reward": 554547.3407221801,
  "crash_rate": 0.0,
  "completion_rate": 1.0,
  "terminated_count": 0,
  "truncated_count": 50,
  "mean_episode_length": 10000.0,
  "mean_waiting_time": 0.0,
  "mean_utilization": 0.0328574,
  "training_time_minutes": 3.245603577295939,
  "eval_rewards": [
    557629.3115577385,
    561627.4288409639,
    555855.6187633594,
    560993.5686736195,
    559468.9985248939,
    557587.4175628255,
    558935.3241198556,
    557201.9063204844,
    560087.868242747,
    557580.5998775279,
    556926.482581074,
    556946.8869336405,
    559802.4160577041,
    559547.3612808626,
    559966.8815993275,
    557402.2422685378,
    558361.578366564,
    556725.6509116342,
    558857.67594877,
    559739.9803900945,
    560442.7653477861,
    556824.1971257767,
    556753.1064653668,
    558337.833272937,
    555865.7765296642,
    558663.6977784904,
    557630.0924512154,
    557054.329493345,
    559268.7013074053,
    559283.7847332832,
    555983.7984208381,
    556108.2478292405,
    556671.8228462054,
    558581.7235041064,
    554547.3407221801,
    559745.0365413603,
    557015.5088425071,
    556338.0249120356,
    559265.1980950106,
    559353.4445833458,
    557572.4802316406,
    558787.0586298839,
    558953.374826238,
    559029.589397072,
    559208.6575846052,
    557952.7892173982,
    560526.1964042685,
    556745.8773307678,
    561799.2217825045,
    560045.7459104003
  ],
  "eval_lengths": [
    10000,
    10000,
    10000,
    10000,
    10000,
    10000,
    10000,
    10000,
    10000,
    10000,
    10000,
    10000,
    10000,
    10000,
    10000,
    10000,
    10000,
    10000,
    10000,
    10000,
    10000,
    10000,
    10000,
    10000,
    10000,
    10000,
    10000,
    10000,
    10000,
    10000,
    10000,
    10000,
    10000,
    10000,
    10000,
    10000,
    10000,
    10000,
    10000,
    10000,
    10000,
    10000,
    10000,
    10000,
    10000,
    10000,
    10000,
    10000,
    10000,
    10000
  ],
  "timestamp": "2026-01-07T09:40:02.636857"
}