{
  "config_type": "normal_pyramid",
  "algorithm": "A2C",
  "seed": 123,
  "layer_capacities": [
    2,
    3,
    4,
    6,
    8
  ],
  "total_capacity": 23,
  "arrival_weights": [
    0.3,
    0.25,
    0.2,
    0.15,
    0.1
  ],
  "base_arrival_rate": 27.6,
  "high_load_multiplier": 10.0,
  "mean_reward": 3675.9592439620155,
  "std_reward": 16967.461899106685,
  "best_reward": 60265.522055875124,
  "worst_reward": -19394.239483483343,
  "crash_rate": 1.0,
  "completion_rate": 0.0,
  "terminated_count": 50,
  "truncated_count": 0,
  "mean_episode_length": 342.44,
  "mean_waiting_time": 0.0,
  "mean_utilization": 0.19388352270233725,
  "training_time_minutes": 3.2800004442532855,
  "eval_rewards": [
    -16695.96612942553,
    -5400.2082577999045,
    -2153.043023299553,
    11449.380700929505,
    10950.23315702127,
    1605.0380196657152,
    -7896.780666662893,
    -11369.032374502513,
    5883.165296519168,
    -4229.957590674283,
    -13149.955040538487,
    -295.94815822112287,
    -5987.075955945343,
    10654.347428172236,
    2595.2320314831195,
    -19134.968836497108,
    4040.2784734397596,
    -9550.072726774071,
    -2783.8178362046565,
    -11185.406576356183,
    -19394.239483483343,
    -16083.337541533636,
    -13068.926710718313,
    15455.06025877584,
    18835.709781977996,
    2882.683083011877,
    -2687.976303993135,
    -9158.564936913619,
    3659.479799008575,
    335.00267137218543,
    -11292.424952109164,
    -60.49550564505573,
    17871.591163277957,
    19834.234082986834,
    1843.9575467236373,
    52424.43483098013,
    -228.133723784631,
    8183.219872641888,
    -7759.409827632557,
    18581.70166103884,
    16753.02179393775,
    1721.6467546002095,
    16875.007013038565,
    60265.522055875124,
    56191.80109417335,
    -1041.0061628738074,
    11515.368681172875,
    -11520.01607564585,
    9011.12812308649,
    6506.481220424632
  ],
  "eval_lengths": [
    2,
    26,
    300,
    323,
    396,
    110,
    141,
    84,
    619,
    51,
    189,
    130,
    13,
    523,
    270,
    32,
    183,
    13,
    24,
    78,
    37,
    2,
    41,
    653,
    565,
    209,
    270,
    122,
    165,
    149,
    8,
    5,
    709,
    788,
    336,
    1598,
    166,
    491,
    176,
    685,
    718,
    44,
    911,
    1835,
    1483,
    38,
    593,
    17,
    305,
    496
  ],
  "timestamp": "2026-01-07T09:09:59.547363"
}