{
  "config_type": "normal_pyramid",
  "algorithm": "A2C",
  "seed": 456,
  "layer_capacities": [
    2,
    3,
    4,
    6,
    8
  ],
  "total_capacity": 23,
  "arrival_weights": [
    0.3,
    0.25,
    0.2,
    0.15,
    0.1
  ],
  "base_arrival_rate": 27.6,
  "high_load_multiplier": 10.0,
  "mean_reward": 100051.27005314626,
  "std_reward": 87467.78868423996,
  "best_reward": 376055.6223978981,
  "worst_reward": 1252.8931948609243,
  "crash_rate": 1.0,
  "completion_rate": 0.0,
  "terminated_count": 50,
  "truncated_count": 0,
  "mean_episode_length": 2478.14,
  "mean_waiting_time": 0.0,
  "mean_utilization": 0.17722262135216726,
  "training_time_minutes": 3.2556530952453615,
  "eval_rewards": [
    101953.70594760892,
    133059.33478735242,
    376055.6223978981,
    30068.853642523034,
    75243.01994617216,
    228447.660316807,
    103772.68259300663,
    24537.05450358587,
    196663.68411360943,
    76007.8565252994,
    72392.08825357739,
    217088.72392077846,
    12032.38659064447,
    136092.30568595408,
    35772.54641161968,
    32037.27507867324,
    52509.715890009305,
    57806.609205435394,
    299169.27933355054,
    222402.78027337987,
    65221.867709729086,
    233576.22087870835,
    29363.509171112088,
    37826.61677249861,
    42677.380495469704,
    54924.756124986336,
    98433.05364096617,
    89810.35516762163,
    7224.104570668356,
    1252.8931948609243,
    68893.46692443514,
    52020.07737210917,
    44793.54738579742,
    232031.65830427472,
    8535.400917170438,
    261746.65741849784,
    97683.54930957075,
    19483.527738012403,
    90554.37888787595,
    36006.7714909698,
    25515.962310885665,
    7527.921822648031,
    52217.10853931347,
    148813.6418229013,
    2740.9369525539355,
    192937.1093987275,
    86319.55574495593,
    98771.97121279324,
    94931.27873756441,
    237615.03722214975
  ],
  "eval_lengths": [
    2525,
    3271,
    9148,
    777,
    1874,
    5710,
    2540,
    617,
    4825,
    1897,
    1812,
    5327,
    290,
    3336,
    938,
    787,
    1341,
    1417,
    7274,
    5501,
    1646,
    5721,
    724,
    934,
    1049,
    1370,
    2430,
    2184,
    180,
    38,
    1713,
    1298,
    1136,
    5922,
    223,
    6511,
    2423,
    479,
    2231,
    889,
    755,
    191,
    1322,
    3674,
    70,
    4751,
    2143,
    2473,
    2363,
    5857
  ],
  "timestamp": "2026-01-07T09:15:44.591181"
}