{
  "config_type": "normal_pyramid",
  "algorithm": "PPO",
  "seed": 456,
  "layer_capacities": [
    2,
    3,
    4,
    6,
    8
  ],
  "total_capacity": 23,
  "arrival_weights": [
    0.3,
    0.25,
    0.2,
    0.15,
    0.1
  ],
  "base_arrival_rate": 27.6,
  "high_load_multiplier": 10.0,
  "mean_reward": 0.4842979766561021,
  "std_reward": 19.289148975703718,
  "best_reward": 42.39025572163645,
  "worst_reward": -60.66739303670113,
  "crash_rate": 1.0,
  "completion_rate": 0.0,
  "terminated_count": 50,
  "truncated_count": 0,
  "mean_episode_length": 1.0,
  "mean_waiting_time": 0.0,
  "mean_utilization": 0.10566666666666669,
  "training_time_minutes": 5.413668421904246,
  "eval_rewards": [
    1.167196218301413,
    11.872961094135178,
    -19.4443335333661,
    11.472961094135172,
    -60.66739303670113,
    -9.138568657532346,
    -9.138568657532346,
    -17.644333533366108,
    -19.4443335333661,
    -18.828948917981485,
    36.08449084580269,
    2.7671962183014074,
    11.472961094135172,
    -25.750098409199857,
    -9.138568657532346,
    22.57872596996893,
    12.690352398483,
    32.08449084580269,
    21.77872596996893,
    2.5005295516347417,
    -19.4443335333661,
    -9.138568657532346,
    11.472961094135172,
    -18.9443335333661,
    1.7825808336860263,
    42.39025572163645,
    -15.444333533366105,
    36.08449084580269,
    -28.091561823834006,
    -9.138568657532346,
    -15.444333533366105,
    22.719902440557163,
    -19.4443335333661,
    11.472961094135172,
    -8.638568657532346,
    22.178725969968937,
    -8.471901990865675,
    15.472961094135172,
    -9.138568657532346,
    11.472961094135172,
    15.472961094135172,
    1.167196218301413,
    -9.138568657532346,
    22.445392636635603,
    -7.8052353241990176,
    -9.138568657532346,
    13.392961094135174,
    1.167196218301413,
    0.5005295516347417,
    5.167196218301413
  ],
  "eval_lengths": [
    1,
    1,
    1,
    1,
    1,
    1,
    1,
    1,
    1,
    1,
    1,
    1,
    1,
    1,
    1,
    1,
    1,
    1,
    1,
    1,
    1,
    1,
    1,
    1,
    1,
    1,
    1,
    1,
    1,
    1,
    1,
    1,
    1,
    1,
    1,
    1,
    1,
    1,
    1,
    1,
    1,
    1,
    1,
    1,
    1,
    1,
    1,
    1,
    1,
    1
  ],
  "timestamp": "2026-01-07T09:27:04.600769"
}