{
  "config_type": "normal_pyramid",
  "algorithm": "PPO",
  "seed": 123,
  "layer_capacities": [
    2,
    3,
    4,
    6,
    8
  ],
  "total_capacity": 23,
  "arrival_weights": [
    0.3,
    0.25,
    0.2,
    0.15,
    0.1
  ],
  "base_arrival_rate": 27.6,
  "high_load_multiplier": 10.0,
  "mean_reward": 12243.959905112912,
  "std_reward": 9385.854248167912,
  "best_reward": 32090.80166294373,
  "worst_reward": -2067.0241868099774,
  "crash_rate": 1.0,
  "completion_rate": 0.0,
  "terminated_count": 50,
  "truncated_count": 0,
  "mean_episode_length": 321.6,
  "mean_waiting_time": 0.0,
  "mean_utilization": 0.1741263726662283,
  "training_time_minutes": 5.59480771223704,
  "eval_rewards": [
    11882.761744550406,
    17787.468198130424,
    17744.107449695268,
    31765.99437614963,
    -2067.0241868099774,
    4261.815057391051,
    15142.8038080642,
    4456.51569413161,
    8592.775352945135,
    5408.386063354796,
    151.76892856257427,
    14153.641048164896,
    -1999.7633342511679,
    16353.85784913506,
    16849.78840569341,
    6109.118000862434,
    8827.562906076708,
    -430.3880884020182,
    25127.29310604854,
    6622.449293461899,
    3968.6763319276815,
    2378.2471531420656,
    24313.25623611046,
    27515.807364464094,
    23866.291878682405,
    1106.5954614930083,
    31286.325882894547,
    13588.843879653294,
    6198.565927916899,
    16244.40218098121,
    7117.503467008735,
    15387.496813061414,
    1410.8996305736423,
    12333.643166650976,
    2196.0801706197876,
    23358.98897048001,
    1575.683519118203,
    11875.759323807873,
    13778.288329959803,
    13656.34740742234,
    8541.94993000056,
    24316.55744271085,
    13260.882693662006,
    13252.075874980315,
    8881.552226615071,
    26653.55769016262,
    4625.61511232059,
    32090.80166294373,
    98.28827046863103,
    20578.07958285785
  ],
  "eval_lengths": [
    307,
    457,
    510,
    795,
    33,
    111,
    383,
    123,
    233,
    146,
    55,
    372,
    3,
    401,
    427,
    157,
    228,
    34,
    626,
    169,
    101,
    57,
    638,
    727,
    623,
    38,
    799,
    398,
    156,
    414,
    190,
    393,
    110,
    311,
    57,
    597,
    92,
    300,
    349,
    348,
    223,
    615,
    346,
    313,
    238,
    656,
    117,
    782,
    11,
    511
  ],
  "timestamp": "2026-01-07T09:21:39.684209"
}