{
  "config_type": "inverted_pyramid",
  "algorithm": "A2C",
  "layer_capacities": [
    8,
    6,
    4,
    3,
    2
  ],
  "total_capacity": 23,
  "arrival_weights": [
    0.3,
    0.25,
    0.2,
    0.15,
    0.1
  ],
  "base_arrival_rate": 27.6,
  "high_load_multiplier": 10.0,
  "mean_reward": 9864.39959401897,
  "std_reward": 3690.6263695813986,
  "best_reward": 12157.534292195967,
  "worst_reward": -4448.625685573252,
  "crash_rate": 0.16,
  "completion_rate": 0.84,
  "terminated_count": 8,
  "truncated_count": 42,
  "mean_episode_length": 180.98,
  "mean_waiting_time": 0.0,
  "mean_utilization": 0.28674929398514765,
  "training_time_minutes": 3.290381300449371,
  "eval_rewards": [
    11377.807277831042,
    12157.534292195967,
    1567.672213924085,
    11105.731707481647,
    11474.800364252436,
    10742.205289256144,
    11707.576233109117,
    11293.367423528583,
    11403.011234666381,
    11300.975410018655,
    11842.734583894015,
    10650.387585850392,
    11163.928438381918,
    11810.813252275688,
    8836.418272364659,
    11567.930228172941,
    11324.650377767493,
    3630.810134566981,
    11845.265124220436,
    11274.452657263413,
    11285.361294321818,
    11413.858932582798,
    10957.081558389387,
    11331.24045251315,
    11871.853371349047,
    10862.019096958478,
    11433.384440963422,
    11556.273476564562,
    11300.929131624303,
    11479.321691749345,
    1697.1955784243396,
    7.335185374777417,
    11013.976147026173,
    11359.649156639734,
    11071.931391685699,
    11668.061104693357,
    -4448.625685573252,
    11285.63980790655,
    10899.372468685675,
    11214.391523844919,
    11563.23526825516,
    5080.211373299628,
    10977.778457751705,
    11419.004842187156,
    11057.342732390654,
    643.0228805129691,
    11734.879495002073,
    10986.224231415395,
    11358.892129326005,
    11061.066064061555
  ],
  "eval_lengths": [
    200,
    200,
    36,
    200,
    200,
    200,
    200,
    200,
    200,
    200,
    200,
    200,
    200,
    200,
    200,
    200,
    200,
    75,
    200,
    200,
    200,
    200,
    200,
    200,
    200,
    200,
    200,
    200,
    200,
    200,
    108,
    2,
    200,
    200,
    200,
    200,
    41,
    200,
    200,
    200,
    200,
    110,
    200,
    200,
    200,
    77,
    200,
    200,
    200,
    200
  ],
  "timestamp": "2026-01-02T18:35:52.255844"
}