{
  "config_type": "reverse_pyramid",
  "algorithm": "TD7",
  "layer_capacities": [
    2,
    3,
    4,
    6,
    8
  ],
  "total_capacity": 23,
  "arrival_weights": [
    0.3,
    0.25,
    0.2,
    0.15,
    0.1
  ],
  "base_arrival_rate": 27.6,
  "high_load_multiplier": 10.0,
  "mean_reward": 405833.48623062513,
  "std_reward": 1578.9527079263942,
  "best_reward": 408711.8398166942,
  "worst_reward": 402530.62437170465,
  "crash_rate": 0.0,
  "completion_rate": 1.0,
  "terminated_count": 0,
  "truncated_count": 50,
  "mean_episode_length": 10000.0,
  "mean_waiting_time": 0.0,
  "mean_utilization": 0.17827078333333335,
  "training_time_minutes": 40.95062413215637,
  "eval_rewards": [
    404234.59902493027,
    406621.3337115006,
    405397.0793762884,
    406853.6411628901,
    404926.89916693483,
    405889.3217111043,
    407869.5105725589,
    406337.22585731035,
    405249.84667301876,
    403362.9250313938,
    404129.2682263905,
    407902.1447739063,
    403476.1842425869,
    404727.1935099157,
    405765.1313732103,
    405657.69699980423,
    402530.62437170465,
    407577.8325415124,
    407454.9893455473,
    407067.4979967791,
    406985.64421755157,
    405531.6445931471,
    403964.14770712587,
    404270.87372149184,
    406642.3200166447,
    404423.3089853853,
    405496.2729593478,
    407905.93404360383,
    406074.6086334468,
    403068.6680737586,
    403664.7446025014,
    407794.2242665572,
    403312.3238289897,
    406048.35502168036,
    406919.45585576026,
    408430.29662365885,
    405448.42627496243,
    405735.4310829547,
    407854.4176909218,
    404762.7202485735,
    408437.40493894625,
    406432.439357703,
    407149.4791703821,
    408711.8398166942,
    405399.1136469068,
    404632.3773840096,
    405992.2815328033,
    405573.32881174795,
    407884.59770200244,
    404096.6850527079
  ],
  "eval_lengths": [
    10000,
    10000,
    10000,
    10000,
    10000,
    10000,
    10000,
    10000,
    10000,
    10000,
    10000,
    10000,
    10000,
    10000,
    10000,
    10000,
    10000,
    10000,
    10000,
    10000,
    10000,
    10000,
    10000,
    10000,
    10000,
    10000,
    10000,
    10000,
    10000,
    10000,
    10000,
    10000,
    10000,
    10000,
    10000,
    10000,
    10000,
    10000,
    10000,
    10000,
    10000,
    10000,
    10000,
    10000,
    10000,
    10000,
    10000,
    10000,
    10000,
    10000
  ],
  "timestamp": "2026-01-03T16:53:15.988145"
}