{
  "config_type": "inverted_pyramid",
  "algorithm": "A2C",
  "seed": 60,
  "layer_capacities": [
    8,
    6,
    4,
    3,
    2
  ],
  "total_capacity": 23,
  "arrival_weights": [
    0.3,
    0.25,
    0.2,
    0.15,
    0.1
  ],
  "base_arrival_rate": 13.8,
  "high_load_multiplier": 5.0,
  "mean_reward": 722933.9076718434,
  "std_reward": 2403.3539866855035,
  "best_reward": 729932.2730377,
  "worst_reward": 718479.2821155242,
  "crash_rate": 0.0,
  "completion_rate": 1.0,
  "terminated_count": 0,
  "truncated_count": 50,
  "mean_episode_length": 10000.0,
  "mean_waiting_time": 0.0,
  "mean_utilization": 0.06916281666666667,
  "training_time_minutes": 5.102803758780161,
  "eval_rewards": [
    718539.2398391005,
    720051.4349279354,
    724832.9174119385,
    722120.8153704891,
    723005.7507113239,
    726728.6040759424,
    725071.7532938898,
    722772.5153686549,
    720618.2635705012,
    722512.3289959311,
    718664.4953882574,
    726171.1341744078,
    721997.8420220222,
    722591.0627650555,
    720612.023184893,
    721985.7109107148,
    725107.6222109789,
    725614.5373878985,
    722557.2470310405,
    720041.6346399913,
    724677.8344665609,
    724013.7501351646,
    723538.2129041336,
    723713.4045811997,
    719991.0143745544,
    724695.2779994885,
    722586.2900750111,
    721304.5896355897,
    724217.1538832635,
    723930.646055598,
    721174.7120580305,
    720535.7101558776,
    721493.6425054123,
    721460.6564030428,
    724376.6685440372,
    723333.6333131219,
    724004.4893683213,
    723933.2806048956,
    719483.4285202805,
    718479.2821155242,
    719636.708541511,
    724342.5862276591,
    724129.7230994069,
    726535.0623047015,
    724740.4837122821,
    729932.2730377,
    722510.9534327016,
    726257.2820766083,
    725646.4616401567,
    720423.2385393736
  ],
  "eval_lengths": [
    10000,
    10000,
    10000,
    10000,
    10000,
    10000,
    10000,
    10000,
    10000,
    10000,
    10000,
    10000,
    10000,
    10000,
    10000,
    10000,
    10000,
    10000,
    10000,
    10000,
    10000,
    10000,
    10000,
    10000,
    10000,
    10000,
    10000,
    10000,
    10000,
    10000,
    10000,
    10000,
    10000,
    10000,
    10000,
    10000,
    10000,
    10000,
    10000,
    10000,
    10000,
    10000,
    10000,
    10000,
    10000,
    10000,
    10000,
    10000,
    10000,
    10000
  ],
  "timestamp": "2026-01-14T16:36:27.318946",
  "mean_lyapunov": 3.959758,
  "mean_lyapunov_drift": 0.000368,
  "mean_drift_l1": 0.08258295652173912,
  "mean_safe_ratio": 0.0,
  "mean_max_load_rate": 0.862500011920929
}