{
  "config_type": "inverted_pyramid",
  "algorithm": "A2C",
  "seed": 123,
  "layer_capacities": [
    8,
    6,
    4,
    3,
    2
  ],
  "total_capacity": 23,
  "arrival_weights": [
    0.3,
    0.25,
    0.2,
    0.15,
    0.1
  ],
  "base_arrival_rate": 13.8,
  "high_load_multiplier": 5.0,
  "mean_reward": 723162.55280962,
  "std_reward": 2402.237823355249,
  "best_reward": 728278.4076501746,
  "worst_reward": 717411.1616419334,
  "crash_rate": 0.0,
  "completion_rate": 1.0,
  "terminated_count": 0,
  "truncated_count": 50,
  "mean_episode_length": 10000.0,
  "mean_waiting_time": 0.0,
  "mean_utilization": 0.06906641666666666,
  "training_time_minutes": 7.483649524052938,
  "eval_rewards": [
    723360.5597877107,
    722277.235581741,
    725070.5026360815,
    719766.0851536244,
    724731.5033363419,
    725778.2575639499,
    722916.1393659413,
    724102.7653709397,
    724557.7671565505,
    717411.1616419334,
    723023.7562200958,
    727641.6091824643,
    727141.9636180367,
    721943.6414679564,
    720464.1682984686,
    721798.5084645103,
    723832.4879486761,
    722759.4038089095,
    721950.0618753711,
    722547.7055004494,
    724533.1336932312,
    721977.2050708525,
    722372.8760483296,
    722581.6847093723,
    724010.9312095471,
    724171.6844170281,
    720646.982611102,
    721286.8845697391,
    722881.1864153966,
    720460.6268161711,
    719724.9270519763,
    725923.8900779329,
    725261.0359251171,
    721279.1673833651,
    728278.4076501746,
    724211.1140817612,
    719659.2031199073,
    723065.9233644101,
    723041.7045637933,
    726837.610330333,
    724478.9367321781,
    719112.3578798578,
    721987.5854384099,
    726618.894938565,
    720203.6337440658,
    721536.208442237,
    727278.7765540882,
    721059.7193109232,
    724464.8966574034,
    726105.1676939843
  ],
  "eval_lengths": [
    10000,
    10000,
    10000,
    10000,
    10000,
    10000,
    10000,
    10000,
    10000,
    10000,
    10000,
    10000,
    10000,
    10000,
    10000,
    10000,
    10000,
    10000,
    10000,
    10000,
    10000,
    10000,
    10000,
    10000,
    10000,
    10000,
    10000,
    10000,
    10000,
    10000,
    10000,
    10000,
    10000,
    10000,
    10000,
    10000,
    10000,
    10000,
    10000,
    10000,
    10000,
    10000,
    10000,
    10000,
    10000,
    10000,
    10000,
    10000,
    10000,
    10000
  ],
  "timestamp": "2026-01-07T11:35:29.766378"
}