{
  "config_type": "inverted_pyramid",
  "algorithm": "A2C",
  "seed": 44,
  "layer_capacities": [
    8,
    6,
    4,
    3,
    2
  ],
  "total_capacity": 23,
  "arrival_weights": [
    0.3,
    0.25,
    0.2,
    0.15,
    0.1
  ],
  "base_arrival_rate": 13.8,
  "high_load_multiplier": 5.0,
  "mean_reward": 722283.3444209083,
  "std_reward": 2329.2856070109356,
  "best_reward": 729138.7999505206,
  "worst_reward": 718387.4030494198,
  "crash_rate": 0.0,
  "completion_rate": 1.0,
  "terminated_count": 0,
  "truncated_count": 50,
  "mean_episode_length": 10000.0,
  "mean_waiting_time": 0.0,
  "mean_utilization": 0.06823765000000001,
  "training_time_minutes": 4.801573141415914,
  "eval_rewards": [
    720785.1437925143,
    726116.6123765573,
    719873.3716795152,
    720577.8596774428,
    721366.5532954456,
    725823.0040412247,
    719859.5553194851,
    724638.6265719286,
    720376.4554598463,
    718387.4030494198,
    724587.9418643205,
    723526.2532916495,
    721577.1373373745,
    719822.3325175932,
    720535.1690144505,
    722193.4535388766,
    724962.0441438388,
    718901.6583008181,
    719512.4873497398,
    721853.2518576905,
    724751.5525538444,
    722341.1959956917,
    724899.4813016199,
    729138.7999505206,
    721550.9807925913,
    720351.8123099568,
    720133.6575754493,
    719356.3342239407,
    720846.1312573203,
    722475.9772484265,
    723814.424861528,
    721311.485438392,
    718630.0022546335,
    723013.702227104,
    723167.4081619716,
    720593.0456175794,
    720635.0467582128,
    723113.113550799,
    726579.1275001314,
    722159.8769027545,
    726883.2601721153,
    723968.7253255865,
    721158.5302808803,
    722146.6431851013,
    723058.095328349,
    721450.7152301291,
    725372.773648368,
    721945.485744258,
    721513.0630468706,
    722530.4581215553
  ],
  "eval_lengths": [
    10000,
    10000,
    10000,
    10000,
    10000,
    10000,
    10000,
    10000,
    10000,
    10000,
    10000,
    10000,
    10000,
    10000,
    10000,
    10000,
    10000,
    10000,
    10000,
    10000,
    10000,
    10000,
    10000,
    10000,
    10000,
    10000,
    10000,
    10000,
    10000,
    10000,
    10000,
    10000,
    10000,
    10000,
    10000,
    10000,
    10000,
    10000,
    10000,
    10000,
    10000,
    10000,
    10000,
    10000,
    10000,
    10000,
    10000,
    10000,
    10000,
    10000
  ],
  "timestamp": "2026-01-14T10:46:47.548731",
  "mean_lyapunov": 4.033066,
  "mean_lyapunov_drift": 0.000302,
  "mean_drift_l1": 0.08279086956521736,
  "mean_safe_ratio": 0.0,
  "mean_max_load_rate": 0.862500011920929
}