{
  "config_type": "inverted_pyramid",
  "algorithm": "A2C",
  "seed": 46,
  "layer_capacities": [
    8,
    6,
    4,
    3,
    2
  ],
  "total_capacity": 23,
  "arrival_weights": [
    0.3,
    0.25,
    0.2,
    0.15,
    0.1
  ],
  "base_arrival_rate": 13.8,
  "high_load_multiplier": 5.0,
  "mean_reward": 722429.2802685319,
  "std_reward": 2741.579133140752,
  "best_reward": 728757.3757829452,
  "worst_reward": 714704.5986283413,
  "crash_rate": 0.0,
  "completion_rate": 1.0,
  "terminated_count": 0,
  "truncated_count": 50,
  "mean_episode_length": 10000.0,
  "mean_waiting_time": 0.0,
  "mean_utilization": 0.06836318333333334,
  "training_time_minutes": 5.277639007568359,
  "eval_rewards": [
    722340.6569385389,
    725427.9885827327,
    720444.4741895567,
    724914.6154976111,
    721533.4321249068,
    722034.982168918,
    723797.9959181132,
    723259.332070298,
    718124.8734169655,
    722352.3324017723,
    719896.688597284,
    722693.124018102,
    722229.3981417917,
    721711.960231112,
    723320.1661003319,
    714704.5986283413,
    720106.5045893032,
    719069.8021876187,
    723089.4877801139,
    723833.4894189606,
    720213.290412686,
    723990.3659989034,
    726608.3197472732,
    728757.3757829452,
    720656.9046538554,
    724801.1742963919,
    721647.8136440212,
    724590.1090172185,
    719530.2236345463,
    719373.6928537922,
    724108.5554113024,
    717634.2900038641,
    728203.9668206009,
    721861.5039458685,
    720413.1012244364,
    726070.0583045881,
    722569.9328960567,
    724155.2397167179,
    720320.0048977241,
    726077.0792221254,
    723451.2617855975,
    719015.1825953155,
    723764.9861677681,
    720942.6615635984,
    724487.4761467098,
    721855.4138592744,
    718060.378733582,
    724185.8817307974,
    723962.5284895133,
    725269.3368671491
  ],
  "eval_lengths": [
    10000,
    10000,
    10000,
    10000,
    10000,
    10000,
    10000,
    10000,
    10000,
    10000,
    10000,
    10000,
    10000,
    10000,
    10000,
    10000,
    10000,
    10000,
    10000,
    10000,
    10000,
    10000,
    10000,
    10000,
    10000,
    10000,
    10000,
    10000,
    10000,
    10000,
    10000,
    10000,
    10000,
    10000,
    10000,
    10000,
    10000,
    10000,
    10000,
    10000,
    10000,
    10000,
    10000,
    10000,
    10000,
    10000,
    10000,
    10000,
    10000,
    10000
  ],
  "timestamp": "2026-01-14T11:29:18.343254",
  "mean_lyapunov": 4.034208,
  "mean_lyapunov_drift": 0.000464,
  "mean_drift_l1": 0.08264347826086957,
  "mean_safe_ratio": 0.0,
  "mean_max_load_rate": 0.862500011920929
}