{
  "config_type": "inverted_pyramid",
  "algorithm": "A2C",
  "seed": 55,
  "layer_capacities": [
    8,
    6,
    4,
    3,
    2
  ],
  "total_capacity": 23,
  "arrival_weights": [
    0.3,
    0.25,
    0.2,
    0.15,
    0.1
  ],
  "base_arrival_rate": 13.8,
  "high_load_multiplier": 5.0,
  "mean_reward": 722456.5104020785,
  "std_reward": 2752.5081789435494,
  "best_reward": 728999.6408036846,
  "worst_reward": 715988.7946718662,
  "crash_rate": 0.0,
  "completion_rate": 1.0,
  "terminated_count": 0,
  "truncated_count": 50,
  "mean_episode_length": 10000.0,
  "mean_waiting_time": 0.0,
  "mean_utilization": 0.06815795,
  "training_time_minutes": 5.094112420082093,
  "eval_rewards": [
    723360.4574482107,
    720349.9103516531,
    728999.6408036846,
    722727.4438600763,
    722463.0743836861,
    725478.1400170012,
    719575.1882044006,
    725361.5689452504,
    726152.8037250489,
    720675.1047356796,
    718840.3601413689,
    718234.454055984,
    718844.802307068,
    727801.9951645813,
    720679.9073901019,
    722651.6537199903,
    724805.2310372418,
    721826.669934061,
    723804.6954289499,
    724777.120806031,
    722924.5652194873,
    720065.6903303287,
    728898.6557878394,
    724027.4200028783,
    719917.1804760463,
    722566.9758187837,
    725290.1883074649,
    723739.2371388009,
    720831.6786222258,
    716060.6974717611,
    720476.2492734129,
    721377.9957785245,
    721706.7022944682,
    721560.3309475654,
    723996.8710039546,
    723093.1318120391,
    722806.9189654966,
    725295.3908381436,
    724791.8457819378,
    721577.835271361,
    724664.7063115091,
    720300.5364417864,
    723816.0942038241,
    722215.8154316213,
    721559.6729178295,
    715988.7946718662,
    723818.248380902,
    720126.4490309146,
    721162.755065486,
    720756.6640455979
  ],
  "eval_lengths": [
    10000,
    10000,
    10000,
    10000,
    10000,
    10000,
    10000,
    10000,
    10000,
    10000,
    10000,
    10000,
    10000,
    10000,
    10000,
    10000,
    10000,
    10000,
    10000,
    10000,
    10000,
    10000,
    10000,
    10000,
    10000,
    10000,
    10000,
    10000,
    10000,
    10000,
    10000,
    10000,
    10000,
    10000,
    10000,
    10000,
    10000,
    10000,
    10000,
    10000,
    10000,
    10000,
    10000,
    10000,
    10000,
    10000,
    10000,
    10000,
    10000,
    10000
  ],
  "timestamp": "2026-01-14T14:46:17.034832",
  "mean_lyapunov": 4.027734,
  "mean_lyapunov_drift": 0.000292,
  "mean_drift_l1": 0.08253113043478262,
  "mean_safe_ratio": 0.0,
  "mean_max_load_rate": 0.862500011920929
}