{
  "config_type": "inverted_pyramid",
  "algorithm": "A2C",
  "seed": 57,
  "layer_capacities": [
    8,
    6,
    4,
    3,
    2
  ],
  "total_capacity": 23,
  "arrival_weights": [
    0.3,
    0.25,
    0.2,
    0.15,
    0.1
  ],
  "base_arrival_rate": 13.8,
  "high_load_multiplier": 5.0,
  "mean_reward": 723826.7706453644,
  "std_reward": 2363.373651516024,
  "best_reward": 728663.7394585826,
  "worst_reward": 718698.9443413516,
  "crash_rate": 0.0,
  "completion_rate": 1.0,
  "terminated_count": 0,
  "truncated_count": 50,
  "mean_episode_length": 10000.0,
  "mean_waiting_time": 0.0,
  "mean_utilization": 0.06826089999999999,
  "training_time_minutes": 5.196837262312571,
  "eval_rewards": [
    720558.3120757847,
    728557.5273976381,
    725929.9980132855,
    726248.1354805742,
    725557.8130569503,
    728663.7394585826,
    720412.9407170976,
    722957.9396108057,
    726057.8805029786,
    722070.5957756921,
    726939.6588272556,
    723360.2188936784,
    725291.7203985149,
    722069.1942433028,
    726335.0651054712,
    722855.3883624036,
    719978.4607190004,
    720352.0043772488,
    724607.0752033712,
    718698.9443413516,
    719362.2472298299,
    722578.1993485747,
    722907.4027994303,
    722290.3845637325,
    726183.9107254352,
    722773.1459573731,
    724219.3697895162,
    723793.1987181755,
    722920.1002182554,
    725909.3095741228,
    724893.0494603678,
    725080.6420860172,
    723464.2443491581,
    724174.6217502893,
    725701.1637354279,
    726423.1844829448,
    722831.251378322,
    727459.1292478179,
    724406.2946633149,
    722310.5100786891,
    722664.2988105735,
    724457.9207540819,
    721207.4989739824,
    727890.6473750373,
    723760.7271324081,
    726042.4608071872,
    722440.4166166056,
    721687.9549571319,
    723222.9848240656,
    720779.6492993553
  ],
  "eval_lengths": [
    10000,
    10000,
    10000,
    10000,
    10000,
    10000,
    10000,
    10000,
    10000,
    10000,
    10000,
    10000,
    10000,
    10000,
    10000,
    10000,
    10000,
    10000,
    10000,
    10000,
    10000,
    10000,
    10000,
    10000,
    10000,
    10000,
    10000,
    10000,
    10000,
    10000,
    10000,
    10000,
    10000,
    10000,
    10000,
    10000,
    10000,
    10000,
    10000,
    10000,
    10000,
    10000,
    10000,
    10000,
    10000,
    10000,
    10000,
    10000,
    10000,
    10000
  ],
  "timestamp": "2026-01-14T15:30:34.960033",
  "mean_lyapunov": 2.575422,
  "mean_lyapunov_drift": 0.000202,
  "mean_drift_l1": 0.07964739130434781,
  "mean_safe_ratio": 0.0,
  "mean_max_load_rate": 0.862500011920929
}