{
  "config_type": "inverted_pyramid",
  "algorithm": "A2C",
  "seed": 50,
  "layer_capacities": [
    8,
    6,
    4,
    3,
    2
  ],
  "total_capacity": 23,
  "arrival_weights": [
    0.3,
    0.25,
    0.2,
    0.15,
    0.1
  ],
  "base_arrival_rate": 13.8,
  "high_load_multiplier": 5.0,
  "mean_reward": 724709.7936106189,
  "std_reward": 2156.79476567786,
  "best_reward": 729987.1290541714,
  "worst_reward": 720372.7960115151,
  "crash_rate": 0.0,
  "completion_rate": 1.0,
  "terminated_count": 0,
  "truncated_count": 50,
  "mean_episode_length": 10000.0,
  "mean_waiting_time": 0.0,
  "mean_utilization": 0.06806693333333333,
  "training_time_minutes": 5.120073155562083,
  "eval_rewards": [
    725977.3801151657,
    725008.3863829293,
    723723.1864797644,
    725355.4940237553,
    726186.2446995979,
    723359.6951502322,
    727890.4899365626,
    725801.6235417324,
    724157.2611493374,
    727588.3120631024,
    724627.8131334529,
    729987.1290541714,
    726065.8792617938,
    722321.3023937427,
    726036.0951849727,
    723189.5776041615,
    724620.5554483633,
    722489.294512779,
    720372.7960115151,
    728175.6372673291,
    724198.2028611649,
    725296.8632551598,
    726666.3835224604,
    721873.9721550397,
    728019.0124986719,
    726473.9934604262,
    724270.051319996,
    721120.472698678,
    720736.8293517587,
    721097.3470862432,
    725475.7699948342,
    726551.2263227571,
    727486.7138432843,
    724608.5220842286,
    724234.8976386955,
    723775.2565847608,
    723727.2513687074,
    723423.7613995082,
    723991.1981679035,
    724418.0157583086,
    722279.9817802474,
    726183.0509244429,
    726757.4076673277,
    728114.2207653917,
    721307.2867070107,
    723669.5043943592,
    725433.0547575119,
    725420.9107649409,
    721896.4062373486,
    724047.9617453151
  ],
  "eval_lengths": [
    10000,
    10000,
    10000,
    10000,
    10000,
    10000,
    10000,
    10000,
    10000,
    10000,
    10000,
    10000,
    10000,
    10000,
    10000,
    10000,
    10000,
    10000,
    10000,
    10000,
    10000,
    10000,
    10000,
    10000,
    10000,
    10000,
    10000,
    10000,
    10000,
    10000,
    10000,
    10000,
    10000,
    10000,
    10000,
    10000,
    10000,
    10000,
    10000,
    10000,
    10000,
    10000,
    10000,
    10000,
    10000,
    10000,
    10000,
    10000,
    10000,
    10000
  ],
  "timestamp": "2026-01-14T12:57:10.381886",
  "mean_lyapunov": 2.673344,
  "mean_lyapunov_drift": 0.000264,
  "mean_drift_l1": 0.08028121739130435,
  "mean_safe_ratio": 0.0,
  "mean_max_load_rate": 0.862500011920929
}