{
  "config_type": "inverted_pyramid",
  "algorithm": "A2C",
  "seed": 70,
  "layer_capacities": [
    8,
    6,
    4,
    3,
    2
  ],
  "total_capacity": 23,
  "arrival_weights": [
    0.3,
    0.25,
    0.2,
    0.15,
    0.1
  ],
  "base_arrival_rate": 13.8,
  "high_load_multiplier": 5.0,
  "mean_reward": 724443.7918745201,
  "std_reward": 2363.3977088186066,
  "best_reward": 728687.3074354364,
  "worst_reward": 717506.5891949267,
  "crash_rate": 0.0,
  "completion_rate": 1.0,
  "terminated_count": 0,
  "truncated_count": 50,
  "mean_episode_length": 10000.0,
  "mean_waiting_time": 0.0,
  "mean_utilization": 0.06838155,
  "training_time_minutes": 4.852389887968699,
  "eval_rewards": [
    723524.8592947413,
    719812.1054201834,
    725058.2965168272,
    725554.64594256,
    724640.120912731,
    726685.2284829022,
    720449.8748864088,
    726516.6768079073,
    724953.1980293376,
    724622.9470029244,
    725363.4852686886,
    723791.0816126873,
    727499.0735863206,
    727059.9544658073,
    720918.4726350944,
    722007.8793781026,
    722649.4269765605,
    724412.5148756095,
    724943.7477840895,
    722371.9112997046,
    726592.8687607645,
    723131.4027320107,
    720835.2923458287,
    722789.9538430821,
    726117.6587449125,
    723067.3087140946,
    721847.1178017327,
    725039.4495174653,
    724162.3226965814,
    725260.3489732431,
    722840.014309037,
    725211.0303624455,
    728676.9493125887,
    727134.2969497272,
    725123.321494821,
    724618.2910757731,
    726242.2094211554,
    728687.3074354364,
    717506.5891949267,
    723179.6264493119,
    724133.0962804174,
    725343.0865750373,
    728503.1975299275,
    725731.7467998368,
    727644.844300661,
    725726.4801858227,
    726709.1275783256,
    721583.9145579421,
    721708.7693585566,
    724206.469245353
  ],
  "eval_lengths": [
    10000,
    10000,
    10000,
    10000,
    10000,
    10000,
    10000,
    10000,
    10000,
    10000,
    10000,
    10000,
    10000,
    10000,
    10000,
    10000,
    10000,
    10000,
    10000,
    10000,
    10000,
    10000,
    10000,
    10000,
    10000,
    10000,
    10000,
    10000,
    10000,
    10000,
    10000,
    10000,
    10000,
    10000,
    10000,
    10000,
    10000,
    10000,
    10000,
    10000,
    10000,
    10000,
    10000,
    10000,
    10000,
    10000,
    10000,
    10000,
    10000,
    10000
  ],
  "timestamp": "2026-01-14T20:09:32.999295",
  "mean_lyapunov": 2.574786,
  "mean_lyapunov_drift": 0.000214,
  "mean_drift_l1": 0.07969434782608695,
  "mean_safe_ratio": 0.0,
  "mean_max_load_rate": 0.862500011920929
}