{
  "config_type": "inverted_pyramid",
  "algorithm": "A2C",
  "seed": 58,
  "layer_capacities": [
    8,
    6,
    4,
    3,
    2
  ],
  "total_capacity": 23,
  "arrival_weights": [
    0.3,
    0.25,
    0.2,
    0.15,
    0.1
  ],
  "base_arrival_rate": 13.8,
  "high_load_multiplier": 5.0,
  "mean_reward": 724423.9875357453,
  "std_reward": 2473.5846060435747,
  "best_reward": 730880.60319448,
  "worst_reward": 719052.4130941296,
  "crash_rate": 0.0,
  "completion_rate": 1.0,
  "terminated_count": 0,
  "truncated_count": 50,
  "mean_episode_length": 10000.0,
  "mean_waiting_time": 0.0,
  "mean_utilization": 0.06966378333333334,
  "training_time_minutes": 5.122105574607849,
  "eval_rewards": [
    725388.3725907097,
    724355.0142508127,
    726932.7943262066,
    723243.6775009702,
    719052.4130941296,
    723848.8552742185,
    728776.6234717305,
    722883.1266693877,
    727361.6373727212,
    725002.0364382247,
    725879.2070139498,
    721705.6367781955,
    726474.3439797732,
    723897.414940893,
    722232.0569173605,
    723006.0148367578,
    725455.4362393199,
    724390.8089617923,
    719887.7606245,
    723854.7622794815,
    723764.3716927305,
    725582.4516722194,
    724439.4655183847,
    728594.9827955173,
    722639.4741017632,
    720943.1526240482,
    725772.4450474322,
    723632.6351085858,
    727831.8861704982,
    721918.5531935445,
    725196.8733458928,
    722619.2010091005,
    724395.0193815909,
    727581.811648794,
    723823.9801219741,
    727719.4896301834,
    721833.4778422294,
    722185.5607048217,
    723703.5394884078,
    719194.1696221494,
    722642.9922566337,
    724615.5409045112,
    725124.5222359424,
    721827.0835192496,
    726960.5469225259,
    725948.5021002416,
    730880.60319448,
    728023.3334682534,
    723207.4117466547,
    724968.3061577657
  ],
  "eval_lengths": [
    10000,
    10000,
    10000,
    10000,
    10000,
    10000,
    10000,
    10000,
    10000,
    10000,
    10000,
    10000,
    10000,
    10000,
    10000,
    10000,
    10000,
    10000,
    10000,
    10000,
    10000,
    10000,
    10000,
    10000,
    10000,
    10000,
    10000,
    10000,
    10000,
    10000,
    10000,
    10000,
    10000,
    10000,
    10000,
    10000,
    10000,
    10000,
    10000,
    10000,
    10000,
    10000,
    10000,
    10000,
    10000,
    10000,
    10000,
    10000,
    10000,
    10000
  ],
  "timestamp": "2026-01-14T15:52:35.433663",
  "mean_lyapunov": 2.9818,
  "mean_lyapunov_drift": 0.00023,
  "mean_drift_l1": 0.07947695652173913,
  "mean_safe_ratio": 0.0,
  "mean_max_load_rate": 0.862500011920929
}