{
  "config_type": "inverted_pyramid",
  "algorithm": "A2C",
  "seed": 62,
  "layer_capacities": [
    8,
    6,
    4,
    3,
    2
  ],
  "total_capacity": 23,
  "arrival_weights": [
    0.3,
    0.25,
    0.2,
    0.15,
    0.1
  ],
  "base_arrival_rate": 13.8,
  "high_load_multiplier": 5.0,
  "mean_reward": 722544.2130147101,
  "std_reward": 2209.93099972243,
  "best_reward": 727238.4053908564,
  "worst_reward": 716753.9852880791,
  "crash_rate": 0.0,
  "completion_rate": 1.0,
  "terminated_count": 0,
  "truncated_count": 50,
  "mean_episode_length": 10000.0,
  "mean_waiting_time": 0.0,
  "mean_utilization": 0.0681821,
  "training_time_minutes": 5.249017731348673,
  "eval_rewards": [
    721993.4638617845,
    724300.0073408546,
    722633.6489168752,
    722752.4827277679,
    720379.4749361983,
    720265.2098313888,
    727193.6697195311,
    726994.0978128044,
    723772.3627825474,
    723186.143820679,
    723355.0077812745,
    725928.4097247173,
    720839.3668925998,
    722793.4503433726,
    725646.3169777242,
    720308.8563159722,
    724038.7798570332,
    721118.8278887634,
    719213.4467495094,
    723842.1311749589,
    723093.7936969871,
    723032.5887778348,
    724397.9739512822,
    727238.4053908564,
    725810.8172844361,
    721992.7851121782,
    718923.107339415,
    723577.6168808368,
    721630.4042945269,
    718802.5996413168,
    721965.1472507399,
    722179.5336484103,
    722356.6972906475,
    721822.3044986795,
    721888.542968832,
    722416.2813581359,
    723217.6299942896,
    716753.9852880791,
    722889.7795931064,
    720963.8862738701,
    724445.4459508476,
    721256.2187724159,
    719804.0571118516,
    721117.5517614005,
    725328.0558291145,
    723341.9534160423,
    720557.3908697899,
    719577.74636201,
    722953.3093424691,
    723319.885328749
  ],
  "eval_lengths": [
    10000,
    10000,
    10000,
    10000,
    10000,
    10000,
    10000,
    10000,
    10000,
    10000,
    10000,
    10000,
    10000,
    10000,
    10000,
    10000,
    10000,
    10000,
    10000,
    10000,
    10000,
    10000,
    10000,
    10000,
    10000,
    10000,
    10000,
    10000,
    10000,
    10000,
    10000,
    10000,
    10000,
    10000,
    10000,
    10000,
    10000,
    10000,
    10000,
    10000,
    10000,
    10000,
    10000,
    10000,
    10000,
    10000,
    10000,
    10000,
    10000,
    10000
  ],
  "timestamp": "2026-01-14T17:21:03.863748",
  "mean_lyapunov": 3.60574,
  "mean_lyapunov_drift": 0.000338,
  "mean_drift_l1": 0.08201869565217391,
  "mean_safe_ratio": 0.0,
  "mean_max_load_rate": 0.862500011920929
}