{
  "config_type": "inverted_pyramid",
  "algorithm": "A2C",
  "seed": 69,
  "layer_capacities": [
    8,
    6,
    4,
    3,
    2
  ],
  "total_capacity": 23,
  "arrival_weights": [
    0.3,
    0.25,
    0.2,
    0.15,
    0.1
  ],
  "base_arrival_rate": 13.8,
  "high_load_multiplier": 5.0,
  "mean_reward": 722476.2609596741,
  "std_reward": 2324.7610502556945,
  "best_reward": 726791.1110347891,
  "worst_reward": 717114.0961508877,
  "crash_rate": 0.0,
  "completion_rate": 1.0,
  "terminated_count": 0,
  "truncated_count": 50,
  "mean_episode_length": 10000.0,
  "mean_waiting_time": 0.0,
  "mean_utilization": 0.06892418333333333,
  "training_time_minutes": 4.817913142840068,
  "eval_rewards": [
    719974.3999350045,
    723500.1323546809,
    723567.720137812,
    721508.8857751138,
    725560.3315360313,
    723837.4203494249,
    720645.6122845965,
    726563.3574056543,
    722327.951103183,
    725773.3323767661,
    724796.5538681798,
    720114.8991470796,
    722199.508846825,
    719393.6756370385,
    722485.284001588,
    719726.7008329045,
    721024.4848659541,
    723136.6255211188,
    721290.4506587937,
    721417.3833533853,
    725324.2450097946,
    724940.2617916972,
    726208.9359431586,
    725899.3932020064,
    721259.955767821,
    720513.8247690719,
    723036.5425593157,
    724990.8899703564,
    721978.4476120368,
    721505.092848294,
    721408.9176477658,
    723761.4532785137,
    720203.3134178981,
    724161.0916544849,
    722980.1290419903,
    724721.958927153,
    719826.7511340387,
    720431.8045962784,
    722827.4515051597,
    720662.4362211946,
    725428.2461651313,
    724280.4637283777,
    722507.6224425259,
    720441.4023042358,
    726791.1110347891,
    722524.6706717184,
    717465.6283662278,
    717114.0961508877,
    718890.7369589293,
    722881.4632717111
  ],
  "eval_lengths": [
    10000,
    10000,
    10000,
    10000,
    10000,
    10000,
    10000,
    10000,
    10000,
    10000,
    10000,
    10000,
    10000,
    10000,
    10000,
    10000,
    10000,
    10000,
    10000,
    10000,
    10000,
    10000,
    10000,
    10000,
    10000,
    10000,
    10000,
    10000,
    10000,
    10000,
    10000,
    10000,
    10000,
    10000,
    10000,
    10000,
    10000,
    10000,
    10000,
    10000,
    10000,
    10000,
    10000,
    10000,
    10000,
    10000,
    10000,
    10000,
    10000,
    10000
  ],
  "timestamp": "2026-01-14T19:48:22.030983",
  "mean_lyapunov": 3.837366,
  "mean_lyapunov_drift": 0.000258,
  "mean_drift_l1": 0.0816562608695652,
  "mean_safe_ratio": 0.0,
  "mean_max_load_rate": 0.862500011920929
}