{
  "config_type": "inverted_pyramid",
  "algorithm": "A2C",
  "seed": 52,
  "layer_capacities": [
    8,
    6,
    4,
    3,
    2
  ],
  "total_capacity": 23,
  "arrival_weights": [
    0.3,
    0.25,
    0.2,
    0.15,
    0.1
  ],
  "base_arrival_rate": 13.8,
  "high_load_multiplier": 5.0,
  "mean_reward": 723958.3116670016,
  "std_reward": 2372.12426708033,
  "best_reward": 729388.0641045641,
  "worst_reward": 720072.5468987563,
  "crash_rate": 0.0,
  "completion_rate": 1.0,
  "terminated_count": 0,
  "truncated_count": 50,
  "mean_episode_length": 10000.0,
  "mean_waiting_time": 0.0,
  "mean_utilization": 0.06763528333333332,
  "training_time_minutes": 5.137827801704407,
  "eval_rewards": [
    721497.4602601274,
    723794.9669112067,
    721833.6446396341,
    727457.8761675651,
    722168.4370430979,
    722976.66561292,
    724460.8387816173,
    726959.7097766694,
    722556.0754136945,
    721287.7439423694,
    727636.0627986474,
    725247.6519084733,
    724160.1283504558,
    724260.2893586064,
    720292.9215080828,
    728768.439196188,
    725605.2895083419,
    720339.4000666012,
    724916.4041472431,
    722558.550166346,
    722706.7917923665,
    724368.3651539556,
    723487.7747510575,
    721505.1861910524,
    722490.7610701727,
    721952.2353195779,
    724082.0522309705,
    722725.2763700443,
    726469.0222083431,
    726089.9889090861,
    723539.7714542055,
    727622.690305422,
    720072.5468987563,
    725202.1845663376,
    720938.2405407043,
    721898.2861030889,
    723231.1120099489,
    723379.8674152223,
    720478.8171669793,
    725173.9854240913,
    724151.8391791107,
    723879.6183561189,
    721662.9540325983,
    728852.0037925486,
    727236.2260226294,
    725248.7433250331,
    729388.0641045641,
    726223.7840183678,
    722043.8831363627,
    723034.9559434764
  ],
  "eval_lengths": [
    10000,
    10000,
    10000,
    10000,
    10000,
    10000,
    10000,
    10000,
    10000,
    10000,
    10000,
    10000,
    10000,
    10000,
    10000,
    10000,
    10000,
    10000,
    10000,
    10000,
    10000,
    10000,
    10000,
    10000,
    10000,
    10000,
    10000,
    10000,
    10000,
    10000,
    10000,
    10000,
    10000,
    10000,
    10000,
    10000,
    10000,
    10000,
    10000,
    10000,
    10000,
    10000,
    10000,
    10000,
    10000,
    10000,
    10000,
    10000,
    10000,
    10000
  ],
  "timestamp": "2026-01-14T13:41:18.091140",
  "mean_lyapunov": 2.657768,
  "mean_lyapunov_drift": 0.000188,
  "mean_drift_l1": 0.07993739130434781,
  "mean_safe_ratio": 0.0,
  "mean_max_load_rate": 0.862500011920929
}