{
  "config_type": "inverted_pyramid",
  "algorithm": "A2C",
  "seed": 61,
  "layer_capacities": [
    8,
    6,
    4,
    3,
    2
  ],
  "total_capacity": 23,
  "arrival_weights": [
    0.3,
    0.25,
    0.2,
    0.15,
    0.1
  ],
  "base_arrival_rate": 13.8,
  "high_load_multiplier": 5.0,
  "mean_reward": 723079.9899789597,
  "std_reward": 2155.3451508684384,
  "best_reward": 728392.3963748269,
  "worst_reward": 719332.0642333515,
  "crash_rate": 0.0,
  "completion_rate": 1.0,
  "terminated_count": 0,
  "truncated_count": 50,
  "mean_episode_length": 10000.0,
  "mean_waiting_time": 0.0,
  "mean_utilization": 0.06776428333333334,
  "training_time_minutes": 5.292403928438822,
  "eval_rewards": [
    720744.8077187599,
    721966.3115484094,
    725444.062025741,
    728392.3963748269,
    722548.960659896,
    720512.7650446936,
    724639.486288826,
    723105.8994610284,
    722833.956240643,
    721181.6987968454,
    725363.4401767803,
    723069.2724037947,
    722741.5747207601,
    720690.6301198151,
    719760.219084605,
    721350.9114315786,
    723068.79991733,
    724744.4471420669,
    722198.0909181492,
    721072.9214801352,
    722981.6154844492,
    724866.5534146079,
    720069.8960852141,
    721102.9732557569,
    721168.3118078155,
    723727.0918931498,
    724541.4003832861,
    720491.0085395132,
    721960.3663709249,
    726906.3049686387,
    726638.991686256,
    726476.4051915689,
    726933.0777864355,
    722847.6725935702,
    723633.3790233971,
    720201.6291144901,
    724374.3378286362,
    724820.0423372742,
    722674.148413222,
    724340.2842031239,
    725943.8105161921,
    721158.0354747946,
    725475.4242993438,
    719332.0642333515,
    723537.2423169189,
    721850.5945940006,
    720407.6795541946,
    722041.8672652218,
    722689.2041642944,
    725377.4345936554
  ],
  "eval_lengths": [
    10000,
    10000,
    10000,
    10000,
    10000,
    10000,
    10000,
    10000,
    10000,
    10000,
    10000,
    10000,
    10000,
    10000,
    10000,
    10000,
    10000,
    10000,
    10000,
    10000,
    10000,
    10000,
    10000,
    10000,
    10000,
    10000,
    10000,
    10000,
    10000,
    10000,
    10000,
    10000,
    10000,
    10000,
    10000,
    10000,
    10000,
    10000,
    10000,
    10000,
    10000,
    10000,
    10000,
    10000,
    10000,
    10000,
    10000,
    10000,
    10000,
    10000
  ],
  "timestamp": "2026-01-14T16:59:01.536786",
  "mean_lyapunov": 3.323654,
  "mean_lyapunov_drift": 0.000274,
  "mean_drift_l1": 0.08103139130434779,
  "mean_safe_ratio": 0.0,
  "mean_max_load_rate": 0.862500011920929
}