{
  "config_type": "inverted_pyramid",
  "algorithm": "A2C",
  "seed": 45,
  "layer_capacities": [
    8,
    6,
    4,
    3,
    2
  ],
  "total_capacity": 23,
  "arrival_weights": [
    0.3,
    0.25,
    0.2,
    0.15,
    0.1
  ],
  "base_arrival_rate": 13.8,
  "high_load_multiplier": 5.0,
  "mean_reward": 722629.983150315,
  "std_reward": 2210.7309597342282,
  "best_reward": 727329.2491885287,
  "worst_reward": 718287.0310688077,
  "crash_rate": 0.0,
  "completion_rate": 1.0,
  "terminated_count": 0,
  "truncated_count": 50,
  "mean_episode_length": 10000.0,
  "mean_waiting_time": 0.0,
  "mean_utilization": 0.06910513333333333,
  "training_time_minutes": 4.832790732383728,
  "eval_rewards": [
    723709.2931402685,
    718287.0310688077,
    722126.6054705937,
    723475.124240355,
    724187.7312164322,
    724400.2079708673,
    718636.4071377631,
    726254.4249852874,
    721776.7188225893,
    718766.0844212683,
    722288.4084667716,
    721462.1786137056,
    721160.3493170764,
    725899.0760618281,
    724531.1462069915,
    721734.325505093,
    722253.5664400044,
    727329.2491885287,
    721435.1055969001,
    721744.099138864,
    725609.4096946266,
    721138.6269388298,
    721342.1692556919,
    724446.0020529102,
    723249.0950644127,
    723174.0416951113,
    721863.1193348917,
    721786.377381468,
    725324.574384502,
    723095.0925794322,
    723255.5762476161,
    718829.2759425329,
    724193.2449168282,
    726261.1230242231,
    721009.2214800201,
    721829.1703037379,
    721569.3850717186,
    722025.405279974,
    719114.7574646175,
    720261.2453901324,
    723478.8471935838,
    720624.7998745716,
    724537.9597454809,
    722171.1936439666,
    725060.3610446532,
    721685.9238290619,
    725030.0916524626,
    724108.6317436647,
    725658.5684510107,
    718308.7338240192
  ],
  "eval_lengths": [
    10000,
    10000,
    10000,
    10000,
    10000,
    10000,
    10000,
    10000,
    10000,
    10000,
    10000,
    10000,
    10000,
    10000,
    10000,
    10000,
    10000,
    10000,
    10000,
    10000,
    10000,
    10000,
    10000,
    10000,
    10000,
    10000,
    10000,
    10000,
    10000,
    10000,
    10000,
    10000,
    10000,
    10000,
    10000,
    10000,
    10000,
    10000,
    10000,
    10000,
    10000,
    10000,
    10000,
    10000,
    10000,
    10000,
    10000,
    10000,
    10000,
    10000
  ],
  "timestamp": "2026-01-14T11:07:30.589308",
  "mean_lyapunov": 3.968754,
  "mean_lyapunov_drift": 0.000508,
  "mean_drift_l1": 0.08252991304347826,
  "mean_safe_ratio": 0.0,
  "mean_max_load_rate": 0.862500011920929
}