{
  "config_type": "inverted_pyramid",
  "algorithm": "A2C",
  "seed": 64,
  "layer_capacities": [
    8,
    6,
    4,
    3,
    2
  ],
  "total_capacity": 23,
  "arrival_weights": [
    0.3,
    0.25,
    0.2,
    0.15,
    0.1
  ],
  "base_arrival_rate": 13.8,
  "high_load_multiplier": 5.0,
  "mean_reward": 722546.8634182921,
  "std_reward": 1875.8199222862468,
  "best_reward": 727181.2316775416,
  "worst_reward": 717921.4776249288,
  "crash_rate": 0.0,
  "completion_rate": 1.0,
  "terminated_count": 0,
  "truncated_count": 50,
  "mean_episode_length": 10000.0,
  "mean_waiting_time": 0.0,
  "mean_utilization": 0.06887884999999999,
  "training_time_minutes": 5.216982646783193,
  "eval_rewards": [
    724248.1436073657,
    720535.9503196346,
    723467.3743985258,
    717921.4776249288,
    725463.926276115,
    719597.3160514251,
    722548.3287725514,
    724243.476093962,
    723436.6213820212,
    721162.4129326433,
    723802.6045032355,
    721883.1955466283,
    723283.3832910543,
    723994.6300782091,
    727181.2316775416,
    721330.0510114714,
    722557.8907538655,
    720909.4245861288,
    726398.2213829302,
    720701.4991854262,
    720450.1669117124,
    722433.3120927383,
    723361.4961294435,
    722534.1800050067,
    720499.5538509205,
    721636.7352163269,
    721308.4533876735,
    722099.3625363018,
    720314.5513612599,
    720969.0840329434,
    723212.1690366503,
    725242.920202017,
    720527.4208371436,
    725213.4497185841,
    719882.7184819684,
    721791.1725616095,
    726042.9616776132,
    724179.4505227566,
    722966.006470212,
    721579.3767853111,
    722706.934247622,
    721284.5517392243,
    722626.2350430961,
    720831.7956336607,
    722936.2003951914,
    722079.5785654887,
    722964.3386045939,
    725272.8400902903,
    722226.4044318114,
    723502.5908697608
  ],
  "eval_lengths": [
    10000,
    10000,
    10000,
    10000,
    10000,
    10000,
    10000,
    10000,
    10000,
    10000,
    10000,
    10000,
    10000,
    10000,
    10000,
    10000,
    10000,
    10000,
    10000,
    10000,
    10000,
    10000,
    10000,
    10000,
    10000,
    10000,
    10000,
    10000,
    10000,
    10000,
    10000,
    10000,
    10000,
    10000,
    10000,
    10000,
    10000,
    10000,
    10000,
    10000,
    10000,
    10000,
    10000,
    10000,
    10000,
    10000,
    10000,
    10000,
    10000,
    10000
  ],
  "timestamp": "2026-01-14T18:05:27.860324",
  "mean_lyapunov": 3.838714,
  "mean_lyapunov_drift": 0.00026,
  "mean_drift_l1": 0.08164365217391303,
  "mean_safe_ratio": 0.0,
  "mean_max_load_rate": 0.862500011920929
}