{
  "config_type": "inverted_pyramid",
  "algorithm": "A2C",
  "seed": 42,
  "layer_capacities": [
    8,
    6,
    4,
    3,
    2
  ],
  "total_capacity": 23,
  "arrival_weights": [
    0.3,
    0.25,
    0.2,
    0.15,
    0.1
  ],
  "base_arrival_rate": 13.8,
  "high_load_multiplier": 5.0,
  "mean_reward": 726320.2338204028,
  "std_reward": 2523.3298083317477,
  "best_reward": 734159.9194282664,
  "worst_reward": 721517.3171472052,
  "crash_rate": 0.0,
  "completion_rate": 1.0,
  "terminated_count": 0,
  "truncated_count": 50,
  "mean_episode_length": 10000.0,
  "mean_waiting_time": 0.0,
  "mean_utilization": 0.07122774999999999,
  "training_time_minutes": 3.3304969906806945,
  "eval_rewards": [
    726411.6717121818,
    724550.1236009204,
    726227.6508582084,
    721517.3171472052,
    725471.8830468449,
    723180.6195242117,
    729144.772641737,
    725493.6918545879,
    727372.6567891652,
    728032.4827009093,
    725013.6372419484,
    723796.5994524298,
    728742.2073731293,
    726974.5334010838,
    724714.0555335472,
    728994.0230656313,
    724415.6444212965,
    725912.2380039524,
    722991.7142133235,
    729588.5469252001,
    724700.5816392407,
    727266.5377403493,
    724526.3061103883,
    727254.0031040697,
    734159.9194282664,
    724921.2803007397,
    725607.0529061637,
    726521.8734903974,
    728118.6556125975,
    725541.0540883885,
    722792.5966105437,
    723971.4499737091,
    724137.0034721775,
    725414.1844586242,
    727384.246347454,
    723548.9133803903,
    722431.6484429464,
    728119.2778669387,
    723366.8132897345,
    726162.479173896,
    728951.4113248705,
    731308.2343260406,
    730024.3357218463,
    731029.065191077,
    728815.8881536733,
    726900.4466075395,
    726446.3981503173,
    724151.3687019736,
    728456.4973117574,
    725436.0985865257
  ],
  "eval_lengths": [
    10000,
    10000,
    10000,
    10000,
    10000,
    10000,
    10000,
    10000,
    10000,
    10000,
    10000,
    10000,
    10000,
    10000,
    10000,
    10000,
    10000,
    10000,
    10000,
    10000,
    10000,
    10000,
    10000,
    10000,
    10000,
    10000,
    10000,
    10000,
    10000,
    10000,
    10000,
    10000,
    10000,
    10000,
    10000,
    10000,
    10000,
    10000,
    10000,
    10000,
    10000,
    10000,
    10000,
    10000,
    10000,
    10000,
    10000,
    10000,
    10000,
    10000
  ],
  "timestamp": "2026-01-07T11:05:10.951276"
}