{
  "config_type": "inverted_pyramid",
  "algorithm": "A2C",
  "seed": 48,
  "layer_capacities": [
    8,
    6,
    4,
    3,
    2
  ],
  "total_capacity": 23,
  "arrival_weights": [
    0.3,
    0.25,
    0.2,
    0.15,
    0.1
  ],
  "base_arrival_rate": 13.8,
  "high_load_multiplier": 5.0,
  "mean_reward": 726989.5285332502,
  "std_reward": 2417.73092953999,
  "best_reward": 731917.3728796485,
  "worst_reward": 721857.4356834367,
  "crash_rate": 0.0,
  "completion_rate": 1.0,
  "terminated_count": 0,
  "truncated_count": 50,
  "mean_episode_length": 10000.0,
  "mean_waiting_time": 0.0,
  "mean_utilization": 0.0691521,
  "training_time_minutes": 5.269018876552582,
  "eval_rewards": [
    724005.8784626352,
    727840.5103594203,
    728559.326527225,
    727468.3531490829,
    726685.1338720724,
    730421.5519758469,
    731917.3728796485,
    725211.50743709,
    726704.3267460183,
    728121.0064964258,
    724585.8314514466,
    722197.8358154463,
    725659.575085407,
    730776.8474673189,
    726524.357113218,
    725803.8911235122,
    726830.3650973772,
    731172.9168565129,
    729005.0780555414,
    726398.8447732821,
    724743.1699559703,
    723018.42216689,
    726517.1592645592,
    728374.8895501479,
    725186.8679046946,
    727392.598322333,
    724528.605246578,
    726262.0441540411,
    725444.4000769769,
    726513.110263982,
    724338.1247698232,
    727618.5521252711,
    729297.7183134925,
    729549.6146812086,
    721857.4356834367,
    727763.0537544265,
    728661.7261227274,
    730189.955464363,
    730535.4724058335,
    730768.629913735,
    730384.7446030664,
    725047.3351339815,
    722216.0022750008,
    727851.3889585625,
    725004.822887261,
    727393.4483803775,
    727653.8207059416,
    728315.6453777538,
    725723.5721926591,
    725433.5852628879
  ],
  "eval_lengths": [
    10000,
    10000,
    10000,
    10000,
    10000,
    10000,
    10000,
    10000,
    10000,
    10000,
    10000,
    10000,
    10000,
    10000,
    10000,
    10000,
    10000,
    10000,
    10000,
    10000,
    10000,
    10000,
    10000,
    10000,
    10000,
    10000,
    10000,
    10000,
    10000,
    10000,
    10000,
    10000,
    10000,
    10000,
    10000,
    10000,
    10000,
    10000,
    10000,
    10000,
    10000,
    10000,
    10000,
    10000,
    10000,
    10000,
    10000,
    10000,
    10000,
    10000
  ],
  "timestamp": "2026-01-14T12:13:39.671318",
  "mean_lyapunov": 2.33262,
  "mean_lyapunov_drift": 0.000182,
  "mean_drift_l1": 0.07872913043478257,
  "mean_safe_ratio": 0.0,
  "mean_max_load_rate": 0.862500011920929
}