{
  "config_type": "inverted_pyramid",
  "algorithm": "A2C",
  "seed": 51,
  "layer_capacities": [
    8,
    6,
    4,
    3,
    2
  ],
  "total_capacity": 23,
  "arrival_weights": [
    0.3,
    0.25,
    0.2,
    0.15,
    0.1
  ],
  "base_arrival_rate": 13.8,
  "high_load_multiplier": 5.0,
  "mean_reward": 722840.82644767,
  "std_reward": 2113.051198090121,
  "best_reward": 727572.2982997913,
  "worst_reward": 718214.9190393471,
  "crash_rate": 0.0,
  "completion_rate": 1.0,
  "terminated_count": 0,
  "truncated_count": 50,
  "mean_episode_length": 10000.0,
  "mean_waiting_time": 0.0,
  "mean_utilization": 0.06833523333333334,
  "training_time_minutes": 5.214909223715464,
  "eval_rewards": [
    725162.0568027992,
    720942.414633121,
    718214.9190393471,
    720165.0012429924,
    724814.6291380401,
    725665.9258677923,
    722016.8838186972,
    722519.3177081121,
    724937.1546413668,
    724216.248994269,
    720807.7177102419,
    722556.2604138097,
    724737.0469364609,
    724817.4198479613,
    724505.2227894632,
    721480.1893541571,
    724954.0444275859,
    722735.8880490343,
    726147.8147822202,
    721765.2513466852,
    719379.6575457066,
    721274.5470702227,
    723692.1344796956,
    723747.264648999,
    722958.8328760735,
    720516.577773305,
    721962.7949028576,
    721750.3938765689,
    725276.0919103271,
    720471.6066018486,
    718557.3383848893,
    724014.8902198056,
    724599.7217889607,
    720560.4821699136,
    722652.5874788868,
    724437.8921457708,
    721907.4179931082,
    723585.7694625045,
    720822.8471621278,
    721350.6817423715,
    727572.2982997913,
    725838.3311599231,
    724395.4568032117,
    719679.3454626116,
    725048.6144641684,
    723631.8833634204,
    722485.512913404,
    724235.7789709235,
    722671.2382166798,
    719801.9249512604
  ],
  "eval_lengths": [
    10000,
    10000,
    10000,
    10000,
    10000,
    10000,
    10000,
    10000,
    10000,
    10000,
    10000,
    10000,
    10000,
    10000,
    10000,
    10000,
    10000,
    10000,
    10000,
    10000,
    10000,
    10000,
    10000,
    10000,
    10000,
    10000,
    10000,
    10000,
    10000,
    10000,
    10000,
    10000,
    10000,
    10000,
    10000,
    10000,
    10000,
    10000,
    10000,
    10000,
    10000,
    10000,
    10000,
    10000,
    10000,
    10000,
    10000,
    10000,
    10000,
    10000
  ],
  "timestamp": "2026-01-14T13:19:27.401247",
  "mean_lyapunov": 3.641928,
  "mean_lyapunov_drift": 0.00036,
  "mean_drift_l1": 0.08205565217391303,
  "mean_safe_ratio": 0.0,
  "mean_max_load_rate": 0.862500011920929
}