{
  "config_type": "inverted_pyramid",
  "algorithm": "A2C",
  "seed": 63,
  "layer_capacities": [
    8,
    6,
    4,
    3,
    2
  ],
  "total_capacity": 23,
  "arrival_weights": [
    0.3,
    0.25,
    0.2,
    0.15,
    0.1
  ],
  "base_arrival_rate": 13.8,
  "high_load_multiplier": 5.0,
  "mean_reward": 722624.2092933385,
  "std_reward": 2328.755983402544,
  "best_reward": 727682.2402498801,
  "worst_reward": 718092.3699181072,
  "crash_rate": 0.0,
  "completion_rate": 1.0,
  "terminated_count": 0,
  "truncated_count": 50,
  "mean_episode_length": 10000.0,
  "mean_waiting_time": 0.0,
  "mean_utilization": 0.06851926666666666,
  "training_time_minutes": 5.171765311559041,
  "eval_rewards": [
    722039.8659466382,
    720085.1403776977,
    721889.736279771,
    723901.8487541515,
    725337.8243678012,
    724928.4147555671,
    724255.1138025121,
    719827.1452050295,
    723211.8813227403,
    721289.5157796189,
    722527.8866736564,
    722907.9856558639,
    718886.0813138768,
    718731.5703710059,
    723218.2540774895,
    726630.0185663374,
    720571.2930432959,
    721847.3843642093,
    721918.8831529308,
    725671.459021835,
    723205.6682316134,
    727475.5538310894,
    726236.0679703555,
    722710.2222758129,
    721551.0088320309,
    722493.9601543753,
    725261.1653497131,
    721977.4057978457,
    723415.0027264055,
    721597.9895316461,
    720380.4516997972,
    723252.7020704122,
    721665.6789648674,
    721445.2479195942,
    724557.5104630031,
    724759.2925625427,
    725286.7094225708,
    722390.9973206145,
    718600.9585936046,
    720559.914124791,
    721691.3373506463,
    727682.2402498801,
    723328.2656229765,
    725638.5707330853,
    718092.3699181072,
    718798.5537822244,
    721429.2297003404,
    722360.7402279845,
    719394.6314960317,
    724293.7149109353
  ],
  "eval_lengths": [
    10000,
    10000,
    10000,
    10000,
    10000,
    10000,
    10000,
    10000,
    10000,
    10000,
    10000,
    10000,
    10000,
    10000,
    10000,
    10000,
    10000,
    10000,
    10000,
    10000,
    10000,
    10000,
    10000,
    10000,
    10000,
    10000,
    10000,
    10000,
    10000,
    10000,
    10000,
    10000,
    10000,
    10000,
    10000,
    10000,
    10000,
    10000,
    10000,
    10000,
    10000,
    10000,
    10000,
    10000,
    10000,
    10000,
    10000,
    10000,
    10000,
    10000
  ],
  "timestamp": "2026-01-14T17:43:11.544220",
  "mean_lyapunov": 4.043738,
  "mean_lyapunov_drift": 0.000324,
  "mean_drift_l1": 0.0829547826086956,
  "mean_safe_ratio": 0.0,
  "mean_max_load_rate": 0.862500011920929
}