{
  "config_type": "inverted_pyramid",
  "algorithm": "A2C",
  "seed": 71,
  "layer_capacities": [
    8,
    6,
    4,
    3,
    2
  ],
  "total_capacity": 23,
  "arrival_weights": [
    0.3,
    0.25,
    0.2,
    0.15,
    0.1
  ],
  "base_arrival_rate": 13.8,
  "high_load_multiplier": 5.0,
  "mean_reward": 722873.6581233081,
  "std_reward": 2833.742472229093,
  "best_reward": 728776.9119160884,
  "worst_reward": 716821.2376395444,
  "crash_rate": 0.0,
  "completion_rate": 1.0,
  "terminated_count": 0,
  "truncated_count": 50,
  "mean_episode_length": 10000.0,
  "mean_waiting_time": 0.0,
  "mean_utilization": 0.06884043333333334,
  "training_time_minutes": 4.969427073001862,
  "eval_rewards": [
    722296.8528640615,
    721989.4202269552,
    723653.5917199595,
    720948.6815887846,
    725647.0902953412,
    728776.9119160884,
    721858.4467792268,
    719221.8733576786,
    724123.0226769077,
    725067.4139427373,
    719439.6690301207,
    725814.9808952418,
    718604.7070431868,
    718848.6350571387,
    728493.4699213158,
    722113.7983772329,
    722311.7746562966,
    727716.6446099551,
    725790.4341954875,
    725316.2663420975,
    721455.0852403459,
    721361.650747689,
    723835.1382365397,
    726300.7020739085,
    724742.0466501457,
    720611.1529581873,
    716848.3298862346,
    719095.876095299,
    723179.4357892573,
    721475.2395789074,
    723716.7872009103,
    724461.2527742517,
    724234.1372717995,
    722223.106113,
    720577.4473121854,
    721682.2687837026,
    720436.9316894669,
    716821.2376395444,
    719333.8745768415,
    721074.6277676123,
    723943.5440846529,
    722576.2169801269,
    724317.4316283927,
    724841.5362520904,
    723034.8689849701,
    725240.8157202819,
    723111.0127379202,
    727138.1018120147,
    727541.8387333517,
    720437.5253499564
  ],
  "eval_lengths": [
    10000,
    10000,
    10000,
    10000,
    10000,
    10000,
    10000,
    10000,
    10000,
    10000,
    10000,
    10000,
    10000,
    10000,
    10000,
    10000,
    10000,
    10000,
    10000,
    10000,
    10000,
    10000,
    10000,
    10000,
    10000,
    10000,
    10000,
    10000,
    10000,
    10000,
    10000,
    10000,
    10000,
    10000,
    10000,
    10000,
    10000,
    10000,
    10000,
    10000,
    10000,
    10000,
    10000,
    10000,
    10000,
    10000,
    10000,
    10000,
    10000,
    10000
  ],
  "timestamp": "2026-01-14T20:30:42.040966",
  "mean_lyapunov": 3.936742,
  "mean_lyapunov_drift": 0.000336,
  "mean_drift_l1": 0.08245878260869564,
  "mean_safe_ratio": 0.0,
  "mean_max_load_rate": 0.862500011920929
}