{
  "config_type": "inverted_pyramid",
  "algorithm": "A2C",
  "seed": 68,
  "layer_capacities": [
    8,
    6,
    4,
    3,
    2
  ],
  "total_capacity": 23,
  "arrival_weights": [
    0.3,
    0.25,
    0.2,
    0.15,
    0.1
  ],
  "base_arrival_rate": 13.8,
  "high_load_multiplier": 5.0,
  "mean_reward": 724446.5996993163,
  "std_reward": 2028.7157593847971,
  "best_reward": 728209.2363380897,
  "worst_reward": 718352.6383865176,
  "crash_rate": 0.0,
  "completion_rate": 1.0,
  "terminated_count": 0,
  "truncated_count": 50,
  "mean_episode_length": 10000.0,
  "mean_waiting_time": 0.0,
  "mean_utilization": 0.06928855,
  "training_time_minutes": 4.83002998828888,
  "eval_rewards": [
    723804.7932125243,
    723370.7746698959,
    724317.6493873227,
    727149.9267913974,
    725339.8491347791,
    723535.3533661274,
    718352.6383865176,
    728209.2363380897,
    724497.4511561973,
    721993.0492490872,
    720124.7120560716,
    722934.7574355586,
    727188.4858608445,
    725816.9734846692,
    724040.2004129225,
    724504.703417403,
    726476.4487480788,
    723624.7749483285,
    722082.2882523121,
    723334.9977703311,
    728028.4713357192,
    725220.2650117383,
    722394.9289093483,
    725126.6843070787,
    724274.799700133,
    724747.6064776294,
    724685.5370292941,
    723781.1100139575,
    720709.2009861401,
    723209.7773761695,
    727072.0800226316,
    723657.1497139742,
    725401.7959432051,
    724852.1402636392,
    728076.4822760285,
    724935.6631183954,
    725700.1698504838,
    723746.7583026958,
    720132.2759630362,
    725736.8952384506,
    724532.1494736408,
    724075.2891355077,
    726586.4374319892,
    725182.1537107448,
    724201.1386246049,
    727598.7526874642,
    724333.4587546382,
    723411.5781068527,
    725153.2228033936,
    725066.9483187697
  ],
  "eval_lengths": [
    10000,
    10000,
    10000,
    10000,
    10000,
    10000,
    10000,
    10000,
    10000,
    10000,
    10000,
    10000,
    10000,
    10000,
    10000,
    10000,
    10000,
    10000,
    10000,
    10000,
    10000,
    10000,
    10000,
    10000,
    10000,
    10000,
    10000,
    10000,
    10000,
    10000,
    10000,
    10000,
    10000,
    10000,
    10000,
    10000,
    10000,
    10000,
    10000,
    10000,
    10000,
    10000,
    10000,
    10000,
    10000,
    10000,
    10000,
    10000,
    10000,
    10000
  ],
  "timestamp": "2026-01-14T19:27:57.492819",
  "mean_lyapunov": 3.363074,
  "mean_lyapunov_drift": 0.000448,
  "mean_drift_l1": 0.08063182608695653,
  "mean_safe_ratio": 0.0,
  "mean_max_load_rate": 0.862500011920929
}