{
  "config_type": "inverted_pyramid",
  "algorithm": "A2C",
  "seed": 54,
  "layer_capacities": [
    8,
    6,
    4,
    3,
    2
  ],
  "total_capacity": 23,
  "arrival_weights": [
    0.3,
    0.25,
    0.2,
    0.15,
    0.1
  ],
  "base_arrival_rate": 13.8,
  "high_load_multiplier": 5.0,
  "mean_reward": 722857.362183451,
  "std_reward": 2553.2147981079265,
  "best_reward": 727341.3801884216,
  "worst_reward": 716310.4032235786,
  "crash_rate": 0.0,
  "completion_rate": 1.0,
  "terminated_count": 0,
  "truncated_count": 50,
  "mean_episode_length": 10000.0,
  "mean_waiting_time": 0.0,
  "mean_utilization": 0.06810215,
  "training_time_minutes": 5.13054453531901,
  "eval_rewards": [
    719003.9387377527,
    722506.4423894585,
    722508.9471250878,
    726476.9463359823,
    722184.4858948066,
    724448.5912498623,
    727341.3801884216,
    726934.1225369375,
    723757.4795617177,
    719204.601680655,
    721560.5309672127,
    723247.725432096,
    726237.5804244633,
    720236.9117618168,
    719945.8027135904,
    722043.7529672325,
    726336.635892103,
    722816.6090975864,
    720534.183748355,
    718750.2223376629,
    721807.4332508272,
    726731.7523109702,
    716310.4032235786,
    724190.6199922814,
    721848.9697207159,
    720584.3353982145,
    724776.0596515157,
    726350.5393039021,
    722011.8700965982,
    724766.7454655691,
    724620.8734611666,
    719681.8547770642,
    722730.8616536477,
    721199.7429212556,
    721828.1687340015,
    723817.9356116734,
    725188.5626519446,
    724609.2160705131,
    724763.63986613,
    721267.2523011072,
    723553.3555295016,
    723211.1233822597,
    724264.6195518194,
    718858.8958248384,
    720274.4858332225,
    720396.5058746978,
    720632.7964370146,
    724916.734159382,
    726953.9687232544,
    724641.8963510755
  ],
  "eval_lengths": [
    10000,
    10000,
    10000,
    10000,
    10000,
    10000,
    10000,
    10000,
    10000,
    10000,
    10000,
    10000,
    10000,
    10000,
    10000,
    10000,
    10000,
    10000,
    10000,
    10000,
    10000,
    10000,
    10000,
    10000,
    10000,
    10000,
    10000,
    10000,
    10000,
    10000,
    10000,
    10000,
    10000,
    10000,
    10000,
    10000,
    10000,
    10000,
    10000,
    10000,
    10000,
    10000,
    10000,
    10000,
    10000,
    10000,
    10000,
    10000,
    10000,
    10000
  ],
  "timestamp": "2026-01-14T14:24:43.774157",
  "mean_lyapunov": 3.605438,
  "mean_lyapunov_drift": 0.000446,
  "mean_drift_l1": 0.08189886956521734,
  "mean_safe_ratio": 0.0,
  "mean_max_load_rate": 0.862500011920929
}