{
  "config_type": "inverted_pyramid",
  "algorithm": "A2C",
  "seed": 456,
  "layer_capacities": [
    8,
    6,
    4,
    3,
    2
  ],
  "total_capacity": 23,
  "arrival_weights": [
    0.3,
    0.25,
    0.2,
    0.15,
    0.1
  ],
  "base_arrival_rate": 13.8,
  "high_load_multiplier": 5.0,
  "mean_reward": 722486.1716222172,
  "std_reward": 2086.931276546367,
  "best_reward": 729779.3513160757,
  "worst_reward": 719044.8172242204,
  "crash_rate": 0.0,
  "completion_rate": 1.0,
  "terminated_count": 0,
  "truncated_count": 50,
  "mean_episode_length": 10000.0,
  "mean_waiting_time": 0.0,
  "mean_utilization": 0.06837213333333333,
  "training_time_minutes": 7.765697185198466,
  "eval_rewards": [
    724702.9590671526,
    725077.4201822609,
    724943.2593343338,
    721649.5808151801,
    722462.2986805893,
    723946.6530230419,
    720765.6958701058,
    720184.3188012039,
    721113.0797330622,
    724504.971194867,
    723779.7246410081,
    721062.1842084391,
    723596.0963751805,
    720711.2454696738,
    720908.5496997265,
    722824.4918283427,
    723061.6154762318,
    721185.3166041871,
    721494.7985129341,
    720948.7293022725,
    723927.0977074468,
    721971.5275704678,
    724950.0773908684,
    719044.8172242204,
    723062.579846418,
    724794.508772622,
    722129.3384756566,
    719389.5754439929,
    722999.0436956391,
    722380.7277186493,
    724465.4693105472,
    720121.304201207,
    721595.6121229196,
    719718.5472897901,
    719511.977976332,
    724349.6482221285,
    723354.5978357916,
    723812.1832053215,
    722113.047297798,
    723752.050175712,
    720950.9542312225,
    725978.7808135344,
    723369.5545304111,
    719249.5306716494,
    719437.013518423,
    721046.42068386,
    724440.6154802769,
    720969.4871499507,
    722720.1524121333,
    729779.3513160757
  ],
  "eval_lengths": [
    10000,
    10000,
    10000,
    10000,
    10000,
    10000,
    10000,
    10000,
    10000,
    10000,
    10000,
    10000,
    10000,
    10000,
    10000,
    10000,
    10000,
    10000,
    10000,
    10000,
    10000,
    10000,
    10000,
    10000,
    10000,
    10000,
    10000,
    10000,
    10000,
    10000,
    10000,
    10000,
    10000,
    10000,
    10000,
    10000,
    10000,
    10000,
    10000,
    10000,
    10000,
    10000,
    10000,
    10000,
    10000,
    10000,
    10000,
    10000,
    10000,
    10000
  ],
  "timestamp": "2026-01-07T12:05:49.679106"
}