{
  "config_type": "inverted_pyramid",
  "algorithm": "A2C",
  "seed": 43,
  "layer_capacities": [
    8,
    6,
    4,
    3,
    2
  ],
  "total_capacity": 23,
  "arrival_weights": [
    0.3,
    0.25,
    0.2,
    0.15,
    0.1
  ],
  "base_arrival_rate": 13.8,
  "high_load_multiplier": 5.0,
  "mean_reward": 722320.6872516504,
  "std_reward": 2256.536699187931,
  "best_reward": 726807.5118848667,
  "worst_reward": 717073.7419715885,
  "crash_rate": 0.0,
  "completion_rate": 1.0,
  "terminated_count": 0,
  "truncated_count": 50,
  "mean_episode_length": 10000.0,
  "mean_waiting_time": 0.0,
  "mean_utilization": 0.06766646666666666,
  "training_time_minutes": 4.870839774608612,
  "eval_rewards": [
    723082.0934813041,
    722915.1343504421,
    725519.2688772882,
    722596.9668123396,
    726807.5118848667,
    724040.7224575732,
    722618.1594955062,
    721711.61528585,
    724049.9068746528,
    721251.3823834738,
    719509.9699843875,
    725150.5594114953,
    718238.1090219923,
    717257.439480588,
    724186.8851217327,
    723289.0974167493,
    719400.1474526874,
    723551.4737643386,
    721103.4205885011,
    722192.4984204804,
    719692.6136911233,
    723628.7528467336,
    719976.6931861711,
    724010.3207922742,
    723585.962624867,
    721303.0892063447,
    720750.3137770065,
    720149.4457425739,
    720415.973882555,
    724377.9655484376,
    724287.6997806658,
    723647.4282335835,
    726163.3308080595,
    721358.9352948298,
    722647.1536834486,
    722214.987576938,
    719264.8314737843,
    721152.7151021033,
    724192.2519950798,
    723546.1916413294,
    721492.519182835,
    726275.993968875,
    719932.7970562455,
    722300.3245557211,
    722471.9163697833,
    717073.7419715885,
    720485.2180437997,
    726113.536775544,
    723593.7601412184,
    721455.5350627558
  ],
  "eval_lengths": [
    10000,
    10000,
    10000,
    10000,
    10000,
    10000,
    10000,
    10000,
    10000,
    10000,
    10000,
    10000,
    10000,
    10000,
    10000,
    10000,
    10000,
    10000,
    10000,
    10000,
    10000,
    10000,
    10000,
    10000,
    10000,
    10000,
    10000,
    10000,
    10000,
    10000,
    10000,
    10000,
    10000,
    10000,
    10000,
    10000,
    10000,
    10000,
    10000,
    10000,
    10000,
    10000,
    10000,
    10000,
    10000,
    10000,
    10000,
    10000,
    10000,
    10000
  ],
  "timestamp": "2026-01-14T10:26:29.927616",
  "mean_lyapunov": 3.30126,
  "mean_lyapunov_drift": 0.00036,
  "mean_drift_l1": 0.08096452173913041,
  "mean_safe_ratio": 0.0,
  "mean_max_load_rate": 0.862500011920929
}