{
  "config_type": "inverted_pyramid",
  "algorithm": "A2C",
  "seed": 65,
  "layer_capacities": [
    8,
    6,
    4,
    3,
    2
  ],
  "total_capacity": 23,
  "arrival_weights": [
    0.3,
    0.25,
    0.2,
    0.15,
    0.1
  ],
  "base_arrival_rate": 13.8,
  "high_load_multiplier": 5.0,
  "mean_reward": 723223.5123898324,
  "std_reward": 2347.9696448460263,
  "best_reward": 727779.0792797094,
  "worst_reward": 718448.3819041257,
  "crash_rate": 0.0,
  "completion_rate": 1.0,
  "terminated_count": 0,
  "truncated_count": 50,
  "mean_episode_length": 10000.0,
  "mean_waiting_time": 0.0,
  "mean_utilization": 0.06882286666666665,
  "training_time_minutes": 5.180955584843954,
  "eval_rewards": [
    719625.1523609001,
    724031.6677139945,
    721771.9446880727,
    721871.1189919051,
    722388.3840613755,
    727559.153799552,
    726293.8877915136,
    724429.4937426238,
    723293.4203119612,
    718448.3819041257,
    719595.8087882672,
    723431.8658430284,
    723005.379400714,
    721059.2835223295,
    722909.0434562686,
    720166.7259091265,
    725003.9641772732,
    726479.5616924488,
    724238.0268527851,
    719758.2687032004,
    720871.1506889149,
    724962.0274962527,
    722843.8169474631,
    723070.481408732,
    725134.3197380514,
    718872.5985130449,
    721718.1155293273,
    722703.2730282403,
    724176.504957348,
    722181.8705000925,
    719687.0713057274,
    721671.2881336599,
    724221.9734035368,
    723193.5412927424,
    725768.3625905284,
    726928.2485443295,
    722057.7401072725,
    724171.3085140093,
    727357.1667798944,
    720908.5565503646,
    727779.0792797094,
    726285.009550123,
    723161.3073090984,
    725988.6558556502,
    723360.011823547,
    725021.0360391978,
    721752.8224384744,
    723448.3285542489,
    720931.1085541177,
    725588.3103464581
  ],
  "eval_lengths": [
    10000,
    10000,
    10000,
    10000,
    10000,
    10000,
    10000,
    10000,
    10000,
    10000,
    10000,
    10000,
    10000,
    10000,
    10000,
    10000,
    10000,
    10000,
    10000,
    10000,
    10000,
    10000,
    10000,
    10000,
    10000,
    10000,
    10000,
    10000,
    10000,
    10000,
    10000,
    10000,
    10000,
    10000,
    10000,
    10000,
    10000,
    10000,
    10000,
    10000,
    10000,
    10000,
    10000,
    10000,
    10000,
    10000,
    10000,
    10000,
    10000,
    10000
  ],
  "timestamp": "2026-01-14T18:26:20.507116",
  "mean_lyapunov": 3.95007,
  "mean_lyapunov_drift": 0.000386,
  "mean_drift_l1": 0.08236704347826086,
  "mean_safe_ratio": 0.0,
  "mean_max_load_rate": 0.862500011920929
}