{
  "config_type": "inverted_pyramid",
  "algorithm": "A2C",
  "seed": 53,
  "layer_capacities": [
    8,
    6,
    4,
    3,
    2
  ],
  "total_capacity": 23,
  "arrival_weights": [
    0.3,
    0.25,
    0.2,
    0.15,
    0.1
  ],
  "base_arrival_rate": 13.8,
  "high_load_multiplier": 5.0,
  "mean_reward": 723052.1814048142,
  "std_reward": 2096.2033359577867,
  "best_reward": 727133.7225707782,
  "worst_reward": 718719.7385741911,
  "crash_rate": 0.0,
  "completion_rate": 1.0,
  "terminated_count": 0,
  "truncated_count": 50,
  "mean_episode_length": 10000.0,
  "mean_waiting_time": 0.0,
  "mean_utilization": 0.06895816666666668,
  "training_time_minutes": 5.119301513830821,
  "eval_rewards": [
    723398.4138055682,
    719050.2188543206,
    723282.6128170162,
    724724.0655527939,
    721957.1597471552,
    724469.6169811225,
    721723.8711890028,
    721137.8771285632,
    724748.6261778075,
    723708.3246051898,
    721570.7477645378,
    724350.2560998062,
    725569.0189463748,
    721139.2310080373,
    724791.6712767677,
    724176.9085549606,
    722018.7252316567,
    721142.6274537964,
    723432.0695461652,
    721563.5016861699,
    718719.7385741911,
    725868.444865624,
    724111.9828208912,
    725447.3413349981,
    722026.1881080135,
    720767.6505845689,
    727133.7225707782,
    721248.3610431671,
    725424.8303754953,
    725696.8801601707,
    726216.8204205479,
    724124.929142763,
    726873.8108868368,
    722706.6108356836,
    720717.1656843635,
    721182.630246869,
    721151.909131712,
    723932.8490430652,
    721861.1934269523,
    723876.3406236139,
    725912.0769092614,
    723817.5794236171,
    725236.8195983924,
    719613.3152908479,
    721892.7557220125,
    724542.3777211135,
    721821.4920946009,
    721701.0231196856,
    718983.1049712739,
    722043.5810827945
  ],
  "eval_lengths": [
    10000,
    10000,
    10000,
    10000,
    10000,
    10000,
    10000,
    10000,
    10000,
    10000,
    10000,
    10000,
    10000,
    10000,
    10000,
    10000,
    10000,
    10000,
    10000,
    10000,
    10000,
    10000,
    10000,
    10000,
    10000,
    10000,
    10000,
    10000,
    10000,
    10000,
    10000,
    10000,
    10000,
    10000,
    10000,
    10000,
    10000,
    10000,
    10000,
    10000,
    10000,
    10000,
    10000,
    10000,
    10000,
    10000,
    10000,
    10000,
    10000,
    10000
  ],
  "timestamp": "2026-01-14T14:03:00.504178",
  "mean_lyapunov": 3.84494,
  "mean_lyapunov_drift": 0.000472,
  "mean_drift_l1": 0.08175686956521737,
  "mean_safe_ratio": 0.0,
  "mean_max_load_rate": 0.862500011920929
}