{
  "config_type": "inverted_pyramid",
  "algorithm": "A2C",
  "seed": 66,
  "layer_capacities": [
    8,
    6,
    4,
    3,
    2
  ],
  "total_capacity": 23,
  "arrival_weights": [
    0.3,
    0.25,
    0.2,
    0.15,
    0.1
  ],
  "base_arrival_rate": 13.8,
  "high_load_multiplier": 5.0,
  "mean_reward": 722960.0919306433,
  "std_reward": 2624.2186346458307,
  "best_reward": 730169.4632195665,
  "worst_reward": 717650.0014538433,
  "crash_rate": 0.0,
  "completion_rate": 1.0,
  "terminated_count": 0,
  "truncated_count": 50,
  "mean_episode_length": 10000.0,
  "mean_waiting_time": 0.0,
  "mean_utilization": 0.06826871666666666,
  "training_time_minutes": 4.828230686982473,
  "eval_rewards": [
    723761.5473741578,
    724983.242462971,
    723859.0703972171,
    717650.0014538433,
    730169.4632195665,
    723643.3033475155,
    721114.5160450212,
    722630.3210674793,
    720758.1038280046,
    722492.3427865424,
    723497.406672406,
    723811.275570446,
    724631.198589293,
    719562.1665220065,
    724053.8599882883,
    721115.3836205779,
    721161.8011177625,
    724637.9874339384,
    725734.8789954346,
    720755.1139567111,
    718330.8730342648,
    725264.9781691373,
    726328.8931811192,
    721397.6467336986,
    723001.653877449,
    721871.1504731067,
    722857.3648391025,
    723546.3519540787,
    718438.0483857411,
    722058.6284281147,
    723767.7587049968,
    727935.911277256,
    718693.5140217928,
    720492.5716823573,
    726857.9543479002,
    721681.5146965119,
    719571.0725362741,
    720782.5419650234,
    722098.6133066535,
    722770.6145961068,
    723004.6242183404,
    723754.1277661817,
    727276.4009260358,
    722053.3652278315,
    725772.4063584,
    728035.7121802777,
    724177.1907083057,
    723651.7519927237,
    720115.9260569491,
    722392.4504372504
  ],
  "eval_lengths": [
    10000,
    10000,
    10000,
    10000,
    10000,
    10000,
    10000,
    10000,
    10000,
    10000,
    10000,
    10000,
    10000,
    10000,
    10000,
    10000,
    10000,
    10000,
    10000,
    10000,
    10000,
    10000,
    10000,
    10000,
    10000,
    10000,
    10000,
    10000,
    10000,
    10000,
    10000,
    10000,
    10000,
    10000,
    10000,
    10000,
    10000,
    10000,
    10000,
    10000,
    10000,
    10000,
    10000,
    10000,
    10000,
    10000,
    10000,
    10000,
    10000,
    10000
  ],
  "timestamp": "2026-01-14T18:46:44.440658",
  "mean_lyapunov": 4.03365,
  "mean_lyapunov_drift": 0.000232,
  "mean_drift_l1": 0.08278347826086956,
  "mean_safe_ratio": 0.0,
  "mean_max_load_rate": 0.862500011920929
}