{
  "config_type": "inverted_pyramid",
  "algorithm": "A2C",
  "seed": 42,
  "layer_capacities": [
    8,
    6,
    4,
    3,
    2
  ],
  "total_capacity": 23,
  "arrival_weights": [
    0.3,
    0.25,
    0.2,
    0.15,
    0.1
  ],
  "base_arrival_rate": 13.8,
  "high_load_multiplier": 5.0,
  "mean_reward": 724316.4165689609,
  "std_reward": 2570.0101717764906,
  "best_reward": 731187.8888138873,
  "worst_reward": 720175.9888270772,
  "crash_rate": 0.0,
  "completion_rate": 1.0,
  "terminated_count": 0,
  "truncated_count": 50,
  "mean_episode_length": 10000.0,
  "mean_waiting_time": 0.0,
  "mean_utilization": 0.07057643333333333,
  "training_time_minutes": 4.857322676976522,
  "eval_rewards": [
    724388.8044362676,
    722572.0430038241,
    723898.4331607415,
    721006.6478178512,
    722093.0955815472,
    720652.2672208989,
    726386.7592075021,
    722547.4636716446,
    725164.5982402554,
    726494.0840928521,
    721433.607151445,
    722105.5276365248,
    727140.0404452443,
    726690.8205663401,
    722244.104637902,
    729063.0780097892,
    720175.9888270772,
    722516.3634705716,
    720194.3262082004,
    726492.4675438945,
    723637.4727042072,
    725570.6298611503,
    724190.8237801535,
    723600.3287699946,
    731187.8888138873,
    721398.793700445,
    722542.2117584606,
    724151.5396060931,
    727433.5486547417,
    724951.9333419146,
    721861.4745675902,
    722716.7540395412,
    721954.1507499309,
    725298.7732224659,
    725258.999524184,
    721171.1677269308,
    721867.9829314313,
    724043.9932676964,
    722476.370063598,
    725431.0989973517,
    727066.6103261809,
    729434.9889533764,
    727365.6001082951,
    728181.517504757,
    726152.1681945575,
    726780.9308100572,
    725852.5302790842,
    722009.1563484339,
    726173.3856854826,
    722797.4832256803
  ],
  "eval_lengths": [
    10000,
    10000,
    10000,
    10000,
    10000,
    10000,
    10000,
    10000,
    10000,
    10000,
    10000,
    10000,
    10000,
    10000,
    10000,
    10000,
    10000,
    10000,
    10000,
    10000,
    10000,
    10000,
    10000,
    10000,
    10000,
    10000,
    10000,
    10000,
    10000,
    10000,
    10000,
    10000,
    10000,
    10000,
    10000,
    10000,
    10000,
    10000,
    10000,
    10000,
    10000,
    10000,
    10000,
    10000,
    10000,
    10000,
    10000,
    10000,
    10000,
    10000
  ],
  "timestamp": "2026-01-14T10:05:48.820785",
  "mean_lyapunov": 3.715454,
  "mean_lyapunov_drift": 0.000452,
  "mean_drift_l1": 0.0816495652173913,
  "mean_safe_ratio": 0.0,
  "mean_max_load_rate": 0.862500011920929
}