{
  "config_type": "inverted_pyramid",
  "algorithm": "A2C",
  "seed": 47,
  "layer_capacities": [
    8,
    6,
    4,
    3,
    2
  ],
  "total_capacity": 23,
  "arrival_weights": [
    0.3,
    0.25,
    0.2,
    0.15,
    0.1
  ],
  "base_arrival_rate": 13.8,
  "high_load_multiplier": 5.0,
  "mean_reward": 725297.6936065474,
  "std_reward": 2171.9122149224736,
  "best_reward": 729270.466220079,
  "worst_reward": 720210.1435767908,
  "crash_rate": 0.0,
  "completion_rate": 1.0,
  "terminated_count": 0,
  "truncated_count": 50,
  "mean_episode_length": 10000.0,
  "mean_waiting_time": 0.0,
  "mean_utilization": 0.06940476666666666,
  "training_time_minutes": 5.2118023117383325,
  "eval_rewards": [
    720624.7731801644,
    726274.0975275398,
    726730.998409808,
    727048.1274840803,
    728107.4968014465,
    723449.3533182356,
    725725.5596830728,
    726097.6661016179,
    726376.2421719624,
    725835.4495494927,
    724319.2649053836,
    723850.9331058842,
    727547.6062021053,
    722815.8047871443,
    723190.294461959,
    723876.112190659,
    726269.8331435529,
    723951.2608969155,
    724463.8690871584,
    721650.7769610088,
    723164.0501296419,
    726753.2225345322,
    723804.1082867556,
    724889.7215359075,
    723966.3712409998,
    727574.0510422774,
    727435.5108312822,
    726291.9427911226,
    726415.8296442223,
    727417.2537512459,
    723663.9124050691,
    723995.0356861808,
    726797.2053176385,
    729270.466220079,
    724705.3464452472,
    724502.4897934245,
    728223.6809829178,
    724176.7821728853,
    725510.1266080264,
    723628.7150614645,
    720210.1435767908,
    728069.1102933582,
    729217.3008228815,
    724483.9743731087,
    727966.2690556443,
    720614.1947841039,
    725948.3404188425,
    725482.3041013393,
    723740.4477533358,
    728761.2526978605
  ],
  "eval_lengths": [
    10000,
    10000,
    10000,
    10000,
    10000,
    10000,
    10000,
    10000,
    10000,
    10000,
    10000,
    10000,
    10000,
    10000,
    10000,
    10000,
    10000,
    10000,
    10000,
    10000,
    10000,
    10000,
    10000,
    10000,
    10000,
    10000,
    10000,
    10000,
    10000,
    10000,
    10000,
    10000,
    10000,
    10000,
    10000,
    10000,
    10000,
    10000,
    10000,
    10000,
    10000,
    10000,
    10000,
    10000,
    10000,
    10000,
    10000,
    10000,
    10000,
    10000
  ],
  "timestamp": "2026-01-14T11:51:42.149219",
  "mean_lyapunov": 3.361932,
  "mean_lyapunov_drift": 0.00044,
  "mean_drift_l1": 0.08086086956521739,
  "mean_safe_ratio": 0.0,
  "mean_max_load_rate": 0.862500011920929
}