{
  "config_type": "inverted_pyramid",
  "algorithm": "A2C",
  "seed": 59,
  "layer_capacities": [
    8,
    6,
    4,
    3,
    2
  ],
  "total_capacity": 23,
  "arrival_weights": [
    0.3,
    0.25,
    0.2,
    0.15,
    0.1
  ],
  "base_arrival_rate": 13.8,
  "high_load_multiplier": 5.0,
  "mean_reward": 722353.7181226067,
  "std_reward": 2675.45136599533,
  "best_reward": 730067.2510687079,
  "worst_reward": 717511.3696430358,
  "crash_rate": 0.0,
  "completion_rate": 1.0,
  "terminated_count": 0,
  "truncated_count": 50,
  "mean_episode_length": 10000.0,
  "mean_waiting_time": 0.0,
  "mean_utilization": 0.06837748333333332,
  "training_time_minutes": 5.111474100748698,
  "eval_rewards": [
    723048.7191032246,
    720554.7980222212,
    722385.3369552183,
    721325.004024401,
    721391.0237189127,
    724616.3407878577,
    723271.1073312592,
    721573.915358192,
    720822.0662195325,
    727369.1779414152,
    721293.9165349561,
    720428.4554377077,
    724246.1283706706,
    718178.8112102293,
    722600.9906956551,
    723599.300902831,
    720725.2798497636,
    719114.8187636205,
    723634.9546914009,
    720287.4883535174,
    720974.943804657,
    719658.0959613124,
    721177.1287439524,
    722372.6108350942,
    728856.7880838278,
    717511.3696430358,
    722259.8984496156,
    725999.0877096826,
    718247.9224962164,
    730067.2510687079,
    718929.3037936789,
    725134.5956051061,
    723645.7423627087,
    725116.6746362078,
    724066.339948176,
    725867.7614792953,
    719970.954506841,
    721641.6690283507,
    722674.3703153583,
    727446.0172666968,
    720321.2340938823,
    719772.3940437225,
    721038.1835581379,
    719628.5934498999,
    724024.0024801467,
    724282.7395841383,
    722091.5808991815,
    721118.0722985313,
    721216.2351832376,
    722106.7105283526
  ],
  "eval_lengths": [
    10000,
    10000,
    10000,
    10000,
    10000,
    10000,
    10000,
    10000,
    10000,
    10000,
    10000,
    10000,
    10000,
    10000,
    10000,
    10000,
    10000,
    10000,
    10000,
    10000,
    10000,
    10000,
    10000,
    10000,
    10000,
    10000,
    10000,
    10000,
    10000,
    10000,
    10000,
    10000,
    10000,
    10000,
    10000,
    10000,
    10000,
    10000,
    10000,
    10000,
    10000,
    10000,
    10000,
    10000,
    10000,
    10000,
    10000,
    10000,
    10000,
    10000
  ],
  "timestamp": "2026-01-14T16:14:35.880045",
  "mean_lyapunov": 4.045172,
  "mean_lyapunov_drift": 0.000382,
  "mean_drift_l1": 0.08281069565217387,
  "mean_safe_ratio": 0.0,
  "mean_max_load_rate": 0.862500011920929
}