{
  "config_type": "inverted_pyramid",
  "algorithm": "A2C",
  "seed": 56,
  "layer_capacities": [
    8,
    6,
    4,
    3,
    2
  ],
  "total_capacity": 23,
  "arrival_weights": [
    0.3,
    0.25,
    0.2,
    0.15,
    0.1
  ],
  "base_arrival_rate": 13.8,
  "high_load_multiplier": 5.0,
  "mean_reward": 722616.5955044054,
  "std_reward": 2321.1167833668464,
  "best_reward": 727593.0061275939,
  "worst_reward": 717350.8335609693,
  "crash_rate": 0.0,
  "completion_rate": 1.0,
  "terminated_count": 0,
  "truncated_count": 50,
  "mean_episode_length": 10000.0,
  "mean_waiting_time": 0.0,
  "mean_utilization": 0.06893398333333332,
  "training_time_minutes": 5.269086082776387,
  "eval_rewards": [
    719883.2438385109,
    721992.7352698672,
    718291.1860989014,
    719237.8193300205,
    722579.3494881255,
    721751.7639681505,
    719807.4083877266,
    725939.3633277414,
    727107.2969853088,
    717350.8335609693,
    720667.264995068,
    720653.9937157545,
    725256.0515039127,
    722708.8877370241,
    718970.7725106757,
    720015.4865582339,
    724613.8060119477,
    722177.1662300555,
    723235.2670966157,
    726959.9822640546,
    722205.0119074429,
    723168.2880482062,
    721467.6270131783,
    723808.3886616271,
    722515.1585844139,
    724719.661556135,
    724798.1376106797,
    724721.1760790849,
    722057.9588420457,
    721877.8913243249,
    721544.5389636274,
    723660.6922758443,
    723442.2199948954,
    719477.1512319078,
    721121.5682006177,
    723108.7958050388,
    724182.2300822583,
    726198.830380793,
    721162.4322808216,
    721778.1503931158,
    722855.2756478497,
    722573.3910817946,
    725470.3537140993,
    721900.2898146008,
    723149.029500559,
    719602.5473214955,
    721597.0235307227,
    727593.0061275939,
    724945.5338376476,
    724927.7365291837
  ],
  "eval_lengths": [
    10000,
    10000,
    10000,
    10000,
    10000,
    10000,
    10000,
    10000,
    10000,
    10000,
    10000,
    10000,
    10000,
    10000,
    10000,
    10000,
    10000,
    10000,
    10000,
    10000,
    10000,
    10000,
    10000,
    10000,
    10000,
    10000,
    10000,
    10000,
    10000,
    10000,
    10000,
    10000,
    10000,
    10000,
    10000,
    10000,
    10000,
    10000,
    10000,
    10000,
    10000,
    10000,
    10000,
    10000,
    10000,
    10000,
    10000,
    10000,
    10000,
    10000
  ],
  "timestamp": "2026-01-14T15:08:38.039922",
  "mean_lyapunov": 3.851288,
  "mean_lyapunov_drift": 0.000398,
  "mean_drift_l1": 0.08174652173913041,
  "mean_safe_ratio": 0.0,
  "mean_max_load_rate": 0.862500011920929
}