{
  "config_type": "inverted_pyramid",
  "algorithm": "A2C",
  "seed": 67,
  "layer_capacities": [
    8,
    6,
    4,
    3,
    2
  ],
  "total_capacity": 23,
  "arrival_weights": [
    0.3,
    0.25,
    0.2,
    0.15,
    0.1
  ],
  "base_arrival_rate": 13.8,
  "high_load_multiplier": 5.0,
  "mean_reward": 723124.9576498148,
  "std_reward": 2145.111733775689,
  "best_reward": 728020.6414625667,
  "worst_reward": 718319.7238554634,
  "crash_rate": 0.0,
  "completion_rate": 1.0,
  "terminated_count": 0,
  "truncated_count": 50,
  "mean_episode_length": 10000.0,
  "mean_waiting_time": 0.0,
  "mean_utilization": 0.06805048333333334,
  "training_time_minutes": 4.861327997843424,
  "eval_rewards": [
    721527.773870341,
    725380.8699589885,
    725402.2209919115,
    726609.3792905011,
    722080.6529036806,
    722401.6265584474,
    725374.8887858514,
    724819.7370851584,
    719748.8091432569,
    724878.9293094102,
    725209.3051166305,
    723862.8995059233,
    722546.6369843262,
    723357.8126619804,
    721068.2630799046,
    718319.7238554634,
    721180.1300026323,
    723499.9885000185,
    728020.6414625667,
    719098.5906228769,
    722998.3086029503,
    721049.5779090389,
    724438.8478237385,
    723056.341797367,
    722967.8188134097,
    724006.5120299868,
    720031.9332344115,
    723885.7114358229,
    721827.4179362013,
    725835.3490886547,
    721740.0730207381,
    724253.121433665,
    722433.0148249427,
    719924.7904552484,
    721453.5202365248,
    720222.3938275715,
    723825.2785132111,
    724731.2809193314,
    723854.8298059248,
    725420.8932332612,
    723939.8924055672,
    723181.883138147,
    725100.37245034,
    726351.3834398938,
    724976.7799549336,
    719862.744251489,
    720424.367503921,
    725238.5678034292,
    721289.5645522479,
    723536.4323589038
  ],
  "eval_lengths": [
    10000,
    10000,
    10000,
    10000,
    10000,
    10000,
    10000,
    10000,
    10000,
    10000,
    10000,
    10000,
    10000,
    10000,
    10000,
    10000,
    10000,
    10000,
    10000,
    10000,
    10000,
    10000,
    10000,
    10000,
    10000,
    10000,
    10000,
    10000,
    10000,
    10000,
    10000,
    10000,
    10000,
    10000,
    10000,
    10000,
    10000,
    10000,
    10000,
    10000,
    10000,
    10000,
    10000,
    10000,
    10000,
    10000,
    10000,
    10000,
    10000,
    10000
  ],
  "timestamp": "2026-01-14T19:07:16.493243",
  "mean_lyapunov": 3.619772,
  "mean_lyapunov_drift": 0.000398,
  "mean_drift_l1": 0.08184843478260867,
  "mean_safe_ratio": 0.0,
  "mean_max_load_rate": 0.862500011920929
}