{
  "config_type": "inverted_pyramid",
  "algorithm": "A2C",
  "seed": 49,
  "layer_capacities": [
    8,
    6,
    4,
    3,
    2
  ],
  "total_capacity": 23,
  "arrival_weights": [
    0.3,
    0.25,
    0.2,
    0.15,
    0.1
  ],
  "base_arrival_rate": 13.8,
  "high_load_multiplier": 5.0,
  "mean_reward": 723483.8699344571,
  "std_reward": 2340.607376557901,
  "best_reward": 728823.4059229278,
  "worst_reward": 719415.9765319212,
  "crash_rate": 0.0,
  "completion_rate": 1.0,
  "terminated_count": 0,
  "truncated_count": 50,
  "mean_episode_length": 10000.0,
  "mean_waiting_time": 0.0,
  "mean_utilization": 0.06857465,
  "training_time_minutes": 5.228302935759227,
  "eval_rewards": [
    721152.7184728783,
    723833.2098166256,
    723610.5013594242,
    723112.7880173096,
    720396.2111747889,
    723754.6944594159,
    721678.3059952335,
    725615.2362092076,
    722094.1128837797,
    725958.6333948948,
    725531.9462180192,
    725741.4737452368,
    723555.6123286893,
    720935.9852033192,
    721402.5211209623,
    723453.1542787168,
    719415.9765319212,
    725891.7028017015,
    723567.7844341866,
    728823.4059229278,
    724144.1353963709,
    722875.9828972743,
    719544.4905131644,
    720911.0998666994,
    723223.8730006228,
    725518.8445975812,
    725235.7036044368,
    722484.0318838665,
    724876.3698764358,
    719655.7142589943,
    728171.9937872777,
    727747.4038058822,
    719983.2190066006,
    723884.9499918144,
    722079.0315571795,
    721889.1822768857,
    722920.3824838294,
    724752.9382671037,
    722959.0990818683,
    727380.1642312001,
    722716.5654561473,
    724368.6965698471,
    720466.8407584924,
    726537.5580096964,
    726406.5183842246,
    724079.9915483812,
    723348.4766445233,
    719817.9293998171,
    725251.2341279621,
    721435.101069438
  ],
  "eval_lengths": [
    10000,
    10000,
    10000,
    10000,
    10000,
    10000,
    10000,
    10000,
    10000,
    10000,
    10000,
    10000,
    10000,
    10000,
    10000,
    10000,
    10000,
    10000,
    10000,
    10000,
    10000,
    10000,
    10000,
    10000,
    10000,
    10000,
    10000,
    10000,
    10000,
    10000,
    10000,
    10000,
    10000,
    10000,
    10000,
    10000,
    10000,
    10000,
    10000,
    10000,
    10000,
    10000,
    10000,
    10000,
    10000,
    10000,
    10000,
    10000,
    10000,
    10000
  ],
  "timestamp": "2026-01-14T12:35:26.861730",
  "mean_lyapunov": 3.134984,
  "mean_lyapunov_drift": 0.000348,
  "mean_drift_l1": 0.08017008695652171,
  "mean_safe_ratio": 0.0,
  "mean_max_load_rate": 0.862500011920929
}