{
  "config_type": "inverted_pyramid",
  "algorithm": "PPO",
  "seed": 57,
  "layer_capacities": [
    8,
    6,
    4,
    3,
    2
  ],
  "total_capacity": 23,
  "arrival_weights": [
    0.3,
    0.25,
    0.2,
    0.15,
    0.1
  ],
  "base_arrival_rate": 13.8,
  "high_load_multiplier": 5.0,
  "mean_reward": 722680.0533941075,
  "std_reward": 2200.8315810818312,
  "best_reward": 728622.8282487007,
  "worst_reward": 717878.6952949131,
  "crash_rate": 0.0,
  "completion_rate": 1.0,
  "terminated_count": 0,
  "truncated_count": 50,
  "mean_episode_length": 10000.0,
  "mean_waiting_time": 0.0,
  "mean_utilization": 0.06852401666666666,
  "training_time_minutes": 6.510632359981537,
  "eval_rewards": [
    723020.618964062,
    724689.9601327212,
    722584.3556806202,
    719226.028626718,
    721808.8575763362,
    721444.9864695459,
    724923.6988284729,
    717878.6952949131,
    722996.50323258,
    720379.8713132202,
    721505.0933455336,
    724435.0260827668,
    722402.9220787364,
    723566.1020822357,
    726519.836502463,
    723236.8845802532,
    719694.7587577812,
    721808.6199389942,
    723161.060385673,
    722399.2077142337,
    725297.2890362133,
    722322.7721147432,
    722842.4350263209,
    724249.8266479984,
    723150.8053224833,
    721053.3904930932,
    723345.1065338172,
    721408.5174858965,
    727221.8660602364,
    718672.6566190401,
    728622.8282487007,
    722956.8705148939,
    724184.370008284,
    724009.9732523783,
    720563.4096325632,
    723472.5017798251,
    720316.7723292091,
    722440.9893592432,
    722280.6662874176,
    721926.0271938248,
    725685.6472463736,
    719910.1785230988,
    720351.4366510467,
    723980.5367641794,
    722025.8829118451,
    723998.2625812761,
    718916.9648425529,
    725999.3891329773,
    724398.2999099108,
    720713.9096080725
  ],
  "eval_lengths": [
    10000,
    10000,
    10000,
    10000,
    10000,
    10000,
    10000,
    10000,
    10000,
    10000,
    10000,
    10000,
    10000,
    10000,
    10000,
    10000,
    10000,
    10000,
    10000,
    10000,
    10000,
    10000,
    10000,
    10000,
    10000,
    10000,
    10000,
    10000,
    10000,
    10000,
    10000,
    10000,
    10000,
    10000,
    10000,
    10000,
    10000,
    10000,
    10000,
    10000,
    10000,
    10000,
    10000,
    10000,
    10000,
    10000,
    10000,
    10000,
    10000,
    10000
  ],
  "timestamp": "2026-01-15T02:27:38.710296",
  "mean_lyapunov": 4.06052,
  "mean_lyapunov_drift": 0.000234,
  "mean_drift_l1": 0.08301660869565218,
  "mean_safe_ratio": 0.0,
  "mean_max_load_rate": 0.8625016754360199
}