{
  "config_type": "inverted_pyramid",
  "algorithm": "PPO",
  "seed": 52,
  "layer_capacities": [
    8,
    6,
    4,
    3,
    2
  ],
  "total_capacity": 23,
  "arrival_weights": [
    0.3,
    0.25,
    0.2,
    0.15,
    0.1
  ],
  "base_arrival_rate": 13.8,
  "high_load_multiplier": 5.0,
  "mean_reward": 722699.1475583753,
  "std_reward": 2506.6941018611546,
  "best_reward": 728272.1517245817,
  "worst_reward": 717670.7834444557,
  "crash_rate": 0.0,
  "completion_rate": 1.0,
  "terminated_count": 0,
  "truncated_count": 50,
  "mean_episode_length": 10000.0,
  "mean_waiting_time": 0.0,
  "mean_utilization": 0.06910898333333333,
  "training_time_minutes": 6.5508478363355005,
  "eval_rewards": [
    717729.5487308949,
    724899.5669088803,
    722261.116644784,
    722577.586014442,
    720128.8461774323,
    725266.4982629888,
    724535.7019464419,
    723114.8372743417,
    719964.6298933707,
    717670.7834444557,
    725506.9636813479,
    725675.7834640238,
    723111.7201524263,
    721622.6584159038,
    725354.5154482976,
    725218.8091542376,
    726225.9636827767,
    721852.661986284,
    722393.0431795724,
    723869.690275959,
    723761.8468568609,
    724438.5584028091,
    722255.6880345475,
    720249.2277222965,
    722838.0370583731,
    723973.6519960403,
    726529.0767683365,
    721610.6403431111,
    723366.528303542,
    718731.8071705183,
    718961.7532947203,
    721752.1490970448,
    725602.0838167999,
    721981.0339128154,
    724057.4917415045,
    721243.2790147546,
    728272.1517245817,
    721088.8127955432,
    726872.7884748805,
    718878.9159338481,
    722860.5791685025,
    720781.8269931171,
    721903.9672693707,
    719616.2541413903,
    722443.3671732796,
    721480.3768353987,
    724516.385381437,
    726434.0352272475,
    718971.8844219134,
    720502.2541053148
  ],
  "eval_lengths": [
    10000,
    10000,
    10000,
    10000,
    10000,
    10000,
    10000,
    10000,
    10000,
    10000,
    10000,
    10000,
    10000,
    10000,
    10000,
    10000,
    10000,
    10000,
    10000,
    10000,
    10000,
    10000,
    10000,
    10000,
    10000,
    10000,
    10000,
    10000,
    10000,
    10000,
    10000,
    10000,
    10000,
    10000,
    10000,
    10000,
    10000,
    10000,
    10000,
    10000,
    10000,
    10000,
    10000,
    10000,
    10000,
    10000,
    10000,
    10000,
    10000,
    10000
  ],
  "timestamp": "2026-01-15T00:35:54.855289",
  "mean_lyapunov": 3.843356,
  "mean_lyapunov_drift": 0.000322,
  "mean_drift_l1": 0.08181991304347824,
  "mean_safe_ratio": 0.0,
  "mean_max_load_rate": 0.8625018989117146
}