{
  "config_type": "inverted_pyramid",
  "algorithm": "PPO",
  "seed": 62,
  "layer_capacities": [
    8,
    6,
    4,
    3,
    2
  ],
  "total_capacity": 23,
  "arrival_weights": [
    0.3,
    0.25,
    0.2,
    0.15,
    0.1
  ],
  "base_arrival_rate": 13.8,
  "high_load_multiplier": 5.0,
  "mean_reward": 722334.9057557944,
  "std_reward": 2418.422704994761,
  "best_reward": 728591.971093462,
  "worst_reward": 717819.1368618129,
  "crash_rate": 0.0,
  "completion_rate": 1.0,
  "terminated_count": 0,
  "truncated_count": 50,
  "mean_episode_length": 10000.0,
  "mean_waiting_time": 0.0,
  "mean_utilization": 0.06830531666666667,
  "training_time_minutes": 6.4696081678072614,
  "eval_rewards": [
    721147.8911385813,
    725193.0066723495,
    717819.1368618129,
    719909.7128597571,
    725846.5102472483,
    724851.9723829537,
    722919.4229054984,
    725500.4373282768,
    723306.2581833096,
    726646.5841674596,
    722327.4176029658,
    723631.4303967865,
    725548.4427059484,
    719466.4888751484,
    723460.0970552213,
    722469.7234027227,
    718552.143138146,
    723314.3021362182,
    723209.0695112692,
    721414.4064250956,
    725153.6405755592,
    728591.971093462,
    725044.771967065,
    721403.4892962768,
    719202.4359025079,
    721322.571256958,
    721151.9754540242,
    717872.914830177,
    721963.7490899743,
    722409.7610244276,
    721397.9306417427,
    720932.0696546786,
    720687.7472530853,
    722168.3901611369,
    722830.8857306754,
    718421.0103308321,
    722391.3552554351,
    722313.6630476938,
    723282.5826737621,
    720334.8457250738,
    719335.8389557822,
    719269.0316975042,
    723424.6526967505,
    723087.4284930655,
    720680.8156063339,
    719945.4303539929,
    722262.5616291196,
    723872.310004679,
    722123.3840908764,
    727331.6193002956
  ],
  "eval_lengths": [
    10000,
    10000,
    10000,
    10000,
    10000,
    10000,
    10000,
    10000,
    10000,
    10000,
    10000,
    10000,
    10000,
    10000,
    10000,
    10000,
    10000,
    10000,
    10000,
    10000,
    10000,
    10000,
    10000,
    10000,
    10000,
    10000,
    10000,
    10000,
    10000,
    10000,
    10000,
    10000,
    10000,
    10000,
    10000,
    10000,
    10000,
    10000,
    10000,
    10000,
    10000,
    10000,
    10000,
    10000,
    10000,
    10000,
    10000,
    10000,
    10000,
    10000
  ],
  "timestamp": "2026-01-15T04:19:11.416219",
  "mean_lyapunov": 4.024956,
  "mean_lyapunov_drift": 0.000342,
  "mean_drift_l1": 0.08284356521739128,
  "mean_safe_ratio": 0.0,
  "mean_max_load_rate": 0.8625014886467457
}