{
  "config_type": "inverted_pyramid",
  "algorithm": "PPO",
  "seed": 67,
  "layer_capacities": [
    8,
    6,
    4,
    3,
    2
  ],
  "total_capacity": 23,
  "arrival_weights": [
    0.3,
    0.25,
    0.2,
    0.15,
    0.1
  ],
  "base_arrival_rate": 13.8,
  "high_load_multiplier": 5.0,
  "mean_reward": 722879.0398546342,
  "std_reward": 2148.7701603577507,
  "best_reward": 727602.7343271347,
  "worst_reward": 716937.1208602306,
  "crash_rate": 0.0,
  "completion_rate": 1.0,
  "terminated_count": 0,
  "truncated_count": 50,
  "mean_episode_length": 10000.0,
  "mean_waiting_time": 0.0,
  "mean_utilization": 0.06827511666666668,
  "training_time_minutes": 6.597209906578064,
  "eval_rewards": [
    722481.5518916097,
    725993.5818236964,
    722761.3467607971,
    721380.1437332537,
    725627.716377249,
    725164.193045565,
    720024.2342165838,
    725113.3093798361,
    724835.7187960446,
    722377.523560814,
    723475.2719275233,
    725202.0273213673,
    721114.9116608779,
    716937.1208602306,
    722073.2725645256,
    723435.8542483439,
    727602.7343271347,
    718804.7327583918,
    722442.1083310513,
    720514.4499053292,
    723979.4129988863,
    722918.9011410772,
    722516.0136975797,
    723774.6285629178,
    720403.0220166133,
    724533.3296709558,
    721940.8729956446,
    725241.3726428931,
    719411.1298739155,
    724985.8334610575,
    723314.2125572419,
    720588.0380642001,
    722158.728018182,
    720049.0161453853,
    722391.6865968485,
    723825.9343693552,
    723578.900749135,
    724377.7148734969,
    722647.2648525642,
    722453.1681103832,
    724491.6334815937,
    724283.2454352245,
    725982.2915412264,
    719570.859782006,
    720613.2129530917,
    726487.969645098,
    721340.4467791935,
    723271.9366660456,
    723449.4691283136,
    722009.9424313607
  ],
  "eval_lengths": [
    10000,
    10000,
    10000,
    10000,
    10000,
    10000,
    10000,
    10000,
    10000,
    10000,
    10000,
    10000,
    10000,
    10000,
    10000,
    10000,
    10000,
    10000,
    10000,
    10000,
    10000,
    10000,
    10000,
    10000,
    10000,
    10000,
    10000,
    10000,
    10000,
    10000,
    10000,
    10000,
    10000,
    10000,
    10000,
    10000,
    10000,
    10000,
    10000,
    10000,
    10000,
    10000,
    10000,
    10000,
    10000,
    10000,
    10000,
    10000,
    10000,
    10000
  ],
  "timestamp": "2026-01-15T06:09:38.375587",
  "mean_lyapunov": 4.028178,
  "mean_lyapunov_drift": 0.000312,
  "mean_drift_l1": 0.08273808695652175,
  "mean_safe_ratio": 0.0,
  "mean_max_load_rate": 0.8625036375778914
}