{
  "config_type": "inverted_pyramid",
  "algorithm": "PPO",
  "seed": 45,
  "layer_capacities": [
    8,
    6,
    4,
    3,
    2
  ],
  "total_capacity": 23,
  "arrival_weights": [
    0.3,
    0.25,
    0.2,
    0.15,
    0.1
  ],
  "base_arrival_rate": 13.8,
  "high_load_multiplier": 5.0,
  "mean_reward": 722292.9086275304,
  "std_reward": 2453.345467444571,
  "best_reward": 726427.081077641,
  "worst_reward": 716469.8479366346,
  "crash_rate": 0.0,
  "completion_rate": 1.0,
  "terminated_count": 0,
  "truncated_count": 50,
  "mean_episode_length": 10000.0,
  "mean_waiting_time": 0.0,
  "mean_utilization": 0.06848941666666666,
  "training_time_minutes": 6.577549270788828,
  "eval_rewards": [
    724308.4497828014,
    722847.0513087801,
    724090.9378167678,
    722930.9144819145,
    721265.9054628748,
    725501.9326722005,
    721881.6251244639,
    718681.7439807507,
    722552.4831466271,
    718854.7544738328,
    722016.4436040485,
    726427.081077641,
    722889.0374504926,
    723058.8320666235,
    721548.9412604565,
    726281.922789053,
    722388.5700778262,
    722139.4638328995,
    724997.0958924837,
    722645.9103575697,
    721403.5136354855,
    725820.2099905453,
    722244.5272949869,
    720489.5051897803,
    718559.1539027699,
    723772.452445874,
    726072.1571883712,
    724716.053410456,
    722602.9705904861,
    718690.6713355748,
    723706.4915524035,
    724276.7209679805,
    719736.5830693529,
    722390.0261689696,
    719272.9566390293,
    722765.516622399,
    718639.2589235621,
    717964.0884517386,
    720894.1521741237,
    721399.3967939783,
    724604.3472464826,
    722709.9871630422,
    725204.9093192115,
    723049.8859804056,
    722198.4870133747,
    722140.8248822357,
    726355.8117336805,
    716469.8479366346,
    722076.3460676419,
    717109.4810258396
  ],
  "eval_lengths": [
    10000,
    10000,
    10000,
    10000,
    10000,
    10000,
    10000,
    10000,
    10000,
    10000,
    10000,
    10000,
    10000,
    10000,
    10000,
    10000,
    10000,
    10000,
    10000,
    10000,
    10000,
    10000,
    10000,
    10000,
    10000,
    10000,
    10000,
    10000,
    10000,
    10000,
    10000,
    10000,
    10000,
    10000,
    10000,
    10000,
    10000,
    10000,
    10000,
    10000,
    10000,
    10000,
    10000,
    10000,
    10000,
    10000,
    10000,
    10000,
    10000,
    10000
  ],
  "timestamp": "2026-01-14T21:59:30.267164",
  "mean_lyapunov": 4.055734,
  "mean_lyapunov_drift": 0.000618,
  "mean_drift_l1": 0.08281052173913044,
  "mean_safe_ratio": 0.0,
  "mean_max_load_rate": 0.862500011920929
}