{
  "config_type": "inverted_pyramid",
  "algorithm": "PPO",
  "seed": 456,
  "layer_capacities": [
    8,
    6,
    4,
    3,
    2
  ],
  "total_capacity": 23,
  "arrival_weights": [
    0.3,
    0.25,
    0.2,
    0.15,
    0.1
  ],
  "base_arrival_rate": 13.8,
  "high_load_multiplier": 5.0,
  "mean_reward": 722532.8528676955,
  "std_reward": 2238.347707914214,
  "best_reward": 727215.2157444826,
  "worst_reward": 716995.720481724,
  "crash_rate": 0.0,
  "completion_rate": 1.0,
  "terminated_count": 0,
  "truncated_count": 50,
  "mean_episode_length": 10000.0,
  "mean_waiting_time": 0.0,
  "mean_utilization": 0.06835645,
  "training_time_minutes": 12.374238113562265,
  "eval_rewards": [
    720753.0577197563,
    725281.9425177029,
    722078.2567572996,
    724134.1909984675,
    723322.2112170125,
    727115.9622974271,
    720980.1437906756,
    723452.0725041917,
    722495.6275882644,
    720988.338622194,
    721191.4038274171,
    724513.696750082,
    722556.5128041948,
    719359.5636931484,
    724535.7179892883,
    720286.1424415853,
    722555.0800191386,
    724820.0981989235,
    720213.3821151402,
    723365.1750498135,
    722576.437250548,
    721285.5563215383,
    726250.7736585393,
    721072.2754621044,
    723120.9555775581,
    720255.6954366656,
    723716.2654145549,
    722636.4238345567,
    722994.5236837728,
    719631.1608567793,
    721681.6417120557,
    721324.0929579273,
    721654.0909289283,
    724066.0521464301,
    720378.4681133693,
    725249.9512911267,
    727215.2157444826,
    719067.9225268306,
    721863.2538430308,
    726084.9387386112,
    726081.4439489718,
    723505.8118321908,
    716995.720481724,
    721890.3129903184,
    724200.0942813206,
    725595.720259644,
    719951.8688321745,
    722140.1557997514,
    720594.8588089817,
    719562.3837485719
  ],
  "eval_lengths": [
    10000,
    10000,
    10000,
    10000,
    10000,
    10000,
    10000,
    10000,
    10000,
    10000,
    10000,
    10000,
    10000,
    10000,
    10000,
    10000,
    10000,
    10000,
    10000,
    10000,
    10000,
    10000,
    10000,
    10000,
    10000,
    10000,
    10000,
    10000,
    10000,
    10000,
    10000,
    10000,
    10000,
    10000,
    10000,
    10000,
    10000,
    10000,
    10000,
    10000,
    10000,
    10000,
    10000,
    10000,
    10000,
    10000,
    10000,
    10000,
    10000,
    10000
  ],
  "timestamp": "2026-01-07T14:07:41.936666"
}