{
  "config_type": "inverted_pyramid",
  "algorithm": "PPO",
  "seed": 56,
  "layer_capacities": [
    8,
    6,
    4,
    3,
    2
  ],
  "total_capacity": 23,
  "arrival_weights": [
    0.3,
    0.25,
    0.2,
    0.15,
    0.1
  ],
  "base_arrival_rate": 13.8,
  "high_load_multiplier": 5.0,
  "mean_reward": 722230.2905543613,
  "std_reward": 2426.1763127240492,
  "best_reward": 727445.0465987202,
  "worst_reward": 718047.4883182404,
  "crash_rate": 0.0,
  "completion_rate": 1.0,
  "terminated_count": 0,
  "truncated_count": 50,
  "mean_episode_length": 10000.0,
  "mean_waiting_time": 0.0,
  "mean_utilization": 0.06821083333333333,
  "training_time_minutes": 6.5939765532811485,
  "eval_rewards": [
    718242.1597257776,
    718047.4883182404,
    722676.1241868142,
    723082.2718359603,
    720012.6745417961,
    726620.8444887146,
    726735.2185777627,
    718241.7191204283,
    718625.0909303233,
    720687.3973746775,
    727405.5452450133,
    722896.8759177548,
    718534.6191595442,
    719597.8410810017,
    724080.576700751,
    722596.474298465,
    722504.8109480769,
    723288.4819738283,
    721713.9940432595,
    721531.8939764401,
    722296.8988922959,
    723085.1907955395,
    721883.2477866148,
    727214.2481423555,
    723499.7637992068,
    724587.4187636512,
    721680.8329190627,
    720558.2228619246,
    721091.3193497728,
    721776.5886266818,
    722429.7819241051,
    718064.9595286556,
    721217.5663872132,
    723143.0233786172,
    723076.9211658314,
    727445.0465987202,
    720806.1629045652,
    723052.5800740705,
    721815.1550999179,
    721448.550444105,
    723890.8076687716,
    719432.9327766077,
    722116.2958911876,
    720895.324789084,
    719486.9998929031,
    726714.1794862086,
    722217.5042083673,
    723267.0415796879,
    722791.3057465587,
    723406.5537911522
  ],
  "eval_lengths": [
    10000,
    10000,
    10000,
    10000,
    10000,
    10000,
    10000,
    10000,
    10000,
    10000,
    10000,
    10000,
    10000,
    10000,
    10000,
    10000,
    10000,
    10000,
    10000,
    10000,
    10000,
    10000,
    10000,
    10000,
    10000,
    10000,
    10000,
    10000,
    10000,
    10000,
    10000,
    10000,
    10000,
    10000,
    10000,
    10000,
    10000,
    10000,
    10000,
    10000,
    10000,
    10000,
    10000,
    10000,
    10000,
    10000,
    10000,
    10000,
    10000,
    10000
  ],
  "timestamp": "2026-01-15T02:05:40.513240",
  "mean_lyapunov": 4.02077,
  "mean_lyapunov_drift": 0.000352,
  "mean_drift_l1": 0.08262678260869565,
  "mean_safe_ratio": 0.0,
  "mean_max_load_rate": 0.8625077746812105
}