{
  "config_type": "inverted_pyramid",
  "algorithm": "PPO",
  "seed": 42,
  "layer_capacities": [
    8,
    6,
    4,
    3,
    2
  ],
  "total_capacity": 23,
  "arrival_weights": [
    0.3,
    0.25,
    0.2,
    0.15,
    0.1
  ],
  "base_arrival_rate": 13.8,
  "high_load_multiplier": 5.0,
  "mean_reward": 722668.9649148455,
  "std_reward": 1943.7397631177528,
  "best_reward": 727447.7019779619,
  "worst_reward": 719719.0019761748,
  "crash_rate": 0.0,
  "completion_rate": 1.0,
  "terminated_count": 0,
  "truncated_count": 50,
  "mean_episode_length": 10000.0,
  "mean_waiting_time": 0.0,
  "mean_utilization": 0.06836755,
  "training_time_minutes": 6.441335765520732,
  "eval_rewards": [
    724170.1055060324,
    719719.0019761748,
    720332.6555844655,
    720233.0841288781,
    723402.7573035412,
    722898.3355526427,
    724817.3866303911,
    727447.7019779619,
    720457.4937076309,
    720606.2743808912,
    725392.3185567976,
    724010.0952861466,
    724145.9603976856,
    726680.2521518158,
    719904.5997688564,
    721636.3248256613,
    719817.3287247501,
    722235.7789945833,
    722636.5077079978,
    723137.6892578731,
    720670.8638637786,
    722667.9843029802,
    726666.9055850322,
    721657.3904452963,
    722914.4777693327,
    721990.5854072205,
    724853.5494179189,
    723237.3389151448,
    721018.2338672234,
    720189.5874782696,
    722783.8789308015,
    723388.6333253596,
    723801.373973295,
    719914.7959112973,
    721472.35088529,
    721615.1471576808,
    722488.8255751383,
    719983.7322251927,
    724026.6562924727,
    722768.1271095022,
    725464.5508151507,
    725131.9531049264,
    723306.3507410801,
    724084.986583474,
    722161.3715707125,
    723002.2053184446,
    723058.1676262784,
    724194.7942666269,
    721182.7834455974,
    720068.9914109885
  ],
  "eval_lengths": [
    10000,
    10000,
    10000,
    10000,
    10000,
    10000,
    10000,
    10000,
    10000,
    10000,
    10000,
    10000,
    10000,
    10000,
    10000,
    10000,
    10000,
    10000,
    10000,
    10000,
    10000,
    10000,
    10000,
    10000,
    10000,
    10000,
    10000,
    10000,
    10000,
    10000,
    10000,
    10000,
    10000,
    10000,
    10000,
    10000,
    10000,
    10000,
    10000,
    10000,
    10000,
    10000,
    10000,
    10000,
    10000,
    10000,
    10000,
    10000,
    10000,
    10000
  ],
  "timestamp": "2026-01-14T20:53:08.518840",
  "mean_lyapunov": 4.05508,
  "mean_lyapunov_drift": 0.000562,
  "mean_drift_l1": 0.08279313043478262,
  "mean_safe_ratio": 0.0,
  "mean_max_load_rate": 0.8625006108064651
}