{
  "config_type": "inverted_pyramid",
  "algorithm": "PPO",
  "seed": 60,
  "layer_capacities": [
    8,
    6,
    4,
    3,
    2
  ],
  "total_capacity": 23,
  "arrival_weights": [
    0.3,
    0.25,
    0.2,
    0.15,
    0.1
  ],
  "base_arrival_rate": 13.8,
  "high_load_multiplier": 5.0,
  "mean_reward": 722771.0293337022,
  "std_reward": 2339.1365331252687,
  "best_reward": 727919.826794553,
  "worst_reward": 716473.1480328736,
  "crash_rate": 0.0,
  "completion_rate": 1.0,
  "terminated_count": 0,
  "truncated_count": 50,
  "mean_episode_length": 10000.0,
  "mean_waiting_time": 0.0,
  "mean_utilization": 0.06841,
  "training_time_minutes": 6.584540522098541,
  "eval_rewards": [
    724301.4395531536,
    722351.7551674413,
    721281.619576593,
    722570.1744679287,
    724566.3131257605,
    724853.5272597292,
    722156.530150713,
    726194.0156122972,
    721702.978576641,
    722683.4066896167,
    722544.1037560416,
    722256.9957830379,
    722802.193944069,
    722486.4818475266,
    719287.4758308441,
    725678.3280687823,
    723729.9988748869,
    719816.8320639279,
    717951.6964618312,
    723844.1959532909,
    727919.826794553,
    723091.4800169156,
    719531.8073150662,
    724016.0989467838,
    726608.2309007113,
    725879.8208124009,
    723062.6916720044,
    724005.8644440343,
    723017.5578115629,
    721359.6742646904,
    723233.2288540116,
    725856.8220688612,
    723265.2500289242,
    725478.3029885575,
    723454.0052692203,
    720114.2636190464,
    722727.1609972211,
    722827.6188267522,
    727242.4909707366,
    721651.1755169947,
    724442.9382609724,
    723090.254453532,
    722754.0521640081,
    723277.2988052539,
    721163.2075778358,
    719312.5240437805,
    720918.7092276313,
    718756.1094327817,
    716473.1480328736,
    720959.7898032715
  ],
  "eval_lengths": [
    10000,
    10000,
    10000,
    10000,
    10000,
    10000,
    10000,
    10000,
    10000,
    10000,
    10000,
    10000,
    10000,
    10000,
    10000,
    10000,
    10000,
    10000,
    10000,
    10000,
    10000,
    10000,
    10000,
    10000,
    10000,
    10000,
    10000,
    10000,
    10000,
    10000,
    10000,
    10000,
    10000,
    10000,
    10000,
    10000,
    10000,
    10000,
    10000,
    10000,
    10000,
    10000,
    10000,
    10000,
    10000,
    10000,
    10000,
    10000,
    10000,
    10000
  ],
  "timestamp": "2026-01-15T03:34:57.000703",
  "mean_lyapunov": 4.067144,
  "mean_lyapunov_drift": 0.000474,
  "mean_drift_l1": 0.08291469565217387,
  "mean_safe_ratio": 0.0,
  "mean_max_load_rate": 0.8625009120076895
}