{
  "config_type": "inverted_pyramid",
  "algorithm": "PPO",
  "seed": 48,
  "layer_capacities": [
    8,
    6,
    4,
    3,
    2
  ],
  "total_capacity": 23,
  "arrival_weights": [
    0.3,
    0.25,
    0.2,
    0.15,
    0.1
  ],
  "base_arrival_rate": 13.8,
  "high_load_multiplier": 5.0,
  "mean_reward": 722727.7267875215,
  "std_reward": 2408.8170140768875,
  "best_reward": 728706.1643075855,
  "worst_reward": 717160.5101960489,
  "crash_rate": 0.0,
  "completion_rate": 1.0,
  "terminated_count": 0,
  "truncated_count": 50,
  "mean_episode_length": 10000.0,
  "mean_waiting_time": 0.0,
  "mean_utilization": 0.06849413333333333,
  "training_time_minutes": 6.521918006738027,
  "eval_rewards": [
    722274.9816942455,
    720281.5889855186,
    722722.5194637734,
    725967.7202504042,
    728706.1643075855,
    721097.9891436761,
    720491.09291445,
    725694.5995560826,
    720801.8020997784,
    720600.6688578201,
    718154.1743387772,
    725901.6076835832,
    724602.1580409743,
    721681.3788976417,
    722105.6645389977,
    726435.4143805854,
    724663.4548838901,
    722531.2550212431,
    720220.0575211891,
    717160.5101960489,
    722060.6430936572,
    723662.0290767355,
    721179.0504393771,
    723821.3154196346,
    721319.7795841532,
    721586.1791912562,
    719096.4775613571,
    722217.0421962639,
    722967.1143208486,
    722596.6347781792,
    724880.3146896048,
    723795.5476442797,
    719408.067386786,
    723964.9899508819,
    722838.2211127053,
    724549.9735595583,
    726503.1078465148,
    724557.2076390289,
    726093.8160142299,
    722327.1289140166,
    718526.339609494,
    723824.4700499005,
    721511.9706939632,
    721435.6588420485,
    726679.8866877765,
    725170.5083616669,
    720658.4477457951,
    722305.8271715898,
    723223.5251968148,
    721530.2618216944
  ],
  "eval_lengths": [
    10000,
    10000,
    10000,
    10000,
    10000,
    10000,
    10000,
    10000,
    10000,
    10000,
    10000,
    10000,
    10000,
    10000,
    10000,
    10000,
    10000,
    10000,
    10000,
    10000,
    10000,
    10000,
    10000,
    10000,
    10000,
    10000,
    10000,
    10000,
    10000,
    10000,
    10000,
    10000,
    10000,
    10000,
    10000,
    10000,
    10000,
    10000,
    10000,
    10000,
    10000,
    10000,
    10000,
    10000,
    10000,
    10000,
    10000,
    10000,
    10000,
    10000
  ],
  "timestamp": "2026-01-14T23:05:32.525125",
  "mean_lyapunov": 4.064504,
  "mean_lyapunov_drift": 0.00046,
  "mean_drift_l1": 0.0828495652173913,
  "mean_safe_ratio": 0.0,
  "mean_max_load_rate": 0.862504546349883
}