{
  "config_type": "inverted_pyramid",
  "algorithm": "PPO",
  "seed": 50,
  "layer_capacities": [
    8,
    6,
    4,
    3,
    2
  ],
  "total_capacity": 23,
  "arrival_weights": [
    0.3,
    0.25,
    0.2,
    0.15,
    0.1
  ],
  "base_arrival_rate": 13.8,
  "high_load_multiplier": 5.0,
  "mean_reward": 722812.0796997318,
  "std_reward": 2109.820992265375,
  "best_reward": 726688.5295764852,
  "worst_reward": 717555.522855961,
  "crash_rate": 0.0,
  "completion_rate": 1.0,
  "terminated_count": 0,
  "truncated_count": 50,
  "mean_episode_length": 10000.0,
  "mean_waiting_time": 0.0,
  "mean_utilization": 0.0685274,
  "training_time_minutes": 6.576679615179698,
  "eval_rewards": [
    722003.9116908517,
    721847.6159364488,
    724822.1211102605,
    721235.1589845938,
    726688.5295764852,
    724043.0684401281,
    724559.6689323677,
    725453.7217078013,
    721156.8877991469,
    726493.8190056178,
    723244.4238200329,
    720295.5198834167,
    723198.6789305065,
    721582.1728942788,
    723599.3407338723,
    721707.0995638008,
    720064.2502957924,
    725598.4702535585,
    724146.0792468775,
    721010.5671945959,
    725392.7661812495,
    720118.5232122266,
    724666.9344390641,
    723790.9765423937,
    724673.4841150127,
    720807.9131075229,
    719942.5930494557,
    717555.522855961,
    723822.334286252,
    725357.9882048363,
    723646.5320355463,
    724240.0098792565,
    722707.5068036345,
    722923.2988586143,
    720191.1067735082,
    722491.3664544574,
    722256.5603101898,
    723314.3731156626,
    720258.9542776681,
    725139.270563194,
    723161.270258722,
    725454.4177492195,
    719400.6859659661,
    721953.4252861791,
    723327.2070592805,
    725256.8777988905,
    720278.713932845,
    724851.222659884,
    719376.5836539047,
    721494.459555558
  ],
  "eval_lengths": [
    10000,
    10000,
    10000,
    10000,
    10000,
    10000,
    10000,
    10000,
    10000,
    10000,
    10000,
    10000,
    10000,
    10000,
    10000,
    10000,
    10000,
    10000,
    10000,
    10000,
    10000,
    10000,
    10000,
    10000,
    10000,
    10000,
    10000,
    10000,
    10000,
    10000,
    10000,
    10000,
    10000,
    10000,
    10000,
    10000,
    10000,
    10000,
    10000,
    10000,
    10000,
    10000,
    10000,
    10000,
    10000,
    10000,
    10000,
    10000,
    10000,
    10000
  ],
  "timestamp": "2026-01-14T23:51:04.126206",
  "mean_lyapunov": 4.054854,
  "mean_lyapunov_drift": 0.000542,
  "mean_drift_l1": 0.08300721739130436,
  "mean_safe_ratio": 0.0,
  "mean_max_load_rate": 0.8625004549896718
}