{
  "config_type": "inverted_pyramid",
  "algorithm": "PPO",
  "seed": 58,
  "layer_capacities": [
    8,
    6,
    4,
    3,
    2
  ],
  "total_capacity": 23,
  "arrival_weights": [
    0.3,
    0.25,
    0.2,
    0.15,
    0.1
  ],
  "base_arrival_rate": 13.8,
  "high_load_multiplier": 5.0,
  "mean_reward": 722711.6437890648,
  "std_reward": 2714.50794788753,
  "best_reward": 727998.2205572859,
  "worst_reward": 716635.9129389037,
  "crash_rate": 0.0,
  "completion_rate": 1.0,
  "terminated_count": 0,
  "truncated_count": 50,
  "mean_episode_length": 10000.0,
  "mean_waiting_time": 0.0,
  "mean_utilization": 0.06822255,
  "training_time_minutes": 6.509279215335846,
  "eval_rewards": [
    726145.2190559334,
    719929.0566845034,
    720338.8675626037,
    721195.7287841185,
    727025.6730639745,
    722126.1934819734,
    723847.4747400669,
    723373.3516589858,
    723392.417349578,
    716635.9129389037,
    726737.2886373925,
    723342.0123621532,
    720836.0679276572,
    721313.1441854993,
    726350.419797299,
    722891.0218858549,
    716939.0764899014,
    723534.3072024076,
    722552.4511077174,
    725387.9450231137,
    727057.6038190697,
    724183.7199816259,
    720942.1364857649,
    719064.7103626624,
    722494.5790791136,
    722907.4692796366,
    727998.2205572859,
    721084.1674696355,
    720442.9623549113,
    721840.6285453474,
    722828.1204193103,
    725046.6535230939,
    717410.4311267863,
    727479.5085347166,
    719579.8906049908,
    719653.9298891971,
    719588.5667060002,
    721216.7622360117,
    721355.5928398299,
    722145.570821107,
    724701.9823077645,
    721848.5239285027,
    723799.8126641389,
    725154.9802118186,
    727018.6654215324,
    725371.6959576143,
    721101.5370346319,
    722221.0730229847,
    722047.8475351923,
    724101.2167933284
  ],
  "eval_lengths": [
    10000,
    10000,
    10000,
    10000,
    10000,
    10000,
    10000,
    10000,
    10000,
    10000,
    10000,
    10000,
    10000,
    10000,
    10000,
    10000,
    10000,
    10000,
    10000,
    10000,
    10000,
    10000,
    10000,
    10000,
    10000,
    10000,
    10000,
    10000,
    10000,
    10000,
    10000,
    10000,
    10000,
    10000,
    10000,
    10000,
    10000,
    10000,
    10000,
    10000,
    10000,
    10000,
    10000,
    10000,
    10000,
    10000,
    10000,
    10000,
    10000,
    10000
  ],
  "timestamp": "2026-01-15T02:50:06.124943",
  "mean_lyapunov": 4.014986,
  "mean_lyapunov_drift": 0.000238,
  "mean_drift_l1": 0.08276078260869564,
  "mean_safe_ratio": 0.0,
  "mean_max_load_rate": 0.8625014593021869
}