{
  "config_type": "inverted_pyramid",
  "algorithm": "PPO",
  "seed": 51,
  "layer_capacities": [
    8,
    6,
    4,
    3,
    2
  ],
  "total_capacity": 23,
  "arrival_weights": [
    0.3,
    0.25,
    0.2,
    0.15,
    0.1
  ],
  "base_arrival_rate": 13.8,
  "high_load_multiplier": 5.0,
  "mean_reward": 722609.3766949218,
  "std_reward": 2485.0604668904634,
  "best_reward": 728318.4322487697,
  "worst_reward": 718445.6466399906,
  "crash_rate": 0.0,
  "completion_rate": 1.0,
  "terminated_count": 0,
  "truncated_count": 50,
  "mean_episode_length": 10000.0,
  "mean_waiting_time": 0.0,
  "mean_utilization": 0.06795263333333333,
  "training_time_minutes": 6.541861069202423,
  "eval_rewards": [
    720727.2202432395,
    721661.7178547345,
    719426.2397580086,
    721102.55987779,
    723492.7127488178,
    726305.4934287295,
    718609.1339543132,
    720168.996327627,
    726746.5813160988,
    721569.129966575,
    722469.2339052197,
    724350.2179540754,
    724111.7254248846,
    724002.4962305402,
    724112.5732614034,
    719148.6060985466,
    719877.1656804414,
    722314.3149534131,
    722507.6631627677,
    728001.3687278505,
    728318.4322487697,
    726844.6355256784,
    723158.8386765997,
    725065.6892428292,
    721045.0770550607,
    723139.1204185188,
    722822.9674467482,
    719562.7474441499,
    721151.1466182559,
    723470.8157425028,
    721095.704444218,
    720107.2191452964,
    722190.9186803185,
    721932.7769247231,
    721719.0381483976,
    721501.4905465962,
    723981.4256883928,
    718445.6466399906,
    720630.1261022103,
    722764.6884477506,
    722105.3105930518,
    726700.7830930541,
    721441.159426033,
    724763.1861703108,
    724727.9256772965,
    727925.8886396826,
    720658.830572119,
    719243.6179546976,
    721966.590741004,
    721281.8858167502
  ],
  "eval_lengths": [
    10000,
    10000,
    10000,
    10000,
    10000,
    10000,
    10000,
    10000,
    10000,
    10000,
    10000,
    10000,
    10000,
    10000,
    10000,
    10000,
    10000,
    10000,
    10000,
    10000,
    10000,
    10000,
    10000,
    10000,
    10000,
    10000,
    10000,
    10000,
    10000,
    10000,
    10000,
    10000,
    10000,
    10000,
    10000,
    10000,
    10000,
    10000,
    10000,
    10000,
    10000,
    10000,
    10000,
    10000,
    10000,
    10000,
    10000,
    10000,
    10000,
    10000
  ],
  "timestamp": "2026-01-15T00:13:08.878883",
  "mean_lyapunov": 3.527546,
  "mean_lyapunov_drift": 0.000256,
  "mean_drift_l1": 0.08217930434782608,
  "mean_safe_ratio": 0.0,
  "mean_max_load_rate": 0.8625019733660221
}