{
  "config_type": "inverted_pyramid",
  "algorithm": "PPO",
  "seed": 66,
  "layer_capacities": [
    8,
    6,
    4,
    3,
    2
  ],
  "total_capacity": 23,
  "arrival_weights": [
    0.3,
    0.25,
    0.2,
    0.15,
    0.1
  ],
  "base_arrival_rate": 13.8,
  "high_load_multiplier": 5.0,
  "mean_reward": 723193.6221861396,
  "std_reward": 2301.4936637995356,
  "best_reward": 728396.7372598345,
  "worst_reward": 717723.2987986788,
  "crash_rate": 0.0,
  "completion_rate": 1.0,
  "terminated_count": 0,
  "truncated_count": 50,
  "mean_episode_length": 10000.0,
  "mean_waiting_time": 0.0,
  "mean_utilization": 0.06772493333333333,
  "training_time_minutes": 6.509815649191538,
  "eval_rewards": [
    720835.0164130946,
    726267.383677732,
    721291.3840246383,
    725107.5962458914,
    720464.0469743501,
    723685.8865616369,
    722580.8608706756,
    723169.4781634165,
    723944.8415461591,
    721901.8208200939,
    726392.9899855322,
    720373.1743959774,
    724501.7901027624,
    724160.7757154638,
    721568.295125365,
    719572.343729618,
    721850.2268959469,
    726882.0064583605,
    725315.5271449517,
    721354.9095109524,
    723128.2021806552,
    724227.0325147641,
    725792.7590874594,
    724946.4210653201,
    723190.063480376,
    717723.2987986788,
    721404.7304132853,
    727079.1427255223,
    721039.3830652892,
    722656.1878055132,
    723580.9394526575,
    721794.4420900815,
    727804.4692430538,
    721337.9506897415,
    721846.1986725085,
    728396.7372598345,
    726645.2680109605,
    724094.5499189747,
    722384.8524094443,
    721775.9966944407,
    719725.8513303958,
    723284.8013054937,
    723339.2931561521,
    718518.1444392132,
    724570.8641818046,
    724014.5533864497,
    723834.5738485825,
    723141.2016727604,
    723528.5489900741,
    723654.2970548724
  ],
  "eval_lengths": [
    10000,
    10000,
    10000,
    10000,
    10000,
    10000,
    10000,
    10000,
    10000,
    10000,
    10000,
    10000,
    10000,
    10000,
    10000,
    10000,
    10000,
    10000,
    10000,
    10000,
    10000,
    10000,
    10000,
    10000,
    10000,
    10000,
    10000,
    10000,
    10000,
    10000,
    10000,
    10000,
    10000,
    10000,
    10000,
    10000,
    10000,
    10000,
    10000,
    10000,
    10000,
    10000,
    10000,
    10000,
    10000,
    10000,
    10000,
    10000,
    10000,
    10000
  ],
  "timestamp": "2026-01-15T05:47:29.529777",
  "mean_lyapunov": 3.324396,
  "mean_lyapunov_drift": 0.000252,
  "mean_drift_l1": 0.08112678260869564,
  "mean_safe_ratio": 0.0,
  "mean_max_load_rate": 0.8626191596961021
}