{
  "config_type": "inverted_pyramid",
  "algorithm": "PPO",
  "seed": 69,
  "layer_capacities": [
    8,
    6,
    4,
    3,
    2
  ],
  "total_capacity": 23,
  "arrival_weights": [
    0.3,
    0.25,
    0.2,
    0.15,
    0.1
  ],
  "base_arrival_rate": 13.8,
  "high_load_multiplier": 5.0,
  "mean_reward": 722039.5747887283,
  "std_reward": 2086.3894537933165,
  "best_reward": 726441.2996385577,
  "worst_reward": 717060.4081337008,
  "crash_rate": 0.0,
  "completion_rate": 1.0,
  "terminated_count": 0,
  "truncated_count": 50,
  "mean_episode_length": 10000.0,
  "mean_waiting_time": 0.0,
  "mean_utilization": 0.06799453333333334,
  "training_time_minutes": 6.55879872639974,
  "eval_rewards": [
    722934.5315687584,
    721949.3053155809,
    722072.3237428734,
    721112.2998624458,
    720644.7256316511,
    725732.6050140657,
    721951.0916644309,
    723699.9342591817,
    725111.0769603748,
    719812.7764138052,
    719206.3218110261,
    721514.2484509285,
    723824.0201489958,
    721525.3045566623,
    719853.3609308061,
    723742.5898837431,
    720330.8321623427,
    721054.8829142359,
    725212.5635313899,
    723276.3995521824,
    725379.948479365,
    723695.6532331809,
    721649.2890169119,
    720299.6266743435,
    722113.757180453,
    722996.7923530152,
    720770.4748543553,
    721523.8389125633,
    724676.189199263,
    722575.7350840794,
    718690.3187547544,
    725160.2786538767,
    721547.8809330219,
    721818.8323801176,
    722517.0580288054,
    720424.8687721129,
    722801.2081665498,
    721477.2754667256,
    725114.7532469726,
    722536.0649925161,
    721893.5319480543,
    719727.7063843893,
    726441.2996385577,
    722065.4516248889,
    717403.5610203685,
    719925.3197698516,
    719283.5296316794,
    723889.4314207194,
    717060.4081337008,
    721957.4611057319
  ],
  "eval_lengths": [
    10000,
    10000,
    10000,
    10000,
    10000,
    10000,
    10000,
    10000,
    10000,
    10000,
    10000,
    10000,
    10000,
    10000,
    10000,
    10000,
    10000,
    10000,
    10000,
    10000,
    10000,
    10000,
    10000,
    10000,
    10000,
    10000,
    10000,
    10000,
    10000,
    10000,
    10000,
    10000,
    10000,
    10000,
    10000,
    10000,
    10000,
    10000,
    10000,
    10000,
    10000,
    10000,
    10000,
    10000,
    10000,
    10000,
    10000,
    10000,
    10000,
    10000
  ],
  "timestamp": "2026-01-15T06:53:58.999339",
  "mean_lyapunov": 3.99585,
  "mean_lyapunov_drift": 0.000306,
  "mean_drift_l1": 0.08249191304347828,
  "mean_safe_ratio": 0.0,
  "mean_max_load_rate": 0.8625003827615977
}