{
  "config_type": "inverted_pyramid",
  "algorithm": "PPO",
  "seed": 46,
  "layer_capacities": [
    8,
    6,
    4,
    3,
    2
  ],
  "total_capacity": 23,
  "arrival_weights": [
    0.3,
    0.25,
    0.2,
    0.15,
    0.1
  ],
  "base_arrival_rate": 13.8,
  "high_load_multiplier": 5.0,
  "mean_reward": 722363.1679226279,
  "std_reward": 2619.6485537074855,
  "best_reward": 727781.7311336383,
  "worst_reward": 714519.4591399551,
  "crash_rate": 0.0,
  "completion_rate": 1.0,
  "terminated_count": 0,
  "truncated_count": 50,
  "mean_episode_length": 10000.0,
  "mean_waiting_time": 0.0,
  "mean_utilization": 0.06838461666666668,
  "training_time_minutes": 6.529626893997192,
  "eval_rewards": [
    722027.5351693119,
    723912.0211336922,
    720399.833443269,
    723321.0905738698,
    723305.8045991826,
    722102.003581846,
    718848.9718173553,
    722743.894726936,
    719983.3415627553,
    722686.3720171715,
    722557.2344615383,
    721643.4189817042,
    722722.322535502,
    714519.4591399551,
    719941.8950498276,
    720218.7542170002,
    723656.135118321,
    722343.8636793124,
    721297.0404213268,
    724910.143289091,
    726365.9140526202,
    727681.5818233632,
    720073.2647628947,
    725591.4436584751,
    721447.6840708187,
    724952.4289405948,
    719218.0941270539,
    719574.7421065606,
    724512.8426219793,
    718149.418844488,
    727781.7311336383,
    721710.7478717192,
    719643.5107862283,
    726438.5167874829,
    722096.8566453035,
    723960.8005476277,
    721236.4980256753,
    726582.8452678305,
    723837.1509339768,
    718137.3501525528,
    722846.2054617932,
    721895.3587276016,
    724745.8214318937,
    721341.9917072894,
    718642.5054198283,
    723791.5757111191,
    723861.6523893042,
    724625.0376886626,
    722865.1036088985,
    721408.5853051459
  ],
  "eval_lengths": [
    10000,
    10000,
    10000,
    10000,
    10000,
    10000,
    10000,
    10000,
    10000,
    10000,
    10000,
    10000,
    10000,
    10000,
    10000,
    10000,
    10000,
    10000,
    10000,
    10000,
    10000,
    10000,
    10000,
    10000,
    10000,
    10000,
    10000,
    10000,
    10000,
    10000,
    10000,
    10000,
    10000,
    10000,
    10000,
    10000,
    10000,
    10000,
    10000,
    10000,
    10000,
    10000,
    10000,
    10000,
    10000,
    10000,
    10000,
    10000,
    10000,
    10000
  ],
  "timestamp": "2026-01-14T22:21:28.827777",
  "mean_lyapunov": 4.03237,
  "mean_lyapunov_drift": 0.000396,
  "mean_drift_l1": 0.08266278260869567,
  "mean_safe_ratio": 0.0,
  "mean_max_load_rate": 0.8625057969851494
}