{
  "config_type": "inverted_pyramid",
  "algorithm": "PPO",
  "seed": 55,
  "layer_capacities": [
    8,
    6,
    4,
    3,
    2
  ],
  "total_capacity": 23,
  "arrival_weights": [
    0.3,
    0.25,
    0.2,
    0.15,
    0.1
  ],
  "base_arrival_rate": 13.8,
  "high_load_multiplier": 5.0,
  "mean_reward": 722115.6907109576,
  "std_reward": 2354.6094674220885,
  "best_reward": 726009.7948350199,
  "worst_reward": 716226.7696780685,
  "crash_rate": 0.0,
  "completion_rate": 1.0,
  "terminated_count": 0,
  "truncated_count": 50,
  "mean_episode_length": 10000.0,
  "mean_waiting_time": 0.0,
  "mean_utilization": 0.06828596666666667,
  "training_time_minutes": 6.563072915871938,
  "eval_rewards": [
    720423.5009666396,
    719731.4518118562,
    724941.6525131728,
    720278.0990845192,
    721015.4126745864,
    720671.049863725,
    725673.288725155,
    721741.1699422679,
    724319.3214597768,
    722431.2878762893,
    716410.5926693797,
    718777.4135164185,
    724531.022819421,
    724773.157937409,
    722923.2599019124,
    721079.3395770965,
    724781.0494724339,
    722135.038663092,
    718641.6301626848,
    723982.572030974,
    724547.7880073672,
    720940.5805554066,
    720441.6863256319,
    718704.9328692678,
    719148.2464243108,
    723153.7179364262,
    724162.6326619881,
    723029.1052870068,
    724886.9699898711,
    722125.3130848516,
    719564.6079112105,
    724081.6244433031,
    723915.4742743368,
    722170.8954100684,
    721427.109942038,
    716226.7696780685,
    724322.8770753192,
    721892.0087846251,
    720807.0558043222,
    721164.3716064014,
    723739.0188284547,
    720657.382001974,
    724202.2373813724,
    724449.5235453208,
    724406.2175910287,
    717917.4551749858,
    722901.3082859487,
    723308.2980796484,
    722218.220083503,
    726009.7948350199
  ],
  "eval_lengths": [
    10000,
    10000,
    10000,
    10000,
    10000,
    10000,
    10000,
    10000,
    10000,
    10000,
    10000,
    10000,
    10000,
    10000,
    10000,
    10000,
    10000,
    10000,
    10000,
    10000,
    10000,
    10000,
    10000,
    10000,
    10000,
    10000,
    10000,
    10000,
    10000,
    10000,
    10000,
    10000,
    10000,
    10000,
    10000,
    10000,
    10000,
    10000,
    10000,
    10000,
    10000,
    10000,
    10000,
    10000,
    10000,
    10000,
    10000,
    10000,
    10000,
    10000
  ],
  "timestamp": "2026-01-15T01:43:33.513300",
  "mean_lyapunov": 4.035214,
  "mean_lyapunov_drift": 0.000272,
  "mean_drift_l1": 0.08274069565217394,
  "mean_safe_ratio": 0.0,
  "mean_max_load_rate": 0.8625016098717451
}