{
  "config_type": "inverted_pyramid",
  "algorithm": "PPO",
  "seed": 61,
  "layer_capacities": [
    8,
    6,
    4,
    3,
    2
  ],
  "total_capacity": 23,
  "arrival_weights": [
    0.3,
    0.25,
    0.2,
    0.15,
    0.1
  ],
  "base_arrival_rate": 13.8,
  "high_load_multiplier": 5.0,
  "mean_reward": 722832.0628828905,
  "std_reward": 2051.322321507813,
  "best_reward": 727407.3741474424,
  "worst_reward": 716657.711710626,
  "crash_rate": 0.0,
  "completion_rate": 1.0,
  "terminated_count": 0,
  "truncated_count": 50,
  "mean_episode_length": 10000.0,
  "mean_waiting_time": 0.0,
  "mean_utilization": 0.0685756,
  "training_time_minutes": 6.608130367596944,
  "eval_rewards": [
    725575.0036526147,
    725654.9237167087,
    722328.9287956872,
    720804.1426550341,
    723181.4519192796,
    722475.727071845,
    722845.1596925901,
    721637.1808687716,
    724301.189351599,
    722393.2458172621,
    724290.1874742609,
    716657.711710626,
    722098.0846791825,
    720443.8760430973,
    723372.332362736,
    726027.1259744319,
    719662.3934706445,
    722995.2109519263,
    722303.8232615516,
    722287.8096696812,
    720255.6032442407,
    720834.923544253,
    719824.6429095278,
    722303.6582821478,
    723308.7908583881,
    721783.0963885331,
    722995.9564494501,
    726319.2351059916,
    726372.638106764,
    727407.3741474424,
    724269.2732300913,
    722236.3574427209,
    725250.7978374426,
    720594.6206817067,
    722296.7748152901,
    724097.0586751245,
    720936.5008937882,
    723476.4537173532,
    726540.7741824646,
    720695.6227261985,
    723083.1007433829,
    720016.4044383971,
    723525.6701776015,
    724319.9419611576,
    721968.7879667166,
    722409.6586430165,
    722964.6391039594,
    723897.4253076963,
    722277.1311390095,
    724004.7222851394
  ],
  "eval_lengths": [
    10000,
    10000,
    10000,
    10000,
    10000,
    10000,
    10000,
    10000,
    10000,
    10000,
    10000,
    10000,
    10000,
    10000,
    10000,
    10000,
    10000,
    10000,
    10000,
    10000,
    10000,
    10000,
    10000,
    10000,
    10000,
    10000,
    10000,
    10000,
    10000,
    10000,
    10000,
    10000,
    10000,
    10000,
    10000,
    10000,
    10000,
    10000,
    10000,
    10000,
    10000,
    10000,
    10000,
    10000,
    10000,
    10000,
    10000,
    10000,
    10000,
    10000
  ],
  "timestamp": "2026-01-15T03:57:11.738190",
  "mean_lyapunov": 4.070078,
  "mean_lyapunov_drift": 0.000546,
  "mean_drift_l1": 0.08296704347826087,
  "mean_safe_ratio": 0.0,
  "mean_max_load_rate": 0.8625016072345972
}