{
  "config_type": "inverted_pyramid",
  "algorithm": "PPO",
  "seed": 64,
  "layer_capacities": [
    8,
    6,
    4,
    3,
    2
  ],
  "total_capacity": 23,
  "arrival_weights": [
    0.3,
    0.25,
    0.2,
    0.15,
    0.1
  ],
  "base_arrival_rate": 13.8,
  "high_load_multiplier": 5.0,
  "mean_reward": 721828.0216205175,
  "std_reward": 2121.7337804484896,
  "best_reward": 726423.0763099095,
  "worst_reward": 717255.4639756919,
  "crash_rate": 0.0,
  "completion_rate": 1.0,
  "terminated_count": 0,
  "truncated_count": 50,
  "mean_episode_length": 10000.0,
  "mean_waiting_time": 0.0,
  "mean_utilization": 0.06804103333333333,
  "training_time_minutes": 6.504833682378133,
  "eval_rewards": [
    722853.5732956489,
    717409.7695774111,
    720575.8540964224,
    718676.0989275955,
    720224.4009610743,
    722971.065866328,
    723866.870031105,
    717581.4417529667,
    724433.1269831628,
    722357.074712814,
    721684.6269512465,
    723345.129801054,
    726423.0763099095,
    719579.9245179988,
    720013.8390136411,
    721703.7442495335,
    725113.018275111,
    721120.7938409909,
    717943.2834858148,
    724265.9965887122,
    723813.4613407596,
    720295.4287916126,
    720828.4855232215,
    721945.837466474,
    721439.5685497938,
    721919.698551282,
    720160.0329417695,
    720141.6289473518,
    723294.0950744977,
    725586.1713980286,
    721213.4650703712,
    724353.5421659403,
    719291.5097878296,
    723063.5946931032,
    725498.4613545566,
    721176.3429645506,
    723594.8430342966,
    720445.2730110362,
    721324.7716156757,
    721988.8744050683,
    721675.4318950727,
    720705.0048898157,
    724111.7797413829,
    721220.8223592454,
    721954.519421222,
    722252.3694748891,
    723679.7466202282,
    722761.3553383631,
    717255.4639756919,
    722266.7913842067
  ],
  "eval_lengths": [
    10000,
    10000,
    10000,
    10000,
    10000,
    10000,
    10000,
    10000,
    10000,
    10000,
    10000,
    10000,
    10000,
    10000,
    10000,
    10000,
    10000,
    10000,
    10000,
    10000,
    10000,
    10000,
    10000,
    10000,
    10000,
    10000,
    10000,
    10000,
    10000,
    10000,
    10000,
    10000,
    10000,
    10000,
    10000,
    10000,
    10000,
    10000,
    10000,
    10000,
    10000,
    10000,
    10000,
    10000,
    10000,
    10000,
    10000,
    10000,
    10000,
    10000
  ],
  "timestamp": "2026-01-15T05:03:25.679157",
  "mean_lyapunov": 4.018464,
  "mean_lyapunov_drift": 0.000254,
  "mean_drift_l1": 0.08242356521739133,
  "mean_safe_ratio": 0.0,
  "mean_max_load_rate": 0.8625028116294146
}