{
  "config_type": "inverted_pyramid",
  "algorithm": "PPO",
  "seed": 49,
  "layer_capacities": [
    8,
    6,
    4,
    3,
    2
  ],
  "total_capacity": 23,
  "arrival_weights": [
    0.3,
    0.25,
    0.2,
    0.15,
    0.1
  ],
  "base_arrival_rate": 13.8,
  "high_load_multiplier": 5.0,
  "mean_reward": 722439.1315794277,
  "std_reward": 2321.39030034087,
  "best_reward": 727798.4007936604,
  "worst_reward": 717479.8443641928,
  "crash_rate": 0.0,
  "completion_rate": 1.0,
  "terminated_count": 0,
  "truncated_count": 50,
  "mean_episode_length": 10000.0,
  "mean_waiting_time": 0.0,
  "mean_utilization": 0.06844826666666667,
  "training_time_minutes": 6.507857950528463,
  "eval_rewards": [
    722841.1484176563,
    722750.4663330045,
    719206.4189113603,
    720053.1584986835,
    719007.8327966395,
    724064.2270333692,
    720330.3103067531,
    722612.7047057392,
    724081.0763777115,
    727289.7221031565,
    720988.0495783869,
    723310.6461354281,
    722160.9838453262,
    722745.8758047016,
    720465.6949655978,
    723586.3520989829,
    724129.6266340873,
    725895.0368231579,
    722904.6287319034,
    720834.7880894834,
    718390.6882282953,
    720234.0555842319,
    721374.6923026653,
    723920.0337573962,
    722743.1715162979,
    717479.8443641928,
    724051.3694262081,
    718772.986910124,
    724915.3471524764,
    726244.8850036555,
    719332.3658370043,
    723216.0658184848,
    721436.5584373483,
    721365.9227005068,
    720865.869860302,
    724998.2245043713,
    721272.2049198386,
    727798.4007936604,
    721867.0871896653,
    724091.7846817011,
    720046.607428213,
    725009.6079209695,
    725624.4217028266,
    722638.30082718,
    722024.3588308415,
    722688.6126821833,
    725902.2745031856,
    722212.8319370645,
    722344.2194604861,
    719835.0364988815
  ],
  "eval_lengths": [
    10000,
    10000,
    10000,
    10000,
    10000,
    10000,
    10000,
    10000,
    10000,
    10000,
    10000,
    10000,
    10000,
    10000,
    10000,
    10000,
    10000,
    10000,
    10000,
    10000,
    10000,
    10000,
    10000,
    10000,
    10000,
    10000,
    10000,
    10000,
    10000,
    10000,
    10000,
    10000,
    10000,
    10000,
    10000,
    10000,
    10000,
    10000,
    10000,
    10000,
    10000,
    10000,
    10000,
    10000,
    10000,
    10000,
    10000,
    10000,
    10000,
    10000
  ],
  "timestamp": "2026-01-14T23:28:15.980608",
  "mean_lyapunov": 4.054888,
  "mean_lyapunov_drift": 0.000402,
  "mean_drift_l1": 0.08296113043478259,
  "mean_safe_ratio": 0.0,
  "mean_max_load_rate": 0.8625001589868069
}