{
  "config_type": "inverted_pyramid",
  "algorithm": "PPO",
  "seed": 71,
  "layer_capacities": [
    8,
    6,
    4,
    3,
    2
  ],
  "total_capacity": 23,
  "arrival_weights": [
    0.3,
    0.25,
    0.2,
    0.15,
    0.1
  ],
  "base_arrival_rate": 13.8,
  "high_load_multiplier": 5.0,
  "mean_reward": 722049.6728811619,
  "std_reward": 2535.5180567898174,
  "best_reward": 727850.7802297139,
  "worst_reward": 716351.0736749782,
  "crash_rate": 0.0,
  "completion_rate": 1.0,
  "terminated_count": 0,
  "truncated_count": 50,
  "mean_episode_length": 10000.0,
  "mean_waiting_time": 0.0,
  "mean_utilization": 0.06833078333333334,
  "training_time_minutes": 6.521456309159597,
  "eval_rewards": [
    724220.3921393516,
    725070.1133840788,
    727850.7802297139,
    716926.403251066,
    723156.381598261,
    717753.1107598948,
    717771.142619576,
    726463.5183556094,
    722368.9790629866,
    720108.0717607692,
    720291.9089863761,
    721179.2750828163,
    723275.4010879886,
    726449.4534813196,
    720617.8182594067,
    720618.5509500806,
    720837.0789219295,
    723436.61942852,
    725290.5219593106,
    724384.4551041705,
    722614.8689418541,
    722272.6073544248,
    723024.428910198,
    720165.9188797297,
    720887.6684381462,
    724781.6621411471,
    719657.4341459327,
    725269.2123428363,
    722734.6087828216,
    720148.2892593022,
    720773.1546783068,
    720014.3159407577,
    725779.3089079078,
    723448.6678915803,
    719974.5140647233,
    716351.0736749782,
    719186.9097522779,
    720603.1750329481,
    721746.249524883,
    724996.6188890637,
    724549.4129149317,
    721564.3122590908,
    722008.5579967916,
    721245.6927617142,
    725070.7335325109,
    721478.0387130722,
    722509.3669563164,
    721940.5071598203,
    719733.8996084757,
    719882.45817832
  ],
  "eval_lengths": [
    10000,
    10000,
    10000,
    10000,
    10000,
    10000,
    10000,
    10000,
    10000,
    10000,
    10000,
    10000,
    10000,
    10000,
    10000,
    10000,
    10000,
    10000,
    10000,
    10000,
    10000,
    10000,
    10000,
    10000,
    10000,
    10000,
    10000,
    10000,
    10000,
    10000,
    10000,
    10000,
    10000,
    10000,
    10000,
    10000,
    10000,
    10000,
    10000,
    10000,
    10000,
    10000,
    10000,
    10000,
    10000,
    10000,
    10000,
    10000,
    10000,
    10000
  ],
  "timestamp": "2026-01-15T07:37:59.265042",
  "mean_lyapunov": 4.026778,
  "mean_lyapunov_drift": 0.00043,
  "mean_drift_l1": 0.08259886956521738,
  "mean_safe_ratio": 0.0,
  "mean_max_load_rate": 0.8625100846525431
}