{
  "config_type": "inverted_pyramid",
  "algorithm": "PPO",
  "seed": 68,
  "layer_capacities": [
    8,
    6,
    4,
    3,
    2
  ],
  "total_capacity": 23,
  "arrival_weights": [
    0.3,
    0.25,
    0.2,
    0.15,
    0.1
  ],
  "base_arrival_rate": 13.8,
  "high_load_multiplier": 5.0,
  "mean_reward": 723443.4824458228,
  "std_reward": 2738.7561591758786,
  "best_reward": 729949.5007912086,
  "worst_reward": 718494.5638452277,
  "crash_rate": 0.0,
  "completion_rate": 1.0,
  "terminated_count": 0,
  "truncated_count": 50,
  "mean_episode_length": 10000.0,
  "mean_waiting_time": 0.0,
  "mean_utilization": 0.06785716666666666,
  "training_time_minutes": 6.497033496697743,
  "eval_rewards": [
    725989.010572038,
    727281.6755277436,
    725604.9920351052,
    723101.362731388,
    718494.5638452277,
    726298.195208065,
    725331.085658055,
    720022.2993829864,
    722229.0176878695,
    725193.576436296,
    723398.6248529922,
    727725.645628779,
    719967.4959680253,
    722284.152599336,
    725719.9785465467,
    719005.0438494809,
    728780.4621834727,
    720788.0596422306,
    723943.8834904761,
    725559.3551919366,
    719185.6630030836,
    726795.2763745296,
    724536.5715460391,
    725407.2624337628,
    722249.1667946933,
    723357.1490228474,
    727401.3390930248,
    721142.6180804158,
    721742.0622532276,
    722870.4157711279,
    724462.7678301864,
    720021.9599673618,
    721776.2623866565,
    727470.2079407529,
    720821.8421742559,
    721223.7243353822,
    721825.30637265,
    719049.2889284355,
    721949.544883675,
    724153.0134494844,
    721836.2583756497,
    725685.283045797,
    722040.588338445,
    722157.4105036932,
    722472.2916904963,
    723150.9052134836,
    722999.4557129967,
    721005.1259851778,
    726717.3789545535,
    729949.5007912086
  ],
  "eval_lengths": [
    10000,
    10000,
    10000,
    10000,
    10000,
    10000,
    10000,
    10000,
    10000,
    10000,
    10000,
    10000,
    10000,
    10000,
    10000,
    10000,
    10000,
    10000,
    10000,
    10000,
    10000,
    10000,
    10000,
    10000,
    10000,
    10000,
    10000,
    10000,
    10000,
    10000,
    10000,
    10000,
    10000,
    10000,
    10000,
    10000,
    10000,
    10000,
    10000,
    10000,
    10000,
    10000,
    10000,
    10000,
    10000,
    10000,
    10000,
    10000,
    10000,
    10000
  ],
  "timestamp": "2026-01-15T06:31:52.273962",
  "mean_lyapunov": 3.318242,
  "mean_lyapunov_drift": 0.000426,
  "mean_drift_l1": 0.08117521739130432,
  "mean_safe_ratio": 0.0,
  "mean_max_load_rate": 0.8625018186330795
}