{
  "config_type": "inverted_pyramid",
  "algorithm": "PPO",
  "seed": 53,
  "layer_capacities": [
    8,
    6,
    4,
    3,
    2
  ],
  "total_capacity": 23,
  "arrival_weights": [
    0.3,
    0.25,
    0.2,
    0.15,
    0.1
  ],
  "base_arrival_rate": 13.8,
  "high_load_multiplier": 5.0,
  "mean_reward": 722494.3050616628,
  "std_reward": 2033.9675257147694,
  "best_reward": 727250.4549342395,
  "worst_reward": 718408.6985374816,
  "crash_rate": 0.0,
  "completion_rate": 1.0,
  "terminated_count": 0,
  "truncated_count": 50,
  "mean_episode_length": 10000.0,
  "mean_waiting_time": 0.0,
  "mean_utilization": 0.06822351666666666,
  "training_time_minutes": 6.588699082533519,
  "eval_rewards": [
    722716.9204134055,
    722395.920904333,
    720497.1672119058,
    724477.63721799,
    721733.2010205707,
    723027.4720628724,
    723163.8008631942,
    722850.925571358,
    724387.5412859072,
    723440.5836258556,
    722867.6087419204,
    721693.01958468,
    722361.2634545874,
    722940.6369675004,
    721850.2126868113,
    719222.3292792459,
    721477.5495303397,
    723460.820643256,
    719629.9299439753,
    724953.5510841442,
    725833.4440535532,
    723173.298954235,
    721954.2849157249,
    721815.755035963,
    723295.0310787021,
    719916.9772455972,
    724666.1147162345,
    725703.5439279034,
    727250.4549342395,
    724259.6203213662,
    725856.8200011099,
    721233.0555487835,
    720600.4138926109,
    718408.6985374816,
    720112.4726859285,
    722210.2681751545,
    721168.2796495695,
    724334.1959107845,
    724624.9868313744,
    723871.0123370758,
    723554.3753478238,
    718609.6327898493,
    720477.7247366299,
    723661.1656092587,
    721365.1071517945,
    718915.1405573613,
    720513.3900804656,
    720498.8423989235,
    725635.8021662915,
    722047.2513975009
  ],
  "eval_lengths": [
    10000,
    10000,
    10000,
    10000,
    10000,
    10000,
    10000,
    10000,
    10000,
    10000,
    10000,
    10000,
    10000,
    10000,
    10000,
    10000,
    10000,
    10000,
    10000,
    10000,
    10000,
    10000,
    10000,
    10000,
    10000,
    10000,
    10000,
    10000,
    10000,
    10000,
    10000,
    10000,
    10000,
    10000,
    10000,
    10000,
    10000,
    10000,
    10000,
    10000,
    10000,
    10000,
    10000,
    10000,
    10000,
    10000,
    10000,
    10000,
    10000,
    10000
  ],
  "timestamp": "2026-01-15T00:58:45.721266",
  "mean_lyapunov": 4.015854,
  "mean_lyapunov_drift": 0.000286,
  "mean_drift_l1": 0.0827585217391304,
  "mean_safe_ratio": 0.0,
  "mean_max_load_rate": 0.862500011920929
}