{
  "config_type": "inverted_pyramid",
  "algorithm": "PPO",
  "seed": 70,
  "layer_capacities": [
    8,
    6,
    4,
    3,
    2
  ],
  "total_capacity": 23,
  "arrival_weights": [
    0.3,
    0.25,
    0.2,
    0.15,
    0.1
  ],
  "base_arrival_rate": 13.8,
  "high_load_multiplier": 5.0,
  "mean_reward": 722433.5515955405,
  "std_reward": 2458.2453150983742,
  "best_reward": 727877.099115916,
  "worst_reward": 717143.58637408,
  "crash_rate": 0.0,
  "completion_rate": 1.0,
  "terminated_count": 0,
  "truncated_count": 50,
  "mean_episode_length": 10000.0,
  "mean_waiting_time": 0.0,
  "mean_utilization": 0.06837216666666668,
  "training_time_minutes": 6.474844622611999,
  "eval_rewards": [
    719390.545092165,
    725182.9674785259,
    722506.5588269007,
    717951.0707061602,
    720008.2068208967,
    724640.3161382086,
    725804.1419792603,
    722343.2418338133,
    721582.8745945706,
    722983.6013323851,
    723450.2383741541,
    724593.7450692548,
    718522.7850846327,
    720968.7297158453,
    720570.9756214741,
    723211.5907518093,
    721752.4404551709,
    719014.6457862046,
    726142.3012652522,
    722822.525915655,
    721815.4614560147,
    722519.2227775255,
    723895.8403325655,
    720893.0480323249,
    720719.2779675273,
    725279.3459336512,
    723008.4273937987,
    720648.2428483163,
    719965.7470239858,
    724434.6813774952,
    727877.099115916,
    722703.7841022919,
    723794.4336453209,
    721241.9893723623,
    723885.4741818344,
    726260.5932194885,
    719276.4505695867,
    717143.58637408,
    720530.0646605884,
    722624.0323133394,
    727687.0177198417,
    724946.792369247,
    724818.3375192534,
    721652.479079007,
    723180.3910313111,
    721582.0607299963,
    718322.4399069783,
    723210.785526037,
    720064.9018004836,
    724252.0685545227
  ],
  "eval_lengths": [
    10000,
    10000,
    10000,
    10000,
    10000,
    10000,
    10000,
    10000,
    10000,
    10000,
    10000,
    10000,
    10000,
    10000,
    10000,
    10000,
    10000,
    10000,
    10000,
    10000,
    10000,
    10000,
    10000,
    10000,
    10000,
    10000,
    10000,
    10000,
    10000,
    10000,
    10000,
    10000,
    10000,
    10000,
    10000,
    10000,
    10000,
    10000,
    10000,
    10000,
    10000,
    10000,
    10000,
    10000,
    10000,
    10000,
    10000,
    10000,
    10000,
    10000
  ],
  "timestamp": "2026-01-15T07:15:57.118314",
  "mean_lyapunov": 4.070282,
  "mean_lyapunov_drift": 0.000428,
  "mean_drift_l1": 0.08273252173913041,
  "mean_safe_ratio": 0.0,
  "mean_max_load_rate": 0.8625005716907979
}