{
  "config_type": "inverted_pyramid",
  "algorithm": "PPO",
  "seed": 63,
  "layer_capacities": [
    8,
    6,
    4,
    3,
    2
  ],
  "total_capacity": 23,
  "arrival_weights": [
    0.3,
    0.25,
    0.2,
    0.15,
    0.1
  ],
  "base_arrival_rate": 13.8,
  "high_load_multiplier": 5.0,
  "mean_reward": 722160.0417872703,
  "std_reward": 2721.978054826779,
  "best_reward": 729439.5996262236,
  "worst_reward": 716069.905197946,
  "crash_rate": 0.0,
  "completion_rate": 1.0,
  "terminated_count": 0,
  "truncated_count": 50,
  "mean_episode_length": 10000.0,
  "mean_waiting_time": 0.0,
  "mean_utilization": 0.06818056666666666,
  "training_time_minutes": 6.592346223195394,
  "eval_rewards": [
    722334.9706977356,
    716069.905197946,
    720075.9731882578,
    720885.2857665464,
    723582.8044602697,
    721005.751285607,
    722768.0172172495,
    725179.2030414484,
    725741.9360764455,
    720740.6248797507,
    723065.2941895359,
    721720.3727955676,
    723029.489270208,
    719843.6576654927,
    718721.9034689255,
    721838.0430537189,
    722749.1271873416,
    722980.7302252161,
    719270.1983048043,
    725816.0266689577,
    725796.8668612592,
    724812.5634914753,
    719663.0464007442,
    720334.0651269503,
    722846.152172258,
    721466.3080118938,
    723157.1852771854,
    719042.2352982227,
    718528.1535012384,
    723520.7247701522,
    721025.8559009535,
    725009.8409226247,
    729439.5996262236,
    722009.8404034192,
    723415.0006882155,
    729358.0118867842,
    722398.0845404876,
    719471.4278532907,
    721129.0390022201,
    723177.7959019906,
    718203.0900042149,
    722280.4298859077,
    720028.3134540318,
    721298.7103457272,
    725869.3932255445,
    718259.0743225208,
    724075.8481872707,
    723039.2129564557,
    717888.4053434328,
    724038.4993597922
  ],
  "eval_lengths": [
    10000,
    10000,
    10000,
    10000,
    10000,
    10000,
    10000,
    10000,
    10000,
    10000,
    10000,
    10000,
    10000,
    10000,
    10000,
    10000,
    10000,
    10000,
    10000,
    10000,
    10000,
    10000,
    10000,
    10000,
    10000,
    10000,
    10000,
    10000,
    10000,
    10000,
    10000,
    10000,
    10000,
    10000,
    10000,
    10000,
    10000,
    10000,
    10000,
    10000,
    10000,
    10000,
    10000,
    10000,
    10000,
    10000,
    10000,
    10000,
    10000,
    10000
  ],
  "timestamp": "2026-01-15T04:41:21.941079",
  "mean_lyapunov": 4.031322,
  "mean_lyapunov_drift": 0.000288,
  "mean_drift_l1": 0.08277686956521739,
  "mean_safe_ratio": 0.0,
  "mean_max_load_rate": 0.8625129030672312
}