{
  "config_type": "inverted_pyramid",
  "algorithm": "PPO",
  "seed": 43,
  "layer_capacities": [
    8,
    6,
    4,
    3,
    2
  ],
  "total_capacity": 23,
  "arrival_weights": [
    0.3,
    0.25,
    0.2,
    0.15,
    0.1
  ],
  "base_arrival_rate": 13.8,
  "high_load_multiplier": 5.0,
  "mean_reward": 722561.4110564293,
  "std_reward": 2184.467537245876,
  "best_reward": 726720.7867561845,
  "worst_reward": 715329.6212323343,
  "crash_rate": 0.0,
  "completion_rate": 1.0,
  "terminated_count": 0,
  "truncated_count": 50,
  "mean_episode_length": 10000.0,
  "mean_waiting_time": 0.0,
  "mean_utilization": 0.06812521666666665,
  "training_time_minutes": 6.584903872013092,
  "eval_rewards": [
    725401.6783085163,
    722517.8376055569,
    723568.4512326388,
    722944.4417778673,
    723309.1087912475,
    725131.0304675259,
    722688.8604492485,
    720709.9007352685,
    725194.7011139693,
    721881.7217959472,
    719430.954243357,
    718145.282830918,
    722504.2079654023,
    720263.8007990912,
    721732.4698501732,
    726484.1870863949,
    721050.6099119622,
    722708.985545009,
    720435.1334691427,
    723669.3198970213,
    715329.6212323343,
    724787.308981483,
    721773.766722108,
    726720.7867561845,
    724425.8470331789,
    725336.2556445455,
    722638.2117569845,
    720220.6072365819,
    722688.0759562841,
    722559.3643366251,
    722330.4516646882,
    722244.0501184037,
    724668.2791065739,
    724899.448385517,
    723231.5882016812,
    725320.1485877096,
    722827.8675538105,
    720738.3244428762,
    722655.0719077658,
    720225.7134239195,
    720686.7490456536,
    722873.7177805237,
    724296.4454383883,
    721792.6352349996,
    719618.531847657,
    720394.4009214023,
    724212.1429165627,
    725502.3039691953,
    721321.298760257,
    721978.8539813148
  ],
  "eval_lengths": [
    10000,
    10000,
    10000,
    10000,
    10000,
    10000,
    10000,
    10000,
    10000,
    10000,
    10000,
    10000,
    10000,
    10000,
    10000,
    10000,
    10000,
    10000,
    10000,
    10000,
    10000,
    10000,
    10000,
    10000,
    10000,
    10000,
    10000,
    10000,
    10000,
    10000,
    10000,
    10000,
    10000,
    10000,
    10000,
    10000,
    10000,
    10000,
    10000,
    10000,
    10000,
    10000,
    10000,
    10000,
    10000,
    10000,
    10000,
    10000,
    10000,
    10000
  ],
  "timestamp": "2026-01-14T21:15:16.767969",
  "mean_lyapunov": 4.059014,
  "mean_lyapunov_drift": 0.000278,
  "mean_drift_l1": 0.0827574782608696,
  "mean_safe_ratio": 0.0,
  "mean_max_load_rate": 0.86250051095891
}