{
  "config_type": "inverted_pyramid",
  "algorithm": "PPO",
  "seed": 54,
  "layer_capacities": [
    8,
    6,
    4,
    3,
    2
  ],
  "total_capacity": 23,
  "arrival_weights": [
    0.3,
    0.25,
    0.2,
    0.15,
    0.1
  ],
  "base_arrival_rate": 13.8,
  "high_load_multiplier": 5.0,
  "mean_reward": 722930.9677258242,
  "std_reward": 2100.356268596301,
  "best_reward": 728739.1599468823,
  "worst_reward": 718650.0140886884,
  "crash_rate": 0.0,
  "completion_rate": 1.0,
  "terminated_count": 0,
  "truncated_count": 50,
  "mean_episode_length": 10000.0,
  "mean_waiting_time": 0.0,
  "mean_utilization": 0.0686298,
  "training_time_minutes": 6.576256108283997,
  "eval_rewards": [
    723577.7120702387,
    723404.7390088693,
    727040.7326000463,
    722662.30744555,
    726493.901670457,
    719917.7304944575,
    725345.3584342208,
    722381.7647228998,
    722401.3477916324,
    724070.0157318775,
    721475.1145715748,
    722085.1978837528,
    721722.294543364,
    725143.4313037046,
    721010.3815039613,
    724444.783277119,
    721527.4943322123,
    725972.6660306115,
    723587.7197392706,
    723733.339174587,
    720830.3763012169,
    721389.0637820776,
    720130.525778624,
    720385.485699692,
    724934.8362518213,
    724101.4118147604,
    722682.6811664556,
    721789.4837934909,
    720475.3692539787,
    724722.7591193941,
    721570.4333289006,
    728739.1599468823,
    722101.8101472456,
    724445.2122851008,
    720407.7154567351,
    722406.3063485794,
    720565.8950130749,
    724508.8125971897,
    720337.4120837784,
    724040.972842227,
    727607.8834177231,
    723113.1638721261,
    722327.6948065278,
    718650.0140886884,
    723628.9213115044,
    721426.4494543415,
    723203.9934105846,
    722663.747762862,
    721258.7768464842,
    724103.9859787475
  ],
  "eval_lengths": [
    10000,
    10000,
    10000,
    10000,
    10000,
    10000,
    10000,
    10000,
    10000,
    10000,
    10000,
    10000,
    10000,
    10000,
    10000,
    10000,
    10000,
    10000,
    10000,
    10000,
    10000,
    10000,
    10000,
    10000,
    10000,
    10000,
    10000,
    10000,
    10000,
    10000,
    10000,
    10000,
    10000,
    10000,
    10000,
    10000,
    10000,
    10000,
    10000,
    10000,
    10000,
    10000,
    10000,
    10000,
    10000,
    10000,
    10000,
    10000,
    10000,
    10000
  ],
  "timestamp": "2026-01-15T01:20:52.342144",
  "mean_lyapunov": 4.06472,
  "mean_lyapunov_drift": 0.00046,
  "mean_drift_l1": 0.08297791304347824,
  "mean_safe_ratio": 0.0,
  "mean_max_load_rate": 0.8625014549683332
}