{
  "config_type": "inverted_pyramid",
  "algorithm": "PPO",
  "seed": 59,
  "layer_capacities": [
    8,
    6,
    4,
    3,
    2
  ],
  "total_capacity": 23,
  "arrival_weights": [
    0.3,
    0.25,
    0.2,
    0.15,
    0.1
  ],
  "base_arrival_rate": 13.8,
  "high_load_multiplier": 5.0,
  "mean_reward": 722308.304621517,
  "std_reward": 2563.2204888266933,
  "best_reward": 730293.6922238006,
  "worst_reward": 717460.7268791472,
  "crash_rate": 0.0,
  "completion_rate": 1.0,
  "terminated_count": 0,
  "truncated_count": 50,
  "mean_episode_length": 10000.0,
  "mean_waiting_time": 0.0,
  "mean_utilization": 0.06832095,
  "training_time_minutes": 6.562448926766714,
  "eval_rewards": [
    722210.518883932,
    720246.7363825181,
    721419.5411925338,
    725661.2880118017,
    724142.9041079534,
    721683.0477890553,
    721299.8574152467,
    725046.3111756128,
    722185.3510857569,
    722633.6927391279,
    722108.6409503177,
    718346.8038230005,
    722001.5254480031,
    724246.653671851,
    718258.2779533564,
    722445.8021798418,
    722837.4056787349,
    719075.9145841037,
    719785.5988376774,
    721375.1899092704,
    721488.3520566913,
    722237.929171824,
    727333.5520586628,
    719618.3004852678,
    720372.2344569599,
    726293.6372042162,
    720282.3230740196,
    730293.6922238006,
    717460.7268791472,
    725853.3845861753,
    723936.7478751004,
    724155.2209305336,
    723508.3845863683,
    726198.132958656,
    720045.513053076,
    721666.8300550517,
    723243.646172227,
    726592.9616965601,
    721052.0907383494,
    719207.8313343858,
    720529.5701245203,
    721101.3986368814,
    724382.1649598896,
    724784.1528562164,
    719889.6237924468,
    722422.0702003693,
    721655.2864544085,
    721871.441318129,
    719417.3153903668,
    721509.6539258485
  ],
  "eval_lengths": [
    10000,
    10000,
    10000,
    10000,
    10000,
    10000,
    10000,
    10000,
    10000,
    10000,
    10000,
    10000,
    10000,
    10000,
    10000,
    10000,
    10000,
    10000,
    10000,
    10000,
    10000,
    10000,
    10000,
    10000,
    10000,
    10000,
    10000,
    10000,
    10000,
    10000,
    10000,
    10000,
    10000,
    10000,
    10000,
    10000,
    10000,
    10000,
    10000,
    10000,
    10000,
    10000,
    10000,
    10000,
    10000,
    10000,
    10000,
    10000,
    10000,
    10000
  ],
  "timestamp": "2026-01-15T03:12:50.149167",
  "mean_lyapunov": 4.042782,
  "mean_lyapunov_drift": 0.00059,
  "mean_drift_l1": 0.08275504347826088,
  "mean_safe_ratio": 0.0,
  "mean_max_load_rate": 0.8625006662708521
}