{
  "config_type": "inverted_pyramid",
  "algorithm": "PPO",
  "seed": 42,
  "layer_capacities": [
    8,
    6,
    4,
    3,
    2
  ],
  "total_capacity": 23,
  "arrival_weights": [
    0.3,
    0.25,
    0.2,
    0.15,
    0.1
  ],
  "base_arrival_rate": 13.8,
  "high_load_multiplier": 5.0,
  "mean_reward": 722410.1569702795,
  "std_reward": 2412.9494832202113,
  "best_reward": 728939.0089869316,
  "worst_reward": 716878.6141392033,
  "crash_rate": 0.0,
  "completion_rate": 1.0,
  "terminated_count": 0,
  "truncated_count": 50,
  "mean_episode_length": 10000.0,
  "mean_waiting_time": 0.0,
  "mean_utilization": 0.06852371666666665,
  "training_time_minutes": 11.655038098494211,
  "eval_rewards": [
    722797.4634986277,
    724928.245957054,
    721448.2718941936,
    718875.4488045351,
    724666.9023536943,
    720261.3425787896,
    720175.9167140375,
    721813.1901818989,
    724349.3523952628,
    723190.1663542389,
    722169.0520841184,
    725301.9010616888,
    723527.1857338914,
    724561.3323763827,
    722751.3801664234,
    720911.3420856778,
    723031.2079067656,
    716878.6141392033,
    723855.9439844304,
    719865.5340801235,
    724391.159542686,
    720060.0253637615,
    719724.1253902016,
    725432.9545533685,
    724664.8535172199,
    724879.363010214,
    721141.0323790532,
    719752.0478927876,
    721182.0347656143,
    722684.6698216207,
    722906.6777890581,
    722880.9984293869,
    718370.8611540719,
    721191.7582761827,
    717823.3877585013,
    720969.3814734182,
    726592.008271598,
    728939.0089869316,
    725150.665088591,
    721159.2106708433,
    722697.4542500782,
    722922.0692307856,
    719243.9511922096,
    720828.4646702529,
    723623.3491494507,
    722827.5705107105,
    720809.3759032236,
    722679.631144071,
    722678.2693406206,
    726941.6946364244
  ],
  "eval_lengths": [
    10000,
    10000,
    10000,
    10000,
    10000,
    10000,
    10000,
    10000,
    10000,
    10000,
    10000,
    10000,
    10000,
    10000,
    10000,
    10000,
    10000,
    10000,
    10000,
    10000,
    10000,
    10000,
    10000,
    10000,
    10000,
    10000,
    10000,
    10000,
    10000,
    10000,
    10000,
    10000,
    10000,
    10000,
    10000,
    10000,
    10000,
    10000,
    10000,
    10000,
    10000,
    10000,
    10000,
    10000,
    10000,
    10000,
    10000,
    10000,
    10000,
    10000
  ],
  "timestamp": "2026-01-07T12:46:54.966832"
}