{
  "config_type": "inverted_pyramid",
  "algorithm": "PPO",
  "seed": 47,
  "layer_capacities": [
    8,
    6,
    4,
    3,
    2
  ],
  "total_capacity": 23,
  "arrival_weights": [
    0.3,
    0.25,
    0.2,
    0.15,
    0.1
  ],
  "base_arrival_rate": 13.8,
  "high_load_multiplier": 5.0,
  "mean_reward": 722658.474523627,
  "std_reward": 2297.7173097285117,
  "best_reward": 728309.3371667275,
  "worst_reward": 718220.9644899875,
  "crash_rate": 0.0,
  "completion_rate": 1.0,
  "terminated_count": 0,
  "truncated_count": 50,
  "mean_episode_length": 10000.0,
  "mean_waiting_time": 0.0,
  "mean_utilization": 0.06828393333333334,
  "training_time_minutes": 6.529528967539469,
  "eval_rewards": [
    721466.1357265476,
    721310.5700380602,
    724533.2882689822,
    720616.3962165435,
    724805.5189787403,
    722790.1092247482,
    725203.6067961518,
    722921.4820249903,
    725997.9116247678,
    720745.7552286332,
    724396.6210227497,
    721192.1596307139,
    720349.0829407295,
    720356.542666089,
    724344.9622192055,
    722749.4456965843,
    721677.152633676,
    719695.8570063938,
    720513.8849968268,
    724658.8584962407,
    718779.2633289562,
    721708.042485319,
    720064.65033327,
    723896.5230218173,
    724795.9325737671,
    721911.061755146,
    723961.7730651277,
    724449.5520670118,
    722660.92541024,
    720167.3844356566,
    722408.2026953968,
    725590.040245194,
    724434.67207372,
    720854.0333123757,
    724734.1239328095,
    724473.5885042268,
    723298.4081443778,
    719023.1619307371,
    723693.8508764817,
    726179.6139375756,
    727732.5591274293,
    722917.6400138967,
    723627.9923642445,
    719079.5082545123,
    721695.5483464171,
    721808.7540546693,
    720083.087515609,
    728309.3371667275,
    722038.1892812747,
    718220.9644899875
  ],
  "eval_lengths": [
    10000,
    10000,
    10000,
    10000,
    10000,
    10000,
    10000,
    10000,
    10000,
    10000,
    10000,
    10000,
    10000,
    10000,
    10000,
    10000,
    10000,
    10000,
    10000,
    10000,
    10000,
    10000,
    10000,
    10000,
    10000,
    10000,
    10000,
    10000,
    10000,
    10000,
    10000,
    10000,
    10000,
    10000,
    10000,
    10000,
    10000,
    10000,
    10000,
    10000,
    10000,
    10000,
    10000,
    10000,
    10000,
    10000,
    10000,
    10000,
    10000,
    10000
  ],
  "timestamp": "2026-01-14T22:43:30.749667",
  "mean_lyapunov": 4.035682,
  "mean_lyapunov_drift": 0.000494,
  "mean_drift_l1": 0.08277765217391303,
  "mean_safe_ratio": 0.0,
  "mean_max_load_rate": 0.8625029784274101
}