{
  "config_type": "inverted_pyramid",
  "algorithm": "PPO",
  "seed": 123,
  "layer_capacities": [
    8,
    6,
    4,
    3,
    2
  ],
  "total_capacity": 23,
  "arrival_weights": [
    0.3,
    0.25,
    0.2,
    0.15,
    0.1
  ],
  "base_arrival_rate": 13.8,
  "high_load_multiplier": 5.0,
  "mean_reward": 722260.4186600086,
  "std_reward": 2279.228919198759,
  "best_reward": 728735.5651936401,
  "worst_reward": 717690.7247261724,
  "crash_rate": 0.0,
  "completion_rate": 1.0,
  "terminated_count": 0,
  "truncated_count": 50,
  "mean_episode_length": 10000.0,
  "mean_waiting_time": 0.0,
  "mean_utilization": 0.06811281666666667,
  "training_time_minutes": 12.203384812672933,
  "eval_rewards": [
    722814.503099542,
    721205.9205629796,
    723280.6323328399,
    721527.1819513596,
    726492.3637630687,
    719837.4948038798,
    718392.0221746067,
    724589.7422061642,
    718507.3831477083,
    722564.6230436573,
    719575.8323179466,
    718110.4038249986,
    723502.0966454397,
    720910.6750846498,
    721508.7328540082,
    721907.6780731691,
    722536.8698777828,
    722054.3535578899,
    722090.2774711628,
    724542.9450757238,
    725034.5447590068,
    720064.3830564079,
    721586.2754748364,
    723111.3370876404,
    721047.7381257468,
    724816.7096094996,
    721880.988661804,
    720510.2728378924,
    722636.5880040572,
    723184.052394611,
    726232.8513977135,
    723671.4710939015,
    723185.6586177181,
    726229.1295816393,
    719867.9234351616,
    722492.3700543856,
    722451.4298076342,
    720654.7030129262,
    726764.0864294864,
    728735.5651936401,
    719896.9685961249,
    721054.3191436849,
    722355.6036300298,
    722380.7713341807,
    720376.8952783627,
    721410.9385831511,
    717690.7247261724,
    722479.2862386482,
    723385.3840615979,
    721880.2309042005
  ],
  "eval_lengths": [
    10000,
    10000,
    10000,
    10000,
    10000,
    10000,
    10000,
    10000,
    10000,
    10000,
    10000,
    10000,
    10000,
    10000,
    10000,
    10000,
    10000,
    10000,
    10000,
    10000,
    10000,
    10000,
    10000,
    10000,
    10000,
    10000,
    10000,
    10000,
    10000,
    10000,
    10000,
    10000,
    10000,
    10000,
    10000,
    10000,
    10000,
    10000,
    10000,
    10000,
    10000,
    10000,
    10000,
    10000,
    10000,
    10000,
    10000,
    10000,
    10000,
    10000
  ],
  "timestamp": "2026-01-07T13:21:58.109153"
}