{
  "config_type": "inverted_pyramid",
  "algorithm": "PPO",
  "seed": 44,
  "layer_capacities": [
    8,
    6,
    4,
    3,
    2
  ],
  "total_capacity": 23,
  "arrival_weights": [
    0.3,
    0.25,
    0.2,
    0.15,
    0.1
  ],
  "base_arrival_rate": 13.8,
  "high_load_multiplier": 5.0,
  "mean_reward": 723038.0711764878,
  "std_reward": 2361.6008480624732,
  "best_reward": 729855.6985004672,
  "worst_reward": 716542.9441216792,
  "crash_rate": 0.0,
  "completion_rate": 1.0,
  "terminated_count": 0,
  "truncated_count": 50,
  "mean_episode_length": 10000.0,
  "mean_waiting_time": 0.0,
  "mean_utilization": 0.068263,
  "training_time_minutes": 6.467269210020701,
  "eval_rewards": [
    722241.7355841582,
    721729.2287517024,
    723360.6105838453,
    722192.1635671702,
    722842.0548559066,
    716542.9441216792,
    722387.5684371899,
    723769.8263356396,
    729855.6985004672,
    724657.8455045171,
    723865.1993211379,
    724458.1010735137,
    723219.4775721956,
    719608.6246238976,
    721823.8177601433,
    726963.7756344519,
    721017.4071716013,
    722952.8837169025,
    723602.8977040503,
    725528.6310800314,
    724409.548423362,
    720705.3395612426,
    724844.8859553392,
    719978.2845670515,
    722479.2275914706,
    721007.4658055011,
    724013.0768274934,
    719067.4593967942,
    721965.0706609132,
    726116.3529562075,
    718915.2434659271,
    720122.8159724822,
    721906.299292653,
    721207.4907550276,
    725274.5442263228,
    724590.9553816454,
    727508.9598328356,
    725509.6019259607,
    724390.6086459876,
    726223.0219166076,
    723556.8431452999,
    723678.8001685503,
    721355.3528696491,
    722249.9079099534,
    723386.8638623069,
    722557.5293223062,
    720869.3308906578,
    722745.9106615484,
    725187.3732309771,
    723458.9017021118
  ],
  "eval_lengths": [
    10000,
    10000,
    10000,
    10000,
    10000,
    10000,
    10000,
    10000,
    10000,
    10000,
    10000,
    10000,
    10000,
    10000,
    10000,
    10000,
    10000,
    10000,
    10000,
    10000,
    10000,
    10000,
    10000,
    10000,
    10000,
    10000,
    10000,
    10000,
    10000,
    10000,
    10000,
    10000,
    10000,
    10000,
    10000,
    10000,
    10000,
    10000,
    10000,
    10000,
    10000,
    10000,
    10000,
    10000,
    10000,
    10000,
    10000,
    10000,
    10000,
    10000
  ],
  "timestamp": "2026-01-14T21:37:19.872583",
  "mean_lyapunov": 3.643048,
  "mean_lyapunov_drift": 0.000282,
  "mean_drift_l1": 0.08198895652173914,
  "mean_safe_ratio": 0.0,
  "mean_max_load_rate": 0.8625118790456057
}