{
  "config_type": "inverted_pyramid",
  "algorithm": "PPO",
  "seed": 65,
  "layer_capacities": [
    8,
    6,
    4,
    3,
    2
  ],
  "total_capacity": 23,
  "arrival_weights": [
    0.3,
    0.25,
    0.2,
    0.15,
    0.1
  ],
  "base_arrival_rate": 13.8,
  "high_load_multiplier": 5.0,
  "mean_reward": 722742.3098079877,
  "std_reward": 2511.651955637962,
  "best_reward": 728105.0679365768,
  "worst_reward": 717449.068749731,
  "crash_rate": 0.0,
  "completion_rate": 1.0,
  "terminated_count": 0,
  "truncated_count": 50,
  "mean_episode_length": 10000.0,
  "mean_waiting_time": 0.0,
  "mean_utilization": 0.06808424999999999,
  "training_time_minutes": 6.479474862416585,
  "eval_rewards": [
    720551.9848441274,
    724033.0455620765,
    719259.9704746867,
    725085.769750407,
    726192.9969523596,
    725313.6495803706,
    721576.5650619171,
    717612.8417552086,
    719612.2843423889,
    724432.6250590517,
    721786.9904313786,
    720531.7957652003,
    722101.8378745833,
    717449.068749731,
    722692.1858512735,
    728105.0679365768,
    721726.1393115425,
    718716.4607820222,
    720770.009678154,
    725513.1044182148,
    721861.173545993,
    722896.0418809634,
    724406.750771328,
    719067.150069678,
    719713.2671944951,
    721251.2582321402,
    725938.7275834667,
    722951.1986392634,
    719593.7081951865,
    720723.9885067773,
    723634.9104537673,
    722040.2166917912,
    726063.450255522,
    727257.9553745498,
    720759.3807376205,
    724685.7519107456,
    724495.7106489816,
    722150.275063701,
    727236.2987199412,
    725924.0161506884,
    722635.898727227,
    725303.1484355853,
    723503.7309238294,
    723143.3888444053,
    721908.1425020625,
    722468.6027139687,
    722417.131877642,
    724991.5670742707,
    722034.2876164303,
    722993.9668760817
  ],
  "eval_lengths": [
    10000,
    10000,
    10000,
    10000,
    10000,
    10000,
    10000,
    10000,
    10000,
    10000,
    10000,
    10000,
    10000,
    10000,
    10000,
    10000,
    10000,
    10000,
    10000,
    10000,
    10000,
    10000,
    10000,
    10000,
    10000,
    10000,
    10000,
    10000,
    10000,
    10000,
    10000,
    10000,
    10000,
    10000,
    10000,
    10000,
    10000,
    10000,
    10000,
    10000,
    10000,
    10000,
    10000,
    10000,
    10000,
    10000,
    10000,
    10000,
    10000,
    10000
  ],
  "timestamp": "2026-01-15T05:25:27.912408",
  "mean_lyapunov": 4.03748,
  "mean_lyapunov_drift": 0.0002,
  "mean_drift_l1": 0.08255686956521736,
  "mean_safe_ratio": 0.0,
  "mean_max_load_rate": 0.8625004290376902
}