{
  "config_type": "inverted_pyramid",
  "algorithm": "PPO",
  "layer_capacities": [
    8,
    6,
    4,
    3,
    2
  ],
  "total_capacity": 23,
  "arrival_weights": [
    0.3,
    0.25,
    0.2,
    0.15,
    0.1
  ],
  "base_arrival_rate": 27.6,
  "high_load_multiplier": 10.0,
  "mean_reward": 7822.993835608014,
  "std_reward": 4103.768685329602,
  "best_reward": 11621.601694158067,
  "worst_reward": -2420.1979503265366,
  "crash_rate": 0.42,
  "completion_rate": 0.58,
  "terminated_count": 21,
  "truncated_count": 29,
  "mean_episode_length": 150.6,
  "mean_waiting_time": 0.0,
  "mean_utilization": 0.249623631789613,
  "training_time_minutes": 5.6001563707987465,
  "eval_rewards": [
    -1550.9908537190724,
    11165.588206933322,
    7904.415573161259,
    5369.253840456721,
    11165.744160187875,
    11055.226745760343,
    1783.6885881401713,
    11074.243841154757,
    10414.949301094446,
    11175.486217396447,
    -16.400154099080837,
    3349.7590347544046,
    10609.634053315125,
    10713.622841841236,
    5360.02435029042,
    11062.149933991672,
    10088.155442323663,
    2292.5563366924116,
    1010.0530215483601,
    11091.318021757643,
    4465.417236561512,
    10851.293310351199,
    5381.639441400708,
    2302.280248683972,
    -2420.1979503265366,
    2989.744496536412,
    11158.10064390456,
    10972.004941319983,
    11033.956871817549,
    10809.020670479158,
    3202.877396943787,
    10540.023698842353,
    11011.775613125132,
    10956.046650955563,
    10907.211169076592,
    10948.500837344016,
    3453.2448028371264,
    4887.73244544184,
    10474.251293206584,
    9000.458293149095,
    10383.914140685672,
    9974.000104762481,
    10678.461931094611,
    10678.499691079542,
    10610.536251756934,
    10269.069526644264,
    1490.4412008302133,
    11621.601694158067,
    5825.099546854393,
    11574.207077901807
  ],
  "eval_lengths": [
    20,
    200,
    154,
    96,
    200,
    200,
    46,
    200,
    200,
    200,
    3,
    62,
    200,
    200,
    112,
    200,
    200,
    51,
    30,
    200,
    89,
    200,
    147,
    52,
    4,
    66,
    200,
    200,
    196,
    200,
    110,
    200,
    200,
    200,
    200,
    200,
    63,
    87,
    200,
    170,
    200,
    200,
    200,
    200,
    200,
    200,
    70,
    200,
    102,
    200
  ],
  "timestamp": "2026-01-02T18:38:11.128568"
}