{
  "config_type": "inverted_pyramid",
  "algorithm": "TD7",
  "layer_capacities": [
    8,
    6,
    4,
    3,
    2
  ],
  "total_capacity": 23,
  "arrival_weights": [
    0.3,
    0.25,
    0.2,
    0.15,
    0.1
  ],
  "base_arrival_rate": 27.6,
  "high_load_multiplier": 10.0,
  "mean_reward": 545491.0635827435,
  "std_reward": 2159.0076279676,
  "best_reward": 549760.2729201402,
  "worst_reward": 541679.2744511947,
  "crash_rate": 0.0,
  "completion_rate": 1.0,
  "terminated_count": 0,
  "truncated_count": 50,
  "mean_episode_length": 10000.0,
  "mean_waiting_time": 0.0,
  "mean_utilization": 0.26667015,
  "training_time_minutes": 38.450170024236044,
  "eval_rewards": [
    546323.853554133,
    549760.2729201402,
    542542.0694252735,
    544496.8887336192,
    546476.428239717,
    545430.1644126746,
    544108.8502833223,
    542099.6967642868,
    547623.9267208236,
    542489.0923073968,
    544002.3264439873,
    546222.431317288,
    544358.591067732,
    543506.9035172368,
    545853.5246363059,
    544815.9956795063,
    542483.6143906795,
    544179.0116372614,
    549696.6548417329,
    546161.1083413283,
    547821.4565065539,
    546578.3450475659,
    546142.4626914866,
    545154.9645397828,
    541985.9139529314,
    546937.485384038,
    546241.3298399678,
    545270.9785147135,
    544913.9288725123,
    549464.8502809509,
    546080.9491408753,
    545565.98817677,
    543333.3551272341,
    546215.0993014147,
    543479.8902683378,
    546210.3055357521,
    544641.2232558848,
    544858.6645425034,
    546642.319772392,
    549017.8236930788,
    549323.1687642429,
    547603.1442632157,
    542527.3705185775,
    546891.1341214778,
    543988.6520408933,
    541679.2744511947,
    549733.0160615402,
    542356.6436923774,
    544832.8444148301,
    546429.1911296275
  ],
  "eval_lengths": [
    10000,
    10000,
    10000,
    10000,
    10000,
    10000,
    10000,
    10000,
    10000,
    10000,
    10000,
    10000,
    10000,
    10000,
    10000,
    10000,
    10000,
    10000,
    10000,
    10000,
    10000,
    10000,
    10000,
    10000,
    10000,
    10000,
    10000,
    10000,
    10000,
    10000,
    10000,
    10000,
    10000,
    10000,
    10000,
    10000,
    10000,
    10000,
    10000,
    10000,
    10000,
    10000,
    10000,
    10000,
    10000,
    10000,
    10000,
    10000,
    10000,
    10000
  ],
  "timestamp": "2026-01-03T14:38:39.174813"
}