{
  "config_type": "capacity_4x5",
  "algorithm": "TD7",
  "layer_capacities": [
    4,
    4,
    4,
    4,
    4
  ],
  "total_capacity": 20,
  "arrival_weights": [
    0.3,
    0.25,
    0.2,
    0.15,
    0.1
  ],
  "base_arrival_rate": 24.0,
  "high_load_multiplier": 10.0,
  "mean_reward": 609782.7759760213,
  "std_reward": 2109.6089822585845,
  "best_reward": 617282.261646359,
  "worst_reward": 605140.9809660349,
  "crash_rate": 0.0,
  "completion_rate": 1.0,
  "terminated_count": 0,
  "truncated_count": 50,
  "mean_episode_length": 10000.0,
  "mean_waiting_time": 0.0,
  "mean_utilization": 0.18056560000000002,
  "training_time_minutes": 34.601499545574185,
  "eval_rewards": [
    608438.4584515641,
    607937.0989578349,
    612344.6277925106,
    607911.1591542213,
    611895.083740487,
    608934.5984099169,
    608428.6262287139,
    608852.5937799376,
    609846.094317021,
    608162.8782396021,
    608310.7600722464,
    605140.9809660349,
    609508.3639440794,
    608410.9699921715,
    608633.6418718278,
    611222.6135276254,
    611499.5877972839,
    608970.241369571,
    609847.1965876508,
    606133.2000917676,
    612426.2739561229,
    609185.1244563356,
    607968.4176902684,
    612316.9640870177,
    608385.9109840291,
    611832.1424262887,
    608582.4750914323,
    609776.9859661125,
    610181.0775622356,
    610720.0015692057,
    617282.261646359,
    608777.5667098116,
    612615.5436346898,
    607058.4718747291,
    610553.3273771055,
    608812.2536483604,
    609549.19790519,
    607523.4803892636,
    611419.0846004487,
    612046.3946899476,
    609474.6461961605,
    610064.7861680118,
    614471.5322310543,
    610236.8250304344,
    611785.8533244223,
    609077.2560810209,
    606710.3377517522,
    610597.9960373939,
    608992.8046610445,
    610285.0297627535
  ],
  "eval_lengths": [
    10000,
    10000,
    10000,
    10000,
    10000,
    10000,
    10000,
    10000,
    10000,
    10000,
    10000,
    10000,
    10000,
    10000,
    10000,
    10000,
    10000,
    10000,
    10000,
    10000,
    10000,
    10000,
    10000,
    10000,
    10000,
    10000,
    10000,
    10000,
    10000,
    10000,
    10000,
    10000,
    10000,
    10000,
    10000,
    10000,
    10000,
    10000,
    10000,
    10000,
    10000,
    10000,
    10000,
    10000,
    10000,
    10000,
    10000,
    10000,
    10000,
    10000
  ],
  "timestamp": "2026-01-04T21:27:59.503076"
}